Internal,External,Metric,N_pairs,Mean_diff,Wins,Losses,p_value,Significant_005,Cliffs_delta,Effect_size
DPMM-Base,scDHMap,NMI,12,-0.055026,2,10,0.995361,No,-0.3333,medium
DPMM-Base,scDHMap,ARI,12,-0.005549,6,6,0.545166,No,-0.0833,negligible
DPMM-Base,scDHMap,ASW,12,0.030778,6,6,0.366699,No,-0.1111,negligible
DPMM-Base,scDHMap,DAV,12,0.069837,7,5,0.116699,No,0.125,negligible
DPMM-Base,scDHMap,CAL,12,1116.71515,12,0,0.000244,Yes,0.9306,large
DPMM-Base,scDHMap,COR,12,1.894749,12,0,0.000244,Yes,0.9028,large
DPMM-Base,scDHMap,DRE_umap_overall_quality,12,-0.055583,2,10,0.993896,No,-0.5,large
DPMM-Base,scDHMap,DRE_umap_distance_correlation,12,-0.050337,5,7,0.898193,No,-0.375,medium
DPMM-Base,scDHMap,DRE_umap_Q_local,12,-0.092556,0,12,1.0,No,-0.8056,large
DPMM-Base,scDHMap,DRE_umap_Q_global,12,-0.023856,4,8,0.968018,No,-0.25,small
DPMM-Base,scDHMap,DRE_tsne_overall_quality,12,-0.045167,2,10,0.989502,No,-0.4306,medium
DPMM-Base,scDHMap,DRE_tsne_distance_correlation,12,-0.039204,4,8,0.898193,No,-0.2917,small
DPMM-Base,scDHMap,DRE_tsne_Q_local,12,-0.08732,1,11,0.999756,No,-0.7778,large
DPMM-Base,scDHMap,DRE_tsne_Q_global,12,-0.008977,5,7,0.688965,No,0.0,negligible
DPMM-Base,scDHMap,LSE_overall_quality,12,0.091386,10,2,0.003418,Yes,0.5139,large
DPMM-Base,scDHMap,LSE_core_quality,12,0.004577,8,4,0.101807,No,0.4306,medium
DPMM-Base,scDHMap,LSE_manifold_dimensionality,12,0.005568,7,5,0.311035,No,0.0694,negligible
DPMM-Base,scDHMap,LSE_spectral_decay_rate,12,-0.051753,2,10,0.993896,No,-0.5694,large
DPMM-Base,scDHMap,LSE_participation_ratio,12,-0.047983,4,8,0.968018,No,-0.4306,medium
DPMM-Base,scDHMap,LSE_anisotropy_score,12,-0.112477,3,9,0.98291,No,-0.5278,large
DPMM-Base,scDHMap,LSE_trajectory_directionality,12,0.216343,11,1,0.000488,Yes,0.8194,large
DPMM-Base,scDHMap,LSE_noise_resilience,12,0.292353,8,3,0.012207,Yes,0.5139,large
DPMM-Base,scDHMap,DREX_overall_quality,12,-0.084585,1,11,0.999756,No,-0.8889,large
DPMM-Base,scDHMap,DREX_trustworthiness,12,-0.090957,0,12,1.0,No,-1.0,large
DPMM-Base,scDHMap,DREX_continuity,12,-0.088978,0,12,1.0,No,-1.0,large
DPMM-Base,scDHMap,DREX_distance_spearman,12,-0.055997,4,8,0.953857,No,-0.3611,medium
DPMM-Base,scDHMap,DREX_distance_pearson,12,-0.154425,2,10,0.993896,No,-0.5278,large
DPMM-Base,scDHMap,DREX_local_scale_quality,12,-0.027185,1,11,0.999756,No,-0.9167,large
DPMM-Base,scDHMap,DREX_neighborhood_symmetry,12,-0.089967,0,12,1.0,No,-1.0,large
DPMM-Base,scDHMap,LSEX_overall_quality,12,0.025789,9,3,0.088135,No,0.4028,medium
DPMM-Base,scDHMap,LSEX_two_hop_connectivity,12,0.011665,11,1,0.003418,Yes,0.7222,large
DPMM-Base,scDHMap,LSEX_radial_concentration,12,0.083514,8,4,0.133057,No,0.3611,medium
DPMM-Base,scDHMap,LSEX_local_curvature,12,0.004677,7,5,0.259277,No,0.3333,medium
DPMM-Base,scDHMap,LSEX_entropy_stability,12,0.003301,11,1,0.003418,Yes,0.6389,large
DPMM-Base,scDHMap,SecPerEpoch,0,0.0,0,0,,No,-0.0,negligible
DPMM-Base,scDHMap,PeakGPU_MB,0,0.0,0,0,,No,-0.0,negligible
DPMM-Base,scDHMap,NumParams,0,0.0,0,0,,No,-0.0,negligible
DPMM-Base,CLEAR,NMI,12,-0.092767,1,11,0.998779,No,-0.5278,large
DPMM-Base,CLEAR,ARI,12,-0.041772,4,8,0.809814,No,-0.2639,small
DPMM-Base,CLEAR,ASW,12,0.299701,12,0,0.000244,Yes,1.0,large
DPMM-Base,CLEAR,DAV,12,2.107906,12,0,0.000244,Yes,1.0,large
DPMM-Base,CLEAR,CAL,12,1417.151086,12,0,0.000244,Yes,1.0,large
DPMM-Base,CLEAR,COR,12,-7.134413,0,12,1.0,No,-1.0,large
DPMM-Base,CLEAR,DRE_umap_overall_quality,12,0.194984,12,0,0.000244,Yes,1.0,large
DPMM-Base,CLEAR,DRE_umap_distance_correlation,12,0.304801,12,0,0.000244,Yes,1.0,large
DPMM-Base,CLEAR,DRE_umap_Q_local,12,0.154487,12,0,0.000244,Yes,0.875,large
DPMM-Base,CLEAR,DRE_umap_Q_global,12,0.125666,12,0,0.000244,Yes,1.0,large
DPMM-Base,CLEAR,DRE_tsne_overall_quality,12,0.203746,12,0,0.000244,Yes,1.0,large
DPMM-Base,CLEAR,DRE_tsne_distance_correlation,12,0.307297,12,0,0.000244,Yes,1.0,large
DPMM-Base,CLEAR,DRE_tsne_Q_local,12,0.16372,12,0,0.000244,Yes,0.9306,large
DPMM-Base,CLEAR,DRE_tsne_Q_global,12,0.140222,12,0,0.000244,Yes,1.0,large
DPMM-Base,CLEAR,LSE_overall_quality,12,0.284658,12,0,0.000244,Yes,1.0,large
DPMM-Base,CLEAR,LSE_core_quality,12,0.063965,11,1,0.000732,Yes,0.8889,large
DPMM-Base,CLEAR,LSE_manifold_dimensionality,12,0.232079,12,0,0.000244,Yes,0.9722,large
DPMM-Base,CLEAR,LSE_spectral_decay_rate,12,0.354854,12,0,0.000244,Yes,1.0,large
DPMM-Base,CLEAR,LSE_participation_ratio,12,-0.102614,2,10,0.995361,No,-0.6111,large
DPMM-Base,CLEAR,LSE_anisotropy_score,12,0.228461,10,2,0.031982,Yes,0.6528,large
DPMM-Base,CLEAR,LSE_trajectory_directionality,12,0.622189,12,0,0.000244,Yes,1.0,large
DPMM-Base,CLEAR,LSE_noise_resilience,12,0.792096,12,0,0.000244,Yes,1.0,large
DPMM-Base,CLEAR,DREX_overall_quality,12,0.0843,12,0,0.000244,Yes,0.8056,large
DPMM-Base,CLEAR,DREX_trustworthiness,12,-0.01479,2,10,0.989502,No,-0.125,negligible
DPMM-Base,CLEAR,DREX_continuity,12,-0.029017,2,10,0.999268,No,-0.4306,medium
DPMM-Base,CLEAR,DREX_distance_spearman,12,0.301559,12,0,0.000244,Yes,1.0,large
DPMM-Base,CLEAR,DREX_distance_pearson,12,0.176319,11,1,0.000488,Yes,0.75,large
DPMM-Base,CLEAR,DREX_local_scale_quality,12,0.093634,12,0,0.000244,Yes,1.0,large
DPMM-Base,CLEAR,DREX_neighborhood_symmetry,12,-0.021903,1,11,0.999268,No,-0.2917,small
DPMM-Base,CLEAR,LSEX_overall_quality,12,0.057456,9,3,0.026123,Yes,0.5278,large
DPMM-Base,CLEAR,LSEX_two_hop_connectivity,12,-0.076634,0,12,1.0,No,-1.0,large
DPMM-Base,CLEAR,LSEX_radial_concentration,12,0.23736,9,3,0.013428,Yes,0.5,large
DPMM-Base,CLEAR,LSEX_local_curvature,12,0.075977,12,0,0.000244,Yes,1.0,large
DPMM-Base,CLEAR,LSEX_entropy_stability,12,-0.006878,0,12,1.0,No,-1.0,large
DPMM-Base,CLEAR,SecPerEpoch,0,0.0,0,0,,No,-0.0,negligible
DPMM-Base,CLEAR,PeakGPU_MB,0,0.0,0,0,,No,-0.0,negligible
DPMM-Base,CLEAR,NumParams,0,0.0,0,0,,No,-0.0,negligible
DPMM-Base,scDAC,NMI,12,0.099109,11,1,0.003418,Yes,0.5556,large
DPMM-Base,scDAC,ARI,12,0.109232,10,2,0.004639,Yes,0.5972,large
DPMM-Base,scDAC,ASW,12,-0.162573,1,11,0.999512,No,-0.6944,large
DPMM-Base,scDAC,DAV,12,-0.40287,0,12,1.0,No,-0.8333,large
DPMM-Base,scDAC,CAL,12,-30612.043403,0,12,1.0,No,-0.8333,large
DPMM-Base,scDAC,COR,12,-1.620801,1,11,0.998291,No,-0.5833,large
DPMM-Base,scDAC,DRE_umap_overall_quality,12,-0.060264,2,10,0.995361,No,-0.6389,large
DPMM-Base,scDAC,DRE_umap_distance_correlation,12,-0.002515,6,6,0.454834,No,-0.0278,negligible
DPMM-Base,scDAC,DRE_umap_Q_local,12,-0.143356,0,12,1.0,No,-1.0,large
DPMM-Base,scDAC,DRE_umap_Q_global,12,-0.034921,4,8,0.97876,No,-0.5417,large
DPMM-Base,scDAC,DRE_tsne_overall_quality,12,-0.08261,1,11,0.998779,No,-0.8194,large
DPMM-Base,scDAC,DRE_tsne_distance_correlation,12,-0.037926,5,7,0.830322,No,-0.2361,small
DPMM-Base,scDAC,DRE_tsne_Q_local,12,-0.146455,0,12,1.0,No,-1.0,large
DPMM-Base,scDAC,DRE_tsne_Q_global,12,-0.063449,0,12,1.0,No,-0.9583,large
DPMM-Base,scDAC,LSE_overall_quality,12,-0.094424,1,11,0.999512,No,-0.5694,large
DPMM-Base,scDAC,LSE_core_quality,12,-0.084756,2,10,0.991943,No,-0.6944,large
DPMM-Base,scDAC,LSE_manifold_dimensionality,12,-0.031651,3,9,0.830322,No,-0.1528,small
DPMM-Base,scDAC,LSE_spectral_decay_rate,12,-0.03604,4,8,0.953857,No,-0.375,medium
DPMM-Base,scDAC,LSE_participation_ratio,12,-0.330748,2,10,0.986572,No,-0.6111,large
DPMM-Base,scDAC,LSE_anisotropy_score,12,-0.059413,5,7,0.866943,No,-0.375,medium
DPMM-Base,scDAC,LSE_trajectory_directionality,12,-0.052631,5,7,0.809814,No,-0.2917,small
DPMM-Base,scDAC,LSE_noise_resilience,12,-0.069004,2,6,0.808594,No,-0.2222,small
DPMM-Base,scDAC,DREX_overall_quality,12,0.002843,7,5,0.338623,No,0.1667,small
DPMM-Base,scDAC,DREX_trustworthiness,12,-0.086899,0,12,1.0,No,-1.0,large
DPMM-Base,scDAC,DREX_continuity,12,-0.096989,0,12,1.0,No,-1.0,large
DPMM-Base,scDAC,DREX_distance_spearman,12,-0.007821,4,8,0.545166,No,-0.1528,small
DPMM-Base,scDAC,DREX_distance_pearson,12,0.319767,11,1,0.001709,Yes,0.6944,large
DPMM-Base,scDAC,DREX_local_scale_quality,12,-0.019056,1,11,0.997559,No,-0.7778,large
DPMM-Base,scDAC,DREX_neighborhood_symmetry,12,-0.091944,0,12,1.0,No,-1.0,large
DPMM-Base,scDAC,LSEX_overall_quality,12,0.086163,11,1,0.001221,Yes,0.5556,large
DPMM-Base,scDAC,LSEX_two_hop_connectivity,12,0.033226,12,0,0.000244,Yes,1.0,large
DPMM-Base,scDAC,LSEX_radial_concentration,12,0.390023,11,1,0.001221,Yes,0.6111,large
DPMM-Base,scDAC,LSEX_local_curvature,12,-0.085361,1,11,0.999512,No,-0.9167,large
DPMM-Base,scDAC,LSEX_entropy_stability,12,0.006765,11,1,0.000488,Yes,0.7917,large
DPMM-Base,scDAC,SecPerEpoch,0,0.0,0,0,,No,-0.0,negligible
DPMM-Base,scDAC,PeakGPU_MB,0,0.0,0,0,,No,-0.0,negligible
DPMM-Base,scDAC,NumParams,0,0.0,0,0,,No,-0.0,negligible
DPMM-Base,scDeepCluster,NMI,12,0.085842,10,2,0.001221,Yes,0.5278,large
DPMM-Base,scDeepCluster,ARI,12,0.12719,11,1,0.000732,Yes,0.6667,large
DPMM-Base,scDeepCluster,ASW,12,0.18856,12,0,0.000244,Yes,1.0,large
DPMM-Base,scDeepCluster,DAV,12,0.590984,12,0,0.000244,Yes,1.0,large
DPMM-Base,scDeepCluster,CAL,12,1319.572942,12,0,0.000244,Yes,1.0,large
DPMM-Base,scDeepCluster,COR,12,2.540085,12,0,0.000244,Yes,0.9722,large
DPMM-Base,scDeepCluster,DRE_umap_overall_quality,12,0.001731,6,6,0.454834,No,-0.0139,negligible
DPMM-Base,scDeepCluster,DRE_umap_distance_correlation,12,-0.046852,3,9,0.935303,No,-0.375,medium
DPMM-Base,scDeepCluster,DRE_umap_Q_local,12,0.064157,9,3,0.008057,Yes,0.6944,large
DPMM-Base,scDeepCluster,DRE_umap_Q_global,12,-0.012111,6,6,0.740723,No,-0.0694,negligible
DPMM-Base,scDeepCluster,DRE_tsne_overall_quality,12,0.020065,8,4,0.169678,No,0.3056,small
DPMM-Base,scDeepCluster,DRE_tsne_distance_correlation,12,-0.032312,7,5,0.604492,No,-0.2778,small
DPMM-Base,scDeepCluster,DRE_tsne_Q_local,12,0.074362,10,2,0.003418,Yes,0.7083,large
DPMM-Base,scDeepCluster,DRE_tsne_Q_global,12,0.018145,8,4,0.190186,No,0.3472,medium
DPMM-Base,scDeepCluster,LSE_overall_quality,12,0.177365,12,0,0.000244,Yes,0.8889,large
DPMM-Base,scDeepCluster,LSE_core_quality,12,0.041116,10,2,0.006104,Yes,0.3611,medium
DPMM-Base,scDeepCluster,LSE_manifold_dimensionality,12,0.19948,12,0,0.000244,Yes,0.9167,large
DPMM-Base,scDeepCluster,LSE_spectral_decay_rate,12,0.063,10,2,0.001709,Yes,0.6111,large
DPMM-Base,scDeepCluster,LSE_participation_ratio,12,-0.027349,2,10,0.924316,No,-0.3194,small
DPMM-Base,scDeepCluster,LSE_anisotropy_score,12,0.070668,9,3,0.046143,Yes,0.2917,small
DPMM-Base,scDeepCluster,LSE_trajectory_directionality,12,0.091345,9,3,0.01709,Yes,0.3472,medium
DPMM-Base,scDeepCluster,LSE_noise_resilience,12,0.53573,12,0,0.000244,Yes,0.8889,large
DPMM-Base,scDeepCluster,DREX_overall_quality,12,-0.064043,1,11,0.998779,No,-0.75,large
DPMM-Base,scDeepCluster,DREX_trustworthiness,12,-0.048619,2,10,0.998779,No,-0.7778,large
DPMM-Base,scDeepCluster,DREX_continuity,12,-0.066563,0,12,1.0,No,-0.9722,large
DPMM-Base,scDeepCluster,DREX_distance_spearman,12,-0.052466,3,9,0.968018,No,-0.4306,medium
DPMM-Base,scDeepCluster,DREX_distance_pearson,12,-0.177492,3,9,0.996582,No,-0.6806,large
DPMM-Base,scDeepCluster,DREX_local_scale_quality,12,0.018473,11,1,0.000488,Yes,0.9167,large
DPMM-Base,scDeepCluster,DREX_neighborhood_symmetry,12,-0.057591,1,11,0.999756,No,-0.9444,large
DPMM-Base,scDeepCluster,LSEX_overall_quality,12,0.007329,8,4,0.338623,No,0.3333,medium
DPMM-Base,scDeepCluster,LSEX_two_hop_connectivity,12,-0.036581,0,12,1.0,No,-1.0,large
DPMM-Base,scDeepCluster,LSEX_radial_concentration,12,0.027981,8,4,0.338623,No,0.3056,small
DPMM-Base,scDeepCluster,LSEX_local_curvature,12,0.042279,12,0,0.000244,Yes,1.0,large
DPMM-Base,scDeepCluster,LSEX_entropy_stability,12,-0.004364,0,12,1.0,No,-0.9722,large
DPMM-Base,scDeepCluster,SecPerEpoch,0,0.0,0,0,,No,-0.0,negligible
DPMM-Base,scDeepCluster,PeakGPU_MB,0,0.0,0,0,,No,-0.0,negligible
DPMM-Base,scDeepCluster,NumParams,0,0.0,0,0,,No,-0.0,negligible
DPMM-Base,scGNN,NMI,12,0.182744,11,1,0.000488,Yes,0.7222,large
DPMM-Base,scGNN,ARI,12,0.208446,11,1,0.000488,Yes,0.875,large
DPMM-Base,scGNN,ASW,12,0.065806,5,7,0.454834,No,0.0556,negligible
DPMM-Base,scGNN,DAV,12,0.183033,7,5,0.075684,No,0.4861,large
DPMM-Base,scGNN,CAL,12,1246.403641,12,0,0.000244,Yes,1.0,large
DPMM-Base,scGNN,COR,12,2.196762,10,2,0.001221,Yes,0.8611,large
DPMM-Base,scGNN,DRE_umap_overall_quality,12,-0.004603,7,5,0.395508,No,0.0,negligible
DPMM-Base,scGNN,DRE_umap_distance_correlation,12,-0.022132,5,7,0.765137,No,-0.2083,small
DPMM-Base,scGNN,DRE_umap_Q_local,12,-0.005085,8,4,0.366699,No,0.0417,negligible
DPMM-Base,scGNN,DRE_umap_Q_global,12,0.013407,7,5,0.234863,No,0.1389,negligible
DPMM-Base,scGNN,DRE_tsne_overall_quality,12,-0.007114,6,6,0.661377,No,-0.0417,negligible
DPMM-Base,scGNN,DRE_tsne_distance_correlation,12,-0.017164,6,6,0.849365,No,-0.125,negligible
DPMM-Base,scGNN,DRE_tsne_Q_local,12,-0.02478,5,7,0.883301,No,-0.1944,small
DPMM-Base,scGNN,DRE_tsne_Q_global,12,0.020601,7,5,0.116699,No,0.2639,small
DPMM-Base,scGNN,LSE_overall_quality,12,0.121963,9,3,0.008057,Yes,0.6806,large
DPMM-Base,scGNN,LSE_core_quality,12,0.011256,5,7,0.574951,No,0.0833,negligible
DPMM-Base,scGNN,LSE_manifold_dimensionality,12,0.17262,12,0,0.000244,Yes,0.8472,large
DPMM-Base,scGNN,LSE_spectral_decay_rate,12,-0.003088,4,8,0.633301,No,-0.1111,negligible
DPMM-Base,scGNN,LSE_participation_ratio,12,-0.154577,2,10,0.973877,No,-0.5278,large
DPMM-Base,scGNN,LSE_anisotropy_score,12,-0.030068,5,7,0.515137,No,-0.1806,small
DPMM-Base,scGNN,LSE_trajectory_directionality,12,0.225576,12,0,0.000244,Yes,0.8611,large
DPMM-Base,scGNN,LSE_noise_resilience,12,0.41143,9,2,0.006836,Yes,0.7014,large
DPMM-Base,scGNN,DREX_overall_quality,12,-0.051795,2,10,0.998291,No,-0.5556,large
DPMM-Base,scGNN,DREX_trustworthiness,12,-0.076295,0,12,1.0,No,-0.9167,large
DPMM-Base,scGNN,DREX_continuity,12,-0.077389,0,12,1.0,No,-0.9861,large
DPMM-Base,scGNN,DREX_distance_spearman,12,-0.027593,6,6,0.740723,No,-0.25,small
DPMM-Base,scGNN,DREX_distance_pearson,12,-0.107548,3,9,0.973877,No,-0.3472,medium
DPMM-Base,scGNN,DREX_local_scale_quality,12,0.054895,10,2,0.001221,Yes,0.6806,large
DPMM-Base,scGNN,DREX_neighborhood_symmetry,12,-0.076842,0,12,1.0,No,-0.9583,large
DPMM-Base,scGNN,LSEX_overall_quality,12,0.007318,8,4,0.259277,No,0.3333,medium
DPMM-Base,scGNN,LSEX_two_hop_connectivity,12,-0.000119,8,4,0.284668,No,0.2639,small
DPMM-Base,scGNN,LSEX_radial_concentration,12,0.01109,8,4,0.338623,No,0.3333,medium
DPMM-Base,scGNN,LSEX_local_curvature,12,0.009213,6,6,0.133057,No,0.1528,small
DPMM-Base,scGNN,LSEX_entropy_stability,12,0.009086,10,2,0.002441,Yes,0.625,large
DPMM-Base,scGNN,SecPerEpoch,0,0.0,0,0,,No,-0.0,negligible
DPMM-Base,scGNN,PeakGPU_MB,0,0.0,0,0,,No,-0.0,negligible
DPMM-Base,scGNN,NumParams,0,0.0,0,0,,No,-0.0,negligible
DPMM-Base,siVAE,NMI,12,0.257239,11,1,0.000488,Yes,0.8056,large
DPMM-Base,siVAE,ARI,12,0.242595,11,1,0.000488,Yes,0.9306,large
DPMM-Base,siVAE,ASW,12,0.083137,9,3,0.038574,Yes,0.3333,medium
DPMM-Base,siVAE,DAV,12,0.161696,7,5,0.133057,No,0.375,medium
DPMM-Base,siVAE,CAL,12,589.543303,10,2,0.031982,Yes,0.5972,large
DPMM-Base,siVAE,COR,12,0.960521,8,4,0.133057,No,0.2361,small
DPMM-Base,siVAE,DRE_umap_overall_quality,12,-0.079713,0,12,1.0,No,-0.7222,large
DPMM-Base,siVAE,DRE_umap_distance_correlation,12,-0.114903,1,11,0.999756,No,-0.7222,large
DPMM-Base,siVAE,DRE_umap_Q_local,12,-0.056645,4,8,0.98291,No,-0.5278,large
DPMM-Base,siVAE,DRE_umap_Q_global,12,-0.06759,0,12,1.0,No,-0.8194,large
DPMM-Base,siVAE,DRE_tsne_overall_quality,12,-0.067533,1,11,0.999756,No,-0.625,large
DPMM-Base,siVAE,DRE_tsne_distance_correlation,12,-0.101722,2,10,0.999268,No,-0.6389,large
DPMM-Base,siVAE,DRE_tsne_Q_local,12,-0.048919,4,8,0.989502,No,-0.4861,large
DPMM-Base,siVAE,DRE_tsne_Q_global,12,-0.05196,1,11,0.999756,No,-0.6528,large
DPMM-Base,siVAE,LSE_overall_quality,12,-0.045837,2,10,0.935303,No,-0.3056,small
DPMM-Base,siVAE,LSE_core_quality,12,-0.016664,5,7,0.911865,No,-0.1944,small
DPMM-Base,siVAE,LSE_manifold_dimensionality,12,-0.046357,2,10,0.924316,No,-0.5,large
DPMM-Base,siVAE,LSE_spectral_decay_rate,12,-0.062521,2,10,0.924316,No,-0.5972,large
DPMM-Base,siVAE,LSE_participation_ratio,12,0.006883,8,4,0.311035,No,0.2917,small
DPMM-Base,siVAE,LSE_anisotropy_score,12,-0.03534,4,8,0.866943,No,-0.1806,small
DPMM-Base,siVAE,LSE_trajectory_directionality,12,-0.148813,2,10,0.935303,No,-0.5417,large
DPMM-Base,siVAE,LSE_noise_resilience,12,-0.07235,2,7,0.820312,No,-0.3472,medium
DPMM-Base,siVAE,DREX_overall_quality,12,-0.097577,1,11,0.999756,No,-0.9028,large
DPMM-Base,siVAE,DREX_trustworthiness,12,-0.079472,0,12,1.0,No,-0.9583,large
DPMM-Base,siVAE,DREX_continuity,12,-0.089017,0,12,1.0,No,-1.0,large
DPMM-Base,siVAE,DREX_distance_spearman,12,-0.120983,2,10,0.997559,No,-0.7639,large
DPMM-Base,siVAE,DREX_distance_pearson,12,-0.205264,1,11,0.999268,No,-0.7361,large
DPMM-Base,siVAE,DREX_local_scale_quality,12,-0.006484,5,7,0.788086,No,-0.1528,small
DPMM-Base,siVAE,DREX_neighborhood_symmetry,12,-0.084244,0,12,1.0,No,-0.9861,large
DPMM-Base,siVAE,LSEX_overall_quality,12,-0.03754,3,9,0.961426,No,-0.3056,small
DPMM-Base,siVAE,LSEX_two_hop_connectivity,12,0.001551,6,6,0.425049,No,0.0417,negligible
DPMM-Base,siVAE,LSEX_radial_concentration,12,-0.157662,3,9,0.953857,No,-0.2917,small
DPMM-Base,siVAE,LSEX_local_curvature,12,0.007445,8,4,0.116699,No,0.3889,medium
DPMM-Base,siVAE,LSEX_entropy_stability,12,-0.001494,2,10,0.996582,No,-0.3611,medium
DPMM-Base,siVAE,SecPerEpoch,0,0.0,0,0,,No,-0.0,negligible
DPMM-Base,siVAE,PeakGPU_MB,0,0.0,0,0,,No,-0.0,negligible
DPMM-Base,siVAE,NumParams,0,0.0,0,0,,No,-0.0,negligible
DPMM-Base,scSMD,NMI,12,0.323411,12,0,0.000244,Yes,0.8611,large
DPMM-Base,scSMD,ARI,12,0.270671,12,0,0.000244,Yes,0.9722,large
DPMM-Base,scSMD,ASW,12,0.064964,7,5,0.150635,No,0.1667,small
DPMM-Base,scSMD,DAV,12,0.056348,7,5,0.234863,No,0.0833,negligible
DPMM-Base,scSMD,CAL,12,347.69948,8,4,0.133057,No,0.4028,medium
DPMM-Base,scSMD,COR,12,-0.831413,3,9,0.953857,No,-0.3472,medium
DPMM-Base,scSMD,DRE_umap_overall_quality,12,-0.094204,0,12,1.0,No,-0.875,large
DPMM-Base,scSMD,DRE_umap_distance_correlation,12,-0.119655,2,10,0.999268,No,-0.7639,large
DPMM-Base,scSMD,DRE_umap_Q_local,12,-0.090018,1,11,0.999512,No,-0.7917,large
DPMM-Base,scSMD,DRE_umap_Q_global,12,-0.07294,0,12,1.0,No,-0.9306,large
DPMM-Base,scSMD,DRE_tsne_overall_quality,12,-0.099737,0,12,1.0,No,-0.9306,large
DPMM-Base,scSMD,DRE_tsne_distance_correlation,12,-0.135086,1,11,0.999756,No,-0.8611,large
DPMM-Base,scSMD,DRE_tsne_Q_local,12,-0.083956,2,10,0.998779,No,-0.75,large
DPMM-Base,scSMD,DRE_tsne_Q_global,12,-0.08017,0,12,1.0,No,-1.0,large
DPMM-Base,scSMD,LSE_overall_quality,12,-0.088218,0,12,1.0,No,-0.5833,large
DPMM-Base,scSMD,LSE_core_quality,12,-0.02852,2,10,0.993896,No,-0.3889,medium
DPMM-Base,scSMD,LSE_manifold_dimensionality,12,-0.087257,2,10,0.991943,No,-0.6389,large
DPMM-Base,scSMD,LSE_spectral_decay_rate,12,-0.084759,2,10,0.993896,No,-0.6667,large
DPMM-Base,scSMD,LSE_participation_ratio,12,0.03119,8,4,0.150635,No,0.3194,small
DPMM-Base,scSMD,LSE_anisotropy_score,12,-0.026747,5,7,0.765137,No,-0.2361,small
DPMM-Base,scSMD,LSE_trajectory_directionality,12,-0.183346,2,10,0.98291,No,-0.5972,large
DPMM-Base,scSMD,LSE_noise_resilience,12,-0.18469,0,7,1.0,No,-0.5208,large
DPMM-Base,scSMD,DREX_overall_quality,12,-0.085168,0,12,1.0,No,-0.875,large
DPMM-Base,scSMD,DREX_trustworthiness,12,-0.082923,0,12,1.0,No,-1.0,large
DPMM-Base,scSMD,DREX_continuity,12,-0.091762,0,12,1.0,No,-1.0,large
DPMM-Base,scSMD,DREX_distance_spearman,12,-0.125777,0,12,1.0,No,-0.9028,large
DPMM-Base,scSMD,DREX_distance_pearson,12,-0.131329,1,11,0.996582,No,-0.5139,large
DPMM-Base,scSMD,DREX_local_scale_quality,12,0.008125,10,2,0.008057,Yes,0.5556,large
DPMM-Base,scSMD,DREX_neighborhood_symmetry,12,-0.087342,0,12,1.0,No,-1.0,large
DPMM-Base,scSMD,LSEX_overall_quality,12,-0.036471,3,9,0.953857,No,-0.375,medium
DPMM-Base,scSMD,LSEX_two_hop_connectivity,12,0.009658,9,3,0.046143,Yes,0.4583,medium
DPMM-Base,scSMD,LSEX_radial_concentration,12,-0.148881,3,9,0.953857,No,-0.375,medium
DPMM-Base,scSMD,LSEX_local_curvature,12,-0.006262,4,8,0.740723,No,-0.0972,negligible
DPMM-Base,scSMD,LSEX_entropy_stability,12,-0.0004,4,8,0.788086,No,-0.1528,small
DPMM-Base,scSMD,SecPerEpoch,0,0.0,0,0,,No,-0.0,negligible
DPMM-Base,scSMD,PeakGPU_MB,0,0.0,0,0,,No,-0.0,negligible
DPMM-Base,scSMD,NumParams,0,0.0,0,0,,No,-0.0,negligible
DPMM-Base,scDiffusion,NMI,12,0.376435,12,0,0.000244,Yes,0.8889,large
DPMM-Base,scDiffusion,ARI,12,0.306897,12,0,0.000244,Yes,1.0,large
DPMM-Base,scDiffusion,ASW,12,0.223752,12,0,0.000244,Yes,1.0,large
DPMM-Base,scDiffusion,DAV,12,0.635048,12,0,0.000244,Yes,1.0,large
DPMM-Base,scDiffusion,CAL,12,1352.168897,12,0,0.000244,Yes,1.0,large
DPMM-Base,scDiffusion,COR,12,3.872158,12,0,0.000244,Yes,1.0,large
DPMM-Base,scDiffusion,DRE_umap_overall_quality,12,0.023273,8,4,0.190186,No,0.1944,small
DPMM-Base,scDiffusion,DRE_umap_distance_correlation,12,-0.009612,7,5,0.545166,No,-0.0833,negligible
DPMM-Base,scDiffusion,DRE_umap_Q_local,12,0.084745,9,3,0.003418,Yes,0.7222,large
DPMM-Base,scDiffusion,DRE_umap_Q_global,12,-0.005313,8,4,0.515137,No,-0.1111,negligible
DPMM-Base,scDiffusion,DRE_tsne_overall_quality,12,0.077359,9,3,0.006104,Yes,0.6667,large
DPMM-Base,scDiffusion,DRE_tsne_distance_correlation,12,0.032563,9,3,0.150635,No,0.2222,small
DPMM-Base,scDiffusion,DRE_tsne_Q_local,12,0.147099,11,1,0.000488,Yes,0.8889,large
DPMM-Base,scDiffusion,DRE_tsne_Q_global,12,0.052414,9,3,0.006104,Yes,0.6111,large
DPMM-Base,scDiffusion,LSE_overall_quality,12,0.164515,12,0,0.000244,Yes,0.8611,large
DPMM-Base,scDiffusion,LSE_core_quality,12,0.026543,9,3,0.038574,Yes,0.3194,small
DPMM-Base,scDiffusion,LSE_manifold_dimensionality,12,0.217109,12,0,0.000244,Yes,0.9583,large
DPMM-Base,scDiffusion,LSE_spectral_decay_rate,12,0.092695,12,0,0.000244,Yes,0.7639,large
DPMM-Base,scDiffusion,LSE_participation_ratio,12,-0.129484,2,10,0.998291,No,-0.5833,large
DPMM-Base,scDiffusion,LSE_anisotropy_score,12,0.074147,8,4,0.075684,No,0.3333,medium
DPMM-Base,scDiffusion,LSE_trajectory_directionality,12,0.229163,11,1,0.000488,Yes,0.7778,large
DPMM-Base,scDiffusion,LSE_noise_resilience,12,0.529665,12,0,0.000244,Yes,0.9167,large
DPMM-Base,scDiffusion,DREX_overall_quality,12,-0.038579,3,9,0.953857,No,-0.4583,medium
DPMM-Base,scDiffusion,DREX_trustworthiness,12,-0.021967,7,5,0.715332,No,-0.1528,small
DPMM-Base,scDiffusion,DREX_continuity,12,-0.050876,1,11,0.999756,No,-0.75,large
DPMM-Base,scDiffusion,DREX_distance_spearman,12,-0.014971,5,7,0.688965,No,-0.1528,small
DPMM-Base,scDiffusion,DREX_distance_pearson,12,-0.139986,4,8,0.973877,No,-0.5278,large
DPMM-Base,scDiffusion,DREX_local_scale_quality,12,0.032747,12,0,0.000244,Yes,1.0,large
DPMM-Base,scDiffusion,DREX_neighborhood_symmetry,12,-0.036422,4,8,0.968018,No,-0.5139,large
DPMM-Base,scDiffusion,LSEX_overall_quality,12,0.007945,8,4,0.284668,No,0.3333,medium
DPMM-Base,scDiffusion,LSEX_two_hop_connectivity,12,-0.053014,0,12,1.0,No,-1.0,large
DPMM-Base,scDiffusion,LSEX_radial_concentration,12,0.029364,8,4,0.338623,No,0.3333,medium
DPMM-Base,scDiffusion,LSEX_local_curvature,12,0.061411,12,0,0.000244,Yes,1.0,large
DPMM-Base,scDiffusion,LSEX_entropy_stability,12,-0.005982,0,12,1.0,No,-1.0,large
DPMM-Base,scDiffusion,SecPerEpoch,0,0.0,0,0,,No,-0.0,negligible
DPMM-Base,scDiffusion,PeakGPU_MB,0,0.0,0,0,,No,-0.0,negligible
DPMM-Base,scDiffusion,NumParams,0,0.0,0,0,,No,-0.0,negligible
DPMM-Base,CellBLAST,NMI,12,0.35496,12,0,0.000244,Yes,0.875,large
DPMM-Base,CellBLAST,ARI,12,0.291031,12,0,0.000244,Yes,0.9861,large
DPMM-Base,CellBLAST,ASW,12,0.293782,12,0,0.000244,Yes,1.0,large
DPMM-Base,CellBLAST,DAV,12,1.089987,12,0,0.000244,Yes,1.0,large
DPMM-Base,CellBLAST,CAL,12,1401.843332,12,0,0.000244,Yes,1.0,large
DPMM-Base,CellBLAST,COR,12,4.809474,12,0,0.000244,Yes,1.0,large
DPMM-Base,CellBLAST,DRE_umap_overall_quality,12,0.189071,12,0,0.000244,Yes,1.0,large
DPMM-Base,CellBLAST,DRE_umap_distance_correlation,12,0.236731,12,0,0.000244,Yes,1.0,large
DPMM-Base,CellBLAST,DRE_umap_Q_local,12,0.240395,12,0,0.000244,Yes,1.0,large
DPMM-Base,CellBLAST,DRE_umap_Q_global,12,0.090087,12,0,0.000244,Yes,0.9583,large
DPMM-Base,CellBLAST,DRE_tsne_overall_quality,12,0.230624,12,0,0.000244,Yes,1.0,large
DPMM-Base,CellBLAST,DRE_tsne_distance_correlation,12,0.234564,12,0,0.000244,Yes,1.0,large
DPMM-Base,CellBLAST,DRE_tsne_Q_local,12,0.308056,12,0,0.000244,Yes,1.0,large
DPMM-Base,CellBLAST,DRE_tsne_Q_global,12,0.149252,12,0,0.000244,Yes,1.0,large
DPMM-Base,CellBLAST,LSE_overall_quality,12,0.19784,11,1,0.000732,Yes,0.9306,large
DPMM-Base,CellBLAST,LSE_core_quality,12,-0.017707,2,10,0.898193,No,-0.3889,medium
DPMM-Base,CellBLAST,LSE_manifold_dimensionality,12,0.346828,12,0,0.000244,Yes,1.0,large
DPMM-Base,CellBLAST,LSE_spectral_decay_rate,12,0.260393,12,0,0.000244,Yes,1.0,large
DPMM-Base,CellBLAST,LSE_participation_ratio,12,-0.371866,2,10,0.996582,No,-0.75,large
DPMM-Base,CellBLAST,LSE_anisotropy_score,12,0.306184,10,2,0.026123,Yes,0.6944,large
DPMM-Base,CellBLAST,LSE_trajectory_directionality,12,0.439253,12,0,0.000244,Yes,1.0,large
DPMM-Base,CellBLAST,LSE_noise_resilience,12,0.737878,12,0,0.000244,Yes,1.0,large
DPMM-Base,CellBLAST,DREX_overall_quality,12,0.091108,10,2,0.001221,Yes,0.8611,large
DPMM-Base,CellBLAST,DREX_trustworthiness,12,0.085198,11,1,0.000732,Yes,0.8056,large
DPMM-Base,CellBLAST,DREX_continuity,12,0.024373,9,3,0.075684,No,0.5556,large
DPMM-Base,CellBLAST,DREX_distance_spearman,12,0.233034,12,0,0.000244,Yes,1.0,large
DPMM-Base,CellBLAST,DREX_distance_pearson,12,0.094995,9,3,0.046143,Yes,0.3194,small
DPMM-Base,CellBLAST,DREX_local_scale_quality,12,0.054266,12,0,0.000244,Yes,1.0,large
DPMM-Base,CellBLAST,DREX_neighborhood_symmetry,12,0.054785,10,2,0.004639,Yes,0.7222,large
DPMM-Base,CellBLAST,LSEX_overall_quality,12,0.01357,8,4,0.259277,No,0.3333,medium
DPMM-Base,CellBLAST,LSEX_two_hop_connectivity,12,-0.095848,0,12,1.0,No,-1.0,large
DPMM-Base,CellBLAST,LSEX_radial_concentration,12,0.075377,8,4,0.190186,No,0.3333,medium
DPMM-Base,CellBLAST,LSEX_local_curvature,12,0.081736,12,0,0.000244,Yes,1.0,large
DPMM-Base,CellBLAST,LSEX_entropy_stability,12,-0.006985,0,12,1.0,No,-1.0,large
DPMM-Base,CellBLAST,SecPerEpoch,0,0.0,0,0,,No,-0.0,negligible
DPMM-Base,CellBLAST,PeakGPU_MB,0,0.0,0,0,,No,-0.0,negligible
DPMM-Base,CellBLAST,NumParams,0,0.0,0,0,,No,-0.0,negligible
DPMM-Base,SCALEX,NMI,12,0.376543,12,0,0.000244,Yes,0.9167,large
DPMM-Base,SCALEX,ARI,12,0.282263,12,0,0.000244,Yes,0.9167,large
DPMM-Base,SCALEX,ASW,12,0.308611,12,0,0.000244,Yes,1.0,large
DPMM-Base,SCALEX,DAV,12,1.088315,12,0,0.000244,Yes,1.0,large
DPMM-Base,SCALEX,CAL,12,1408.121379,12,0,0.000244,Yes,1.0,large
DPMM-Base,SCALEX,COR,12,5.050085,12,0,0.000244,Yes,1.0,large
DPMM-Base,SCALEX,DRE_umap_overall_quality,12,0.286696,12,0,0.000244,Yes,1.0,large
DPMM-Base,SCALEX,DRE_umap_distance_correlation,12,0.409565,12,0,0.000244,Yes,1.0,large
DPMM-Base,SCALEX,DRE_umap_Q_local,12,0.301198,12,0,0.000244,Yes,1.0,large
DPMM-Base,SCALEX,DRE_umap_Q_global,12,0.149325,12,0,0.000244,Yes,1.0,large
DPMM-Base,SCALEX,DRE_tsne_overall_quality,12,0.280141,12,0,0.000244,Yes,1.0,large
DPMM-Base,SCALEX,DRE_tsne_distance_correlation,12,0.297274,12,0,0.000244,Yes,1.0,large
DPMM-Base,SCALEX,DRE_tsne_Q_local,12,0.355425,12,0,0.000244,Yes,1.0,large
DPMM-Base,SCALEX,DRE_tsne_Q_global,12,0.187723,12,0,0.000244,Yes,1.0,large
DPMM-Base,SCALEX,LSE_overall_quality,12,0.208211,10,2,0.001221,Yes,0.8056,large
DPMM-Base,SCALEX,LSE_core_quality,12,-0.013064,2,10,0.898193,No,-0.3889,medium
DPMM-Base,SCALEX,LSE_manifold_dimensionality,12,0.447958,12,0,0.000244,Yes,1.0,large
DPMM-Base,SCALEX,LSE_spectral_decay_rate,12,0.302224,12,0,0.000244,Yes,1.0,large
DPMM-Base,SCALEX,LSE_participation_ratio,12,-0.454073,2,10,0.968018,No,-0.6806,large
DPMM-Base,SCALEX,LSE_anisotropy_score,12,0.348366,10,2,0.026123,Yes,0.6667,large
DPMM-Base,SCALEX,LSE_trajectory_directionality,12,0.522545,12,0,0.000244,Yes,1.0,large
DPMM-Base,SCALEX,LSE_noise_resilience,12,0.760934,12,0,0.000244,Yes,1.0,large
DPMM-Base,SCALEX,DREX_overall_quality,12,0.175581,12,0,0.000244,Yes,1.0,large
DPMM-Base,SCALEX,DREX_trustworthiness,12,0.136603,12,0,0.000244,Yes,0.9583,large
DPMM-Base,SCALEX,DREX_continuity,12,0.063548,10,2,0.002441,Yes,0.6667,large
DPMM-Base,SCALEX,DREX_distance_spearman,12,0.407052,12,0,0.000244,Yes,1.0,large
DPMM-Base,SCALEX,DREX_distance_pearson,12,0.287028,11,1,0.000488,Yes,0.9722,large
DPMM-Base,SCALEX,DREX_local_scale_quality,12,0.059178,12,0,0.000244,Yes,1.0,large
DPMM-Base,SCALEX,DREX_neighborhood_symmetry,12,0.100075,11,1,0.000488,Yes,0.8472,large
DPMM-Base,SCALEX,LSEX_overall_quality,12,0.001532,8,4,0.366699,No,0.2917,small
DPMM-Base,SCALEX,LSEX_two_hop_connectivity,12,-0.096613,0,12,1.0,No,-1.0,large
DPMM-Base,SCALEX,LSEX_radial_concentration,12,0.027587,8,4,0.366699,No,0.2917,small
DPMM-Base,SCALEX,LSEX_local_curvature,12,0.082157,12,0,0.000244,Yes,1.0,large
DPMM-Base,SCALEX,LSEX_entropy_stability,12,-0.007004,0,12,1.0,No,-1.0,large
DPMM-Base,SCALEX,SecPerEpoch,0,0.0,0,0,,No,-0.0,negligible
DPMM-Base,SCALEX,PeakGPU_MB,0,0.0,0,0,,No,-0.0,negligible
DPMM-Base,SCALEX,NumParams,0,0.0,0,0,,No,-0.0,negligible
DPMM-Base,GMVAE,NMI,12,0.382479,12,0,0.000244,Yes,0.9167,large
DPMM-Base,GMVAE,ARI,12,0.309304,12,0,0.000244,Yes,1.0,large
DPMM-Base,GMVAE,ASW,12,0.333279,12,0,0.000244,Yes,1.0,large
DPMM-Base,GMVAE,DAV,12,1.898197,12,0,0.000244,Yes,1.0,large
DPMM-Base,GMVAE,CAL,12,1420.080398,12,0,0.000244,Yes,1.0,large
DPMM-Base,GMVAE,COR,12,5.073203,12,0,0.000244,Yes,1.0,large
DPMM-Base,GMVAE,DRE_umap_overall_quality,12,0.378264,12,0,0.000244,Yes,1.0,large
DPMM-Base,GMVAE,DRE_umap_distance_correlation,12,0.54286,12,0,0.000244,Yes,1.0,large
DPMM-Base,GMVAE,DRE_umap_Q_local,12,0.384534,12,0,0.000244,Yes,1.0,large
DPMM-Base,GMVAE,DRE_umap_Q_global,12,0.207398,12,0,0.000244,Yes,1.0,large
DPMM-Base,GMVAE,DRE_tsne_overall_quality,12,0.368258,12,0,0.000244,Yes,1.0,large
DPMM-Base,GMVAE,DRE_tsne_distance_correlation,12,0.446879,12,0,0.000244,Yes,1.0,large
DPMM-Base,GMVAE,DRE_tsne_Q_local,12,0.415163,12,0,0.000244,Yes,1.0,large
DPMM-Base,GMVAE,DRE_tsne_Q_global,12,0.242731,12,0,0.000244,Yes,1.0,large
DPMM-Base,GMVAE,LSE_overall_quality,12,0.22694,12,0,0.000244,Yes,0.9444,large
DPMM-Base,GMVAE,LSE_core_quality,12,-0.003085,2,10,0.898193,No,-0.3889,medium
DPMM-Base,GMVAE,LSE_manifold_dimensionality,12,0.529569,12,0,0.000244,Yes,1.0,large
DPMM-Base,GMVAE,LSE_spectral_decay_rate,12,0.355177,12,0,0.000244,Yes,1.0,large
DPMM-Base,GMVAE,LSE_participation_ratio,12,-0.512195,2,10,0.989502,No,-0.6667,large
DPMM-Base,GMVAE,LSE_anisotropy_score,12,0.384891,10,2,0.02124,Yes,0.6667,large
DPMM-Base,GMVAE,LSE_trajectory_directionality,12,0.621451,12,0,0.000244,Yes,1.0,large
DPMM-Base,GMVAE,LSE_noise_resilience,12,0.791124,12,0,0.000244,Yes,1.0,large
DPMM-Base,GMVAE,DREX_overall_quality,12,0.261284,12,0,0.000244,Yes,1.0,large
DPMM-Base,GMVAE,DREX_trustworthiness,12,0.203025,12,0,0.000244,Yes,1.0,large
DPMM-Base,GMVAE,DREX_continuity,12,0.152067,12,0,0.000244,Yes,1.0,large
DPMM-Base,GMVAE,DREX_distance_spearman,12,0.54125,12,0,0.000244,Yes,1.0,large
DPMM-Base,GMVAE,DREX_distance_pearson,12,0.414752,12,0,0.000244,Yes,1.0,large
DPMM-Base,GMVAE,DREX_local_scale_quality,12,0.079062,12,0,0.000244,Yes,1.0,large
DPMM-Base,GMVAE,DREX_neighborhood_symmetry,12,0.177546,12,0,0.000244,Yes,1.0,large
DPMM-Base,GMVAE,LSEX_overall_quality,12,0.027606,9,3,0.075684,No,0.4306,medium
DPMM-Base,GMVAE,LSEX_two_hop_connectivity,12,-0.15302,0,12,1.0,No,-1.0,large
DPMM-Base,GMVAE,LSEX_radial_concentration,12,0.168052,9,3,0.038574,Yes,0.5,large
DPMM-Base,GMVAE,LSEX_local_curvature,12,0.103161,12,0,0.000244,Yes,1.0,large
DPMM-Base,GMVAE,LSEX_entropy_stability,12,-0.00777,0,12,1.0,No,-1.0,large
DPMM-Base,GMVAE,SecPerEpoch,0,0.0,0,0,,No,-0.0,negligible
DPMM-Base,GMVAE,PeakGPU_MB,0,0.0,0,0,,No,-0.0,negligible
DPMM-Base,GMVAE,NumParams,0,0.0,0,0,,No,-0.0,negligible
DPMM-Transformer,scDHMap,NMI,12,-0.085409,2,10,0.998779,No,-0.7639,large
DPMM-Transformer,scDHMap,ARI,12,-0.075364,3,9,0.993896,No,-0.4722,medium
DPMM-Transformer,scDHMap,ASW,12,-0.054271,2,10,0.986572,No,-0.5417,large
DPMM-Transformer,scDHMap,DAV,12,-0.091022,4,8,0.898193,No,-0.375,medium
DPMM-Transformer,scDHMap,CAL,12,3463919.02887,10,2,0.010498,Yes,0.4167,medium
DPMM-Transformer,scDHMap,COR,12,1.204106,11,1,0.008057,Yes,0.625,large
DPMM-Transformer,scDHMap,DRE_umap_overall_quality,12,0.009097,6,6,0.234863,No,0.1528,small
DPMM-Transformer,scDHMap,DRE_umap_distance_correlation,12,0.037558,9,3,0.088135,No,0.2778,small
DPMM-Transformer,scDHMap,DRE_umap_Q_local,12,-0.032663,5,7,0.849365,No,-0.2361,small
DPMM-Transformer,scDHMap,DRE_umap_Q_global,12,0.022395,9,3,0.075684,No,0.3194,small
DPMM-Transformer,scDHMap,DRE_tsne_overall_quality,12,0.007831,8,4,0.116699,No,0.2361,small
DPMM-Transformer,scDHMap,DRE_tsne_distance_correlation,12,0.044313,10,2,0.038574,Yes,0.3056,small
DPMM-Transformer,scDHMap,DRE_tsne_Q_local,12,-0.05062,3,9,0.973877,No,-0.4306,medium
DPMM-Transformer,scDHMap,DRE_tsne_Q_global,12,0.0298,10,2,0.031982,Yes,0.375,medium
DPMM-Transformer,scDHMap,LSE_overall_quality,12,0.152368,12,0,0.000244,Yes,0.7917,large
DPMM-Transformer,scDHMap,LSE_core_quality,12,0.005991,5,7,0.454834,No,0.0694,negligible
DPMM-Transformer,scDHMap,LSE_manifold_dimensionality,12,-0.061336,2,10,0.989502,No,-0.4861,large
DPMM-Transformer,scDHMap,LSE_spectral_decay_rate,12,-0.042068,4,8,0.953857,No,-0.4583,medium
DPMM-Transformer,scDHMap,LSE_participation_ratio,12,0.040044,6,6,0.366699,No,0.0972,negligible
DPMM-Transformer,scDHMap,LSE_anisotropy_score,12,-0.087325,3,9,0.989502,No,-0.5556,large
DPMM-Transformer,scDHMap,LSE_trajectory_directionality,12,0.356108,12,0,0.000244,Yes,0.9861,large
DPMM-Transformer,scDHMap,LSE_noise_resilience,12,0.449293,10,0,0.000977,Yes,0.7639,large
DPMM-Transformer,scDHMap,DREX_overall_quality,12,-0.117622,0,12,1.0,No,-0.9722,large
DPMM-Transformer,scDHMap,DREX_trustworthiness,12,-0.108079,0,12,1.0,No,-1.0,large
DPMM-Transformer,scDHMap,DREX_continuity,12,-0.116762,0,12,1.0,No,-1.0,large
DPMM-Transformer,scDHMap,DREX_distance_spearman,12,-0.148942,2,10,0.998779,No,-0.6389,large
DPMM-Transformer,scDHMap,DREX_distance_pearson,12,-0.19406,1,11,0.999756,No,-0.7778,large
DPMM-Transformer,scDHMap,DREX_local_scale_quality,12,-0.025468,1,11,0.999512,No,-0.8194,large
DPMM-Transformer,scDHMap,DREX_neighborhood_symmetry,12,-0.112421,0,12,1.0,No,-1.0,large
DPMM-Transformer,scDHMap,LSEX_overall_quality,12,0.028149,10,2,0.013428,Yes,0.6806,large
DPMM-Transformer,scDHMap,LSEX_two_hop_connectivity,12,0.009655,9,3,0.046143,Yes,0.3472,medium
DPMM-Transformer,scDHMap,LSEX_radial_concentration,12,0.102738,10,2,0.026123,Yes,0.6528,large
DPMM-Transformer,scDHMap,LSEX_local_curvature,12,-0.005075,5,7,0.715332,No,-0.0833,negligible
DPMM-Transformer,scDHMap,LSEX_entropy_stability,12,0.00528,12,0,0.000244,Yes,0.8194,large
DPMM-Transformer,scDHMap,SecPerEpoch,0,0.0,0,0,,No,-0.0,negligible
DPMM-Transformer,scDHMap,PeakGPU_MB,0,0.0,0,0,,No,-0.0,negligible
DPMM-Transformer,scDHMap,NumParams,0,0.0,0,0,,No,-0.0,negligible
DPMM-Transformer,CLEAR,NMI,12,-0.12315,2,10,0.999268,No,-0.8194,large
DPMM-Transformer,CLEAR,ARI,12,-0.111587,1,11,0.999512,No,-0.5417,large
DPMM-Transformer,CLEAR,ASW,12,0.214652,12,0,0.000244,Yes,1.0,large
DPMM-Transformer,CLEAR,DAV,12,1.947047,12,0,0.000244,Yes,1.0,large
DPMM-Transformer,CLEAR,CAL,12,3464219.464806,12,0,0.000244,Yes,1.0,large
DPMM-Transformer,CLEAR,COR,12,-7.825056,0,12,1.0,No,-1.0,large
DPMM-Transformer,CLEAR,DRE_umap_overall_quality,12,0.259664,12,0,0.000244,Yes,1.0,large
DPMM-Transformer,CLEAR,DRE_umap_distance_correlation,12,0.392696,12,0,0.000244,Yes,1.0,large
DPMM-Transformer,CLEAR,DRE_umap_Q_local,12,0.21438,12,0,0.000244,Yes,0.9306,large
DPMM-Transformer,CLEAR,DRE_umap_Q_global,12,0.171918,12,0,0.000244,Yes,1.0,large
DPMM-Transformer,CLEAR,DRE_tsne_overall_quality,12,0.256744,12,0,0.000244,Yes,1.0,large
DPMM-Transformer,CLEAR,DRE_tsne_distance_correlation,12,0.390814,12,0,0.000244,Yes,1.0,large
DPMM-Transformer,CLEAR,DRE_tsne_Q_local,12,0.20042,12,0,0.000244,Yes,0.9306,large
DPMM-Transformer,CLEAR,DRE_tsne_Q_global,12,0.178999,12,0,0.000244,Yes,1.0,large
DPMM-Transformer,CLEAR,LSE_overall_quality,12,0.34564,12,0,0.000244,Yes,1.0,large
DPMM-Transformer,CLEAR,LSE_core_quality,12,0.065379,9,3,0.008057,Yes,0.5278,large
DPMM-Transformer,CLEAR,LSE_manifold_dimensionality,12,0.165175,12,0,0.000244,Yes,0.8194,large
DPMM-Transformer,CLEAR,LSE_spectral_decay_rate,12,0.364539,12,0,0.000244,Yes,1.0,large
DPMM-Transformer,CLEAR,LSE_participation_ratio,12,-0.014586,5,7,0.809814,No,-0.25,small
DPMM-Transformer,CLEAR,LSE_anisotropy_score,12,0.253613,10,2,0.038574,Yes,0.625,large
DPMM-Transformer,CLEAR,LSE_trajectory_directionality,12,0.761954,12,0,0.000244,Yes,1.0,large
DPMM-Transformer,CLEAR,LSE_noise_resilience,12,0.949035,12,0,0.000244,Yes,1.0,large
DPMM-Transformer,CLEAR,DREX_overall_quality,12,0.051263,10,2,0.001709,Yes,0.5,large
DPMM-Transformer,CLEAR,DREX_trustworthiness,12,-0.031912,2,10,0.998291,No,-0.4306,medium
DPMM-Transformer,CLEAR,DREX_continuity,12,-0.056801,0,12,1.0,No,-0.6806,large
DPMM-Transformer,CLEAR,DREX_distance_spearman,12,0.208614,12,0,0.000244,Yes,0.8472,large
DPMM-Transformer,CLEAR,DREX_distance_pearson,12,0.136685,10,2,0.003418,Yes,0.5833,large
DPMM-Transformer,CLEAR,DREX_local_scale_quality,12,0.09535,12,0,0.000244,Yes,1.0,large
DPMM-Transformer,CLEAR,DREX_neighborhood_symmetry,12,-0.044356,0,12,1.0,No,-0.5417,large
DPMM-Transformer,CLEAR,LSEX_overall_quality,12,0.059817,11,1,0.000732,Yes,0.8333,large
DPMM-Transformer,CLEAR,LSEX_two_hop_connectivity,12,-0.078644,0,12,1.0,No,-0.9722,large
DPMM-Transformer,CLEAR,LSEX_radial_concentration,12,0.256585,11,1,0.000488,Yes,0.8333,large
DPMM-Transformer,CLEAR,LSEX_local_curvature,12,0.066224,12,0,0.000244,Yes,1.0,large
DPMM-Transformer,CLEAR,LSEX_entropy_stability,12,-0.004898,0,12,1.0,No,-0.9583,large
DPMM-Transformer,CLEAR,SecPerEpoch,0,0.0,0,0,,No,-0.0,negligible
DPMM-Transformer,CLEAR,PeakGPU_MB,0,0.0,0,0,,No,-0.0,negligible
DPMM-Transformer,CLEAR,NumParams,0,0.0,0,0,,No,-0.0,negligible
DPMM-Transformer,scDAC,NMI,12,0.068725,7,5,0.075684,No,0.4583,medium
DPMM-Transformer,scDAC,ARI,12,0.039418,8,4,0.116699,No,0.3056,small
DPMM-Transformer,scDAC,ASW,12,-0.247622,0,12,1.0,No,-0.9583,large
DPMM-Transformer,scDAC,DAV,12,-0.563729,1,11,0.999756,No,-0.9167,large
DPMM-Transformer,scDAC,CAL,12,3432190.270318,1,11,0.986572,No,-0.8194,large
DPMM-Transformer,scDAC,COR,12,-2.311444,2,10,0.997559,No,-0.7361,large
DPMM-Transformer,scDAC,DRE_umap_overall_quality,12,0.004416,8,4,0.211914,No,0.1806,small
DPMM-Transformer,scDAC,DRE_umap_distance_correlation,12,0.08538,9,3,0.031982,Yes,0.4861,large
DPMM-Transformer,scDAC,DRE_umap_Q_local,12,-0.083463,1,11,0.999268,No,-0.8472,large
DPMM-Transformer,scDAC,DRE_umap_Q_global,12,0.01133,9,3,0.211914,No,0.1944,small
DPMM-Transformer,scDAC,DRE_tsne_overall_quality,12,-0.029612,4,8,0.788086,No,-0.2222,small
DPMM-Transformer,scDAC,DRE_tsne_distance_correlation,12,0.045591,9,3,0.101807,No,0.3472,medium
DPMM-Transformer,scDAC,DRE_tsne_Q_local,12,-0.109755,0,12,1.0,No,-0.9306,large
DPMM-Transformer,scDAC,DRE_tsne_Q_global,12,-0.024671,5,7,0.849365,No,-0.1944,small
DPMM-Transformer,scDAC,LSE_overall_quality,12,-0.033443,4,8,0.849365,No,-0.2778,small
DPMM-Transformer,scDAC,LSE_core_quality,12,-0.083342,3,9,0.986572,No,-0.6111,large
DPMM-Transformer,scDAC,LSE_manifold_dimensionality,12,-0.098555,2,10,0.999268,No,-0.6667,large
DPMM-Transformer,scDAC,LSE_spectral_decay_rate,12,-0.026355,5,7,0.849365,No,-0.2778,small
DPMM-Transformer,scDAC,LSE_participation_ratio,12,-0.24272,3,9,0.973877,No,-0.5278,large
DPMM-Transformer,scDAC,LSE_anisotropy_score,12,-0.034261,2,10,0.97876,No,-0.3472,medium
DPMM-Transformer,scDAC,LSE_trajectory_directionality,12,0.087134,7,5,0.169678,No,0.3194,small
DPMM-Transformer,scDAC,LSE_noise_resilience,12,0.087935,4,4,0.15625,No,0.1111,negligible
DPMM-Transformer,scDAC,DREX_overall_quality,12,-0.030194,3,9,0.883301,No,-0.2083,small
DPMM-Transformer,scDAC,DREX_trustworthiness,12,-0.104022,0,12,1.0,No,-1.0,large
DPMM-Transformer,scDAC,DREX_continuity,12,-0.124773,0,12,1.0,No,-1.0,large
DPMM-Transformer,scDAC,DREX_distance_spearman,12,-0.100766,5,7,0.924316,No,-0.4444,medium
DPMM-Transformer,scDAC,DREX_distance_pearson,12,0.280133,11,1,0.008057,Yes,0.6806,large
DPMM-Transformer,scDAC,DREX_local_scale_quality,12,-0.01734,3,9,0.993896,No,-0.7083,large
DPMM-Transformer,scDAC,DREX_neighborhood_symmetry,12,-0.114397,0,12,1.0,No,-1.0,large
DPMM-Transformer,scDAC,LSEX_overall_quality,12,0.088524,10,2,0.004639,Yes,0.6667,large
DPMM-Transformer,scDAC,LSEX_two_hop_connectivity,12,0.031216,12,0,0.000244,Yes,0.9306,large
DPMM-Transformer,scDAC,LSEX_radial_concentration,12,0.409247,10,2,0.003418,Yes,0.6806,large
DPMM-Transformer,scDAC,LSEX_local_curvature,12,-0.095113,0,12,1.0,No,-0.8889,large
DPMM-Transformer,scDAC,LSEX_entropy_stability,12,0.008744,12,0,0.000244,Yes,0.9167,large
DPMM-Transformer,scDAC,SecPerEpoch,0,0.0,0,0,,No,-0.0,negligible
DPMM-Transformer,scDAC,PeakGPU_MB,0,0.0,0,0,,No,-0.0,negligible
DPMM-Transformer,scDAC,NumParams,0,0.0,0,0,,No,-0.0,negligible
DPMM-Transformer,scDeepCluster,NMI,12,0.055459,11,1,0.002441,Yes,0.5278,large
DPMM-Transformer,scDeepCluster,ARI,12,0.057375,11,1,0.000732,Yes,0.4167,medium
DPMM-Transformer,scDeepCluster,ASW,12,0.103511,12,0,0.000244,Yes,0.9028,large
DPMM-Transformer,scDeepCluster,DAV,12,0.430125,12,0,0.000244,Yes,0.8611,large
DPMM-Transformer,scDeepCluster,CAL,12,3464121.886663,11,1,0.001221,Yes,0.8889,large
DPMM-Transformer,scDeepCluster,COR,12,1.849442,10,2,0.002441,Yes,0.8333,large
DPMM-Transformer,scDeepCluster,DRE_umap_overall_quality,12,0.066411,9,3,0.010498,Yes,0.6806,large
DPMM-Transformer,scDeepCluster,DRE_umap_distance_correlation,12,0.041044,9,3,0.046143,Yes,0.3889,medium
DPMM-Transformer,scDeepCluster,DRE_umap_Q_local,12,0.12405,11,1,0.001221,Yes,0.8472,large
DPMM-Transformer,scDeepCluster,DRE_umap_Q_global,12,0.034141,9,3,0.046143,Yes,0.4583,medium
DPMM-Transformer,scDeepCluster,DRE_tsne_overall_quality,12,0.073063,9,3,0.01709,Yes,0.625,large
DPMM-Transformer,scDeepCluster,DRE_tsne_distance_correlation,12,0.051205,9,3,0.038574,Yes,0.4444,medium
DPMM-Transformer,scDeepCluster,DRE_tsne_Q_local,12,0.111062,10,2,0.001709,Yes,0.7917,large
DPMM-Transformer,scDeepCluster,DRE_tsne_Q_global,12,0.056922,10,2,0.02124,Yes,0.6389,large
DPMM-Transformer,scDeepCluster,LSE_overall_quality,12,0.238346,12,0,0.000244,Yes,1.0,large
DPMM-Transformer,scDeepCluster,LSE_core_quality,12,0.04253,11,1,0.008057,Yes,0.2639,small
DPMM-Transformer,scDeepCluster,LSE_manifold_dimensionality,12,0.132576,11,1,0.002441,Yes,0.75,large
DPMM-Transformer,scDeepCluster,LSE_spectral_decay_rate,12,0.072685,10,2,0.010498,Yes,0.6667,large
DPMM-Transformer,scDeepCluster,LSE_participation_ratio,12,0.060679,9,3,0.088135,No,0.1389,negligible
DPMM-Transformer,scDeepCluster,LSE_anisotropy_score,12,0.09582,9,3,0.038574,Yes,0.5833,large
DPMM-Transformer,scDeepCluster,LSE_trajectory_directionality,12,0.231111,11,1,0.001221,Yes,0.9167,large
DPMM-Transformer,scDeepCluster,LSE_noise_resilience,12,0.692669,12,0,0.000244,Yes,1.0,large
DPMM-Transformer,scDeepCluster,DREX_overall_quality,12,-0.09708,1,11,0.999756,No,-0.9167,large
DPMM-Transformer,scDeepCluster,DREX_trustworthiness,12,-0.065741,1,11,0.999512,No,-0.8611,large
DPMM-Transformer,scDeepCluster,DREX_continuity,12,-0.094347,0,12,1.0,No,-1.0,large
DPMM-Transformer,scDeepCluster,DREX_distance_spearman,12,-0.145411,2,10,0.997559,No,-0.6667,large
DPMM-Transformer,scDeepCluster,DREX_distance_pearson,12,-0.217126,1,11,0.999268,No,-0.8333,large
DPMM-Transformer,scDeepCluster,DREX_local_scale_quality,12,0.020189,10,2,0.003418,Yes,0.7917,large
DPMM-Transformer,scDeepCluster,DREX_neighborhood_symmetry,12,-0.080044,0,12,1.0,No,-0.9583,large
DPMM-Transformer,scDeepCluster,LSEX_overall_quality,12,0.009689,7,5,0.133057,No,0.3472,medium
DPMM-Transformer,scDeepCluster,LSEX_two_hop_connectivity,12,-0.038591,0,12,1.0,No,-0.8889,large
DPMM-Transformer,scDeepCluster,LSEX_radial_concentration,12,0.047206,7,5,0.116699,No,0.4167,medium
DPMM-Transformer,scDeepCluster,LSEX_local_curvature,12,0.032527,11,1,0.000488,Yes,0.8194,large
DPMM-Transformer,scDeepCluster,LSEX_entropy_stability,12,-0.002385,0,12,1.0,No,-0.6806,large
DPMM-Transformer,scDeepCluster,SecPerEpoch,0,0.0,0,0,,No,-0.0,negligible
DPMM-Transformer,scDeepCluster,PeakGPU_MB,0,0.0,0,0,,No,-0.0,negligible
DPMM-Transformer,scDeepCluster,NumParams,0,0.0,0,0,,No,-0.0,negligible
DPMM-Transformer,scGNN,NMI,12,0.152361,12,0,0.000244,Yes,0.7778,large
DPMM-Transformer,scGNN,ARI,12,0.138631,12,0,0.000244,Yes,0.8056,large
DPMM-Transformer,scGNN,ASW,12,-0.019243,5,7,0.883301,No,-0.3056,small
DPMM-Transformer,scGNN,DAV,12,0.022174,5,7,0.454834,No,-0.0972,negligible
DPMM-Transformer,scGNN,CAL,12,3464048.717362,11,1,0.000732,Yes,0.6944,large
DPMM-Transformer,scGNN,COR,12,1.506119,10,2,0.001221,Yes,0.6806,large
DPMM-Transformer,scGNN,DRE_umap_overall_quality,12,0.060077,9,3,0.031982,Yes,0.4861,large
DPMM-Transformer,scGNN,DRE_umap_distance_correlation,12,0.065763,8,4,0.075684,No,0.3194,small
DPMM-Transformer,scGNN,DRE_umap_Q_local,12,0.054808,10,2,0.046143,Yes,0.5,large
DPMM-Transformer,scGNN,DRE_umap_Q_global,12,0.059659,9,3,0.010498,Yes,0.5972,large
DPMM-Transformer,scGNN,DRE_tsne_overall_quality,12,0.045884,9,3,0.031982,Yes,0.4583,medium
DPMM-Transformer,scGNN,DRE_tsne_distance_correlation,12,0.066353,9,3,0.054932,No,0.4306,medium
DPMM-Transformer,scGNN,DRE_tsne_Q_local,12,0.011919,8,4,0.190186,No,0.3472,medium
DPMM-Transformer,scGNN,DRE_tsne_Q_global,12,0.059378,10,2,0.004639,Yes,0.625,large
DPMM-Transformer,scGNN,LSE_overall_quality,12,0.182945,12,0,0.000244,Yes,0.9444,large
DPMM-Transformer,scGNN,LSE_core_quality,12,0.01267,4,8,0.715332,No,-0.0417,negligible
DPMM-Transformer,scGNN,LSE_manifold_dimensionality,12,0.105716,10,2,0.004639,Yes,0.625,large
DPMM-Transformer,scGNN,LSE_spectral_decay_rate,12,0.006597,5,7,0.515137,No,-0.0694,negligible
DPMM-Transformer,scGNN,LSE_participation_ratio,12,-0.066549,3,9,0.935303,No,-0.3056,small
DPMM-Transformer,scGNN,LSE_anisotropy_score,12,-0.004916,6,6,0.545166,No,-0.1528,small
DPMM-Transformer,scGNN,LSE_trajectory_directionality,12,0.365342,12,0,0.000244,Yes,1.0,large
DPMM-Transformer,scGNN,LSE_noise_resilience,12,0.568369,11,0,0.000488,Yes,0.875,large
DPMM-Transformer,scGNN,DREX_overall_quality,12,-0.084832,1,11,0.999756,No,-0.75,large
DPMM-Transformer,scGNN,DREX_trustworthiness,12,-0.093417,0,12,1.0,No,-0.9583,large
DPMM-Transformer,scGNN,DREX_continuity,12,-0.105173,0,12,1.0,No,-1.0,large
DPMM-Transformer,scGNN,DREX_distance_spearman,12,-0.120537,2,10,0.986572,No,-0.5556,large
DPMM-Transformer,scGNN,DREX_distance_pearson,12,-0.147182,2,10,0.995361,No,-0.5972,large
DPMM-Transformer,scGNN,DREX_local_scale_quality,12,0.056611,10,2,0.001709,Yes,0.6667,large
DPMM-Transformer,scGNN,DREX_neighborhood_symmetry,12,-0.099295,0,12,1.0,No,-0.9722,large
DPMM-Transformer,scGNN,LSEX_overall_quality,12,0.009678,8,4,0.116699,No,0.4028,medium
DPMM-Transformer,scGNN,LSEX_two_hop_connectivity,12,-0.00213,5,7,0.788086,No,-0.0833,negligible
DPMM-Transformer,scGNN,LSEX_radial_concentration,12,0.030315,8,4,0.133057,No,0.4028,medium
DPMM-Transformer,scGNN,LSEX_local_curvature,12,-0.000539,6,6,0.715332,No,-0.1528,small
DPMM-Transformer,scGNN,LSEX_entropy_stability,12,0.011066,12,0,0.000244,Yes,0.7778,large
DPMM-Transformer,scGNN,SecPerEpoch,0,0.0,0,0,,No,-0.0,negligible
DPMM-Transformer,scGNN,PeakGPU_MB,0,0.0,0,0,,No,-0.0,negligible
DPMM-Transformer,scGNN,NumParams,0,0.0,0,0,,No,-0.0,negligible
DPMM-Transformer,siVAE,NMI,12,0.226856,12,0,0.000244,Yes,0.8472,large
DPMM-Transformer,siVAE,ARI,12,0.17278,12,0,0.000244,Yes,0.8472,large
DPMM-Transformer,siVAE,ASW,12,-0.001912,6,6,0.633301,No,0.0417,negligible
DPMM-Transformer,siVAE,DAV,12,0.000837,4,8,0.604492,No,-0.1111,negligible
DPMM-Transformer,siVAE,CAL,12,3463391.857024,6,6,0.484863,No,0.0278,negligible
DPMM-Transformer,siVAE,COR,12,0.269878,7,5,0.311035,No,0.0556,negligible
DPMM-Transformer,siVAE,DRE_umap_overall_quality,12,-0.015033,4,8,0.809814,No,-0.2222,small
DPMM-Transformer,siVAE,DRE_umap_distance_correlation,12,-0.027008,5,7,0.849365,No,-0.2083,small
DPMM-Transformer,siVAE,DRE_umap_Q_local,12,0.003248,7,5,0.425049,No,0.0278,negligible
DPMM-Transformer,siVAE,DRE_umap_Q_global,12,-0.021338,3,9,0.953857,No,-0.3889,medium
DPMM-Transformer,siVAE,DRE_tsne_overall_quality,12,-0.014535,5,7,0.830322,No,-0.1944,small
DPMM-Transformer,siVAE,DRE_tsne_distance_correlation,12,-0.018205,5,7,0.830322,No,-0.1528,small
DPMM-Transformer,siVAE,DRE_tsne_Q_local,12,-0.012219,5,7,0.788086,No,-0.1389,negligible
DPMM-Transformer,siVAE,DRE_tsne_Q_global,12,-0.013182,5,7,0.866943,No,-0.2639,small
DPMM-Transformer,siVAE,LSE_overall_quality,12,0.015144,5,7,0.574951,No,-0.0833,negligible
DPMM-Transformer,siVAE,LSE_core_quality,12,-0.015249,3,9,0.945068,No,-0.2778,small
DPMM-Transformer,siVAE,LSE_manifold_dimensionality,12,-0.113261,1,11,0.991943,No,-0.7639,large
DPMM-Transformer,siVAE,LSE_spectral_decay_rate,12,-0.052836,2,10,0.97876,No,-0.5417,large
DPMM-Transformer,siVAE,LSE_participation_ratio,12,0.094911,9,3,0.046143,Yes,0.4861,large
DPMM-Transformer,siVAE,LSE_anisotropy_score,12,-0.010188,4,8,0.849365,No,-0.1389,negligible
DPMM-Transformer,siVAE,LSE_trajectory_directionality,12,-0.009048,4,8,0.765137,No,-0.3056,small
DPMM-Transformer,siVAE,LSE_noise_resilience,12,0.084589,2,3,0.40625,No,-0.1111,negligible
DPMM-Transformer,siVAE,DREX_overall_quality,12,-0.130614,0,12,1.0,No,-0.9583,large
DPMM-Transformer,siVAE,DREX_trustworthiness,12,-0.096594,0,12,1.0,No,-0.9722,large
DPMM-Transformer,siVAE,DREX_continuity,12,-0.116801,0,12,1.0,No,-1.0,large
DPMM-Transformer,siVAE,DREX_distance_spearman,12,-0.213928,0,12,1.0,No,-0.875,large
DPMM-Transformer,siVAE,DREX_distance_pearson,12,-0.244898,1,11,0.999756,No,-0.875,large
DPMM-Transformer,siVAE,DREX_local_scale_quality,12,-0.004768,6,6,0.604492,No,-0.0556,negligible
DPMM-Transformer,siVAE,DREX_neighborhood_symmetry,12,-0.106697,0,12,1.0,No,-1.0,large
DPMM-Transformer,siVAE,LSEX_overall_quality,12,-0.03518,3,9,0.995361,No,-0.6667,large
DPMM-Transformer,siVAE,LSEX_two_hop_connectivity,12,-0.000459,5,7,0.515137,No,-0.1111,negligible
DPMM-Transformer,siVAE,LSEX_radial_concentration,12,-0.138438,2,10,0.996582,No,-0.6806,large
DPMM-Transformer,siVAE,LSEX_local_curvature,12,-0.002307,5,7,0.574951,No,-0.0556,negligible
DPMM-Transformer,siVAE,LSEX_entropy_stability,12,0.000485,7,5,0.211914,No,0.0972,negligible
DPMM-Transformer,siVAE,SecPerEpoch,0,0.0,0,0,,No,-0.0,negligible
DPMM-Transformer,siVAE,PeakGPU_MB,0,0.0,0,0,,No,-0.0,negligible
DPMM-Transformer,siVAE,NumParams,0,0.0,0,0,,No,-0.0,negligible
DPMM-Transformer,scSMD,NMI,12,0.293028,12,0,0.000244,Yes,0.8611,large
DPMM-Transformer,scSMD,ARI,12,0.200857,11,1,0.000488,Yes,0.8333,large
DPMM-Transformer,scSMD,ASW,12,-0.020085,5,7,0.715332,No,-0.1944,small
DPMM-Transformer,scSMD,DAV,12,-0.104511,5,7,0.849365,No,-0.3194,small
DPMM-Transformer,scSMD,CAL,12,3463150.013201,6,6,0.633301,No,-0.1389,negligible
DPMM-Transformer,scSMD,COR,12,-1.522056,2,10,0.998779,No,-0.5972,large
DPMM-Transformer,scSMD,DRE_umap_overall_quality,12,-0.029524,3,9,0.953857,No,-0.3056,small
DPMM-Transformer,scSMD,DRE_umap_distance_correlation,12,-0.031759,4,8,0.924316,No,-0.2361,small
DPMM-Transformer,scSMD,DRE_umap_Q_local,12,-0.030125,3,9,0.866943,No,-0.4028,medium
DPMM-Transformer,scSMD,DRE_umap_Q_global,12,-0.026688,3,9,0.98291,No,-0.3889,medium
DPMM-Transformer,scSMD,DRE_tsne_overall_quality,12,-0.046739,3,9,0.986572,No,-0.5,large
DPMM-Transformer,scSMD,DRE_tsne_distance_correlation,12,-0.051569,4,8,0.973877,No,-0.3056,small
DPMM-Transformer,scSMD,DRE_tsne_Q_local,12,-0.047256,2,10,0.945068,No,-0.5,large
DPMM-Transformer,scSMD,DRE_tsne_Q_global,12,-0.041393,3,9,0.996582,No,-0.5417,large
DPMM-Transformer,scSMD,LSE_overall_quality,12,-0.027237,3,9,0.953857,No,-0.4167,medium
DPMM-Transformer,scSMD,LSE_core_quality,12,-0.027105,2,10,0.986572,No,-0.3889,medium
DPMM-Transformer,scSMD,LSE_manifold_dimensionality,12,-0.154161,0,12,1.0,No,-0.9444,large
DPMM-Transformer,scSMD,LSE_spectral_decay_rate,12,-0.075074,3,9,0.997559,No,-0.625,large
DPMM-Transformer,scSMD,LSE_participation_ratio,12,0.119218,10,2,0.013428,Yes,0.625,large
DPMM-Transformer,scSMD,LSE_anisotropy_score,12,-0.001595,6,6,0.574951,No,-0.1528,small
DPMM-Transformer,scSMD,LSE_trajectory_directionality,12,-0.04358,3,9,0.935303,No,-0.4167,medium
DPMM-Transformer,scSMD,LSE_noise_resilience,12,-0.02775,1,4,0.84375,No,-0.2361,small
DPMM-Transformer,scSMD,DREX_overall_quality,12,-0.118205,0,12,1.0,No,-0.9722,large
DPMM-Transformer,scSMD,DREX_trustworthiness,12,-0.100045,0,12,1.0,No,-1.0,large
DPMM-Transformer,scSMD,DREX_continuity,12,-0.119546,0,12,1.0,No,-1.0,large
DPMM-Transformer,scSMD,DREX_distance_spearman,12,-0.218722,0,12,1.0,No,-0.9583,large
DPMM-Transformer,scSMD,DREX_distance_pearson,12,-0.170963,1,11,0.999756,No,-0.6389,large
DPMM-Transformer,scSMD,DREX_local_scale_quality,12,0.009841,8,4,0.046143,Yes,0.5972,large
DPMM-Transformer,scSMD,DREX_neighborhood_symmetry,12,-0.109796,0,12,1.0,No,-1.0,large
DPMM-Transformer,scSMD,LSEX_overall_quality,12,-0.034111,2,10,0.973877,No,-0.6389,large
DPMM-Transformer,scSMD,LSEX_two_hop_connectivity,12,0.007648,7,5,0.211914,No,0.2222,small
DPMM-Transformer,scSMD,LSEX_radial_concentration,12,-0.129656,2,10,0.953857,No,-0.625,large
DPMM-Transformer,scSMD,LSEX_local_curvature,12,-0.016014,5,7,0.849365,No,-0.3472,medium
DPMM-Transformer,scSMD,LSEX_entropy_stability,12,0.00158,9,3,0.075684,No,0.4028,medium
DPMM-Transformer,scSMD,SecPerEpoch,0,0.0,0,0,,No,-0.0,negligible
DPMM-Transformer,scSMD,PeakGPU_MB,0,0.0,0,0,,No,-0.0,negligible
DPMM-Transformer,scSMD,NumParams,0,0.0,0,0,,No,-0.0,negligible
DPMM-Transformer,scDiffusion,NMI,12,0.346052,12,0,0.000244,Yes,0.8611,large
DPMM-Transformer,scDiffusion,ARI,12,0.237082,12,0,0.000244,Yes,0.875,large
DPMM-Transformer,scDiffusion,ASW,12,0.138703,11,1,0.000488,Yes,0.9861,large
DPMM-Transformer,scDiffusion,DAV,12,0.474189,11,1,0.000732,Yes,0.9306,large
DPMM-Transformer,scDiffusion,CAL,12,3464154.482617,11,1,0.000488,Yes,0.9861,large
DPMM-Transformer,scDiffusion,COR,12,3.181515,12,0,0.000244,Yes,1.0,large
DPMM-Transformer,scDiffusion,DRE_umap_overall_quality,12,0.087953,9,3,0.013428,Yes,0.6667,large
DPMM-Transformer,scDiffusion,DRE_umap_distance_correlation,12,0.078284,8,4,0.064697,No,0.375,medium
DPMM-Transformer,scDiffusion,DRE_umap_Q_local,12,0.144638,11,1,0.001221,Yes,0.8611,large
DPMM-Transformer,scDiffusion,DRE_umap_Q_global,12,0.040938,9,3,0.054932,No,0.4861,large
DPMM-Transformer,scDiffusion,DRE_tsne_overall_quality,12,0.130357,11,1,0.001709,Yes,0.8611,large
DPMM-Transformer,scDiffusion,DRE_tsne_distance_correlation,12,0.11608,10,2,0.004639,Yes,0.7083,large
DPMM-Transformer,scDiffusion,DRE_tsne_Q_local,12,0.183798,11,1,0.000488,Yes,0.9167,large
DPMM-Transformer,scDiffusion,DRE_tsne_Q_global,12,0.091191,11,1,0.001709,Yes,0.8333,large
DPMM-Transformer,scDiffusion,LSE_overall_quality,12,0.225496,12,0,0.000244,Yes,1.0,large
DPMM-Transformer,scDiffusion,LSE_core_quality,12,0.027957,7,5,0.116699,No,0.1389,negligible
DPMM-Transformer,scDiffusion,LSE_manifold_dimensionality,12,0.150205,10,2,0.004639,Yes,0.7639,large
DPMM-Transformer,scDiffusion,LSE_spectral_decay_rate,12,0.10238,10,2,0.008057,Yes,0.7361,large
DPMM-Transformer,scDiffusion,LSE_participation_ratio,12,-0.041456,5,7,0.740723,No,-0.2083,small
DPMM-Transformer,scDiffusion,LSE_anisotropy_score,12,0.099299,9,3,0.054932,No,0.5556,large
DPMM-Transformer,scDiffusion,LSE_trajectory_directionality,12,0.368928,12,0,0.000244,Yes,1.0,large
DPMM-Transformer,scDiffusion,LSE_noise_resilience,12,0.686604,12,0,0.000244,Yes,1.0,large
DPMM-Transformer,scDiffusion,DREX_overall_quality,12,-0.071616,2,10,0.996582,No,-0.6667,large
DPMM-Transformer,scDiffusion,DREX_trustworthiness,12,-0.03909,5,7,0.898193,No,-0.4306,medium
DPMM-Transformer,scDiffusion,DREX_continuity,12,-0.07866,0,12,1.0,No,-0.875,large
DPMM-Transformer,scDiffusion,DREX_distance_spearman,12,-0.107916,4,8,0.953857,No,-0.5139,large
DPMM-Transformer,scDiffusion,DREX_distance_pearson,12,-0.17962,2,10,0.997559,No,-0.6667,large
DPMM-Transformer,scDiffusion,DREX_local_scale_quality,12,0.034463,12,0,0.000244,Yes,0.9306,large
DPMM-Transformer,scDiffusion,DREX_neighborhood_symmetry,12,-0.058875,1,11,0.999512,No,-0.7639,large
DPMM-Transformer,scDiffusion,LSEX_overall_quality,12,0.010305,9,3,0.088135,No,0.4861,large
DPMM-Transformer,scDiffusion,LSEX_two_hop_connectivity,12,-0.055024,1,11,0.999756,No,-0.9722,large
DPMM-Transformer,scDiffusion,LSEX_radial_concentration,12,0.048589,9,3,0.064697,No,0.5,large
DPMM-Transformer,scDiffusion,LSEX_local_curvature,12,0.051659,11,1,0.000488,Yes,0.9444,large
DPMM-Transformer,scDiffusion,LSEX_entropy_stability,12,-0.004002,1,11,0.999756,No,-0.9861,large
DPMM-Transformer,scDiffusion,SecPerEpoch,0,0.0,0,0,,No,-0.0,negligible
DPMM-Transformer,scDiffusion,PeakGPU_MB,0,0.0,0,0,,No,-0.0,negligible
DPMM-Transformer,scDiffusion,NumParams,0,0.0,0,0,,No,-0.0,negligible
DPMM-Transformer,CellBLAST,NMI,12,0.324577,12,0,0.000244,Yes,0.8611,large
DPMM-Transformer,CellBLAST,ARI,12,0.221217,12,0,0.000244,Yes,0.8611,large
DPMM-Transformer,CellBLAST,ASW,12,0.208733,12,0,0.000244,Yes,1.0,large
DPMM-Transformer,CellBLAST,DAV,12,0.929129,12,0,0.000244,Yes,1.0,large
DPMM-Transformer,CellBLAST,CAL,12,3464204.157052,12,0,0.000244,Yes,1.0,large
DPMM-Transformer,CellBLAST,COR,12,4.118832,12,0,0.000244,Yes,1.0,large
DPMM-Transformer,CellBLAST,DRE_umap_overall_quality,12,0.253751,12,0,0.000244,Yes,1.0,large
DPMM-Transformer,CellBLAST,DRE_umap_distance_correlation,12,0.324626,12,0,0.000244,Yes,1.0,large
DPMM-Transformer,CellBLAST,DRE_umap_Q_local,12,0.300288,12,0,0.000244,Yes,1.0,large
DPMM-Transformer,CellBLAST,DRE_umap_Q_global,12,0.136338,12,0,0.000244,Yes,1.0,large
DPMM-Transformer,CellBLAST,DRE_tsne_overall_quality,12,0.283622,12,0,0.000244,Yes,1.0,large
DPMM-Transformer,CellBLAST,DRE_tsne_distance_correlation,12,0.318081,12,0,0.000244,Yes,1.0,large
DPMM-Transformer,CellBLAST,DRE_tsne_Q_local,12,0.344755,12,0,0.000244,Yes,1.0,large
DPMM-Transformer,CellBLAST,DRE_tsne_Q_global,12,0.188029,12,0,0.000244,Yes,1.0,large
DPMM-Transformer,CellBLAST,LSE_overall_quality,12,0.258821,12,0,0.000244,Yes,1.0,large
DPMM-Transformer,CellBLAST,LSE_core_quality,12,-0.016293,2,10,0.898193,No,-0.375,medium
DPMM-Transformer,CellBLAST,LSE_manifold_dimensionality,12,0.279924,12,0,0.000244,Yes,1.0,large
DPMM-Transformer,CellBLAST,LSE_spectral_decay_rate,12,0.270078,12,0,0.000244,Yes,1.0,large
DPMM-Transformer,CellBLAST,LSE_participation_ratio,12,-0.283838,2,10,0.991943,No,-0.6528,large
DPMM-Transformer,CellBLAST,LSE_anisotropy_score,12,0.331336,10,2,0.031982,Yes,0.6667,large
DPMM-Transformer,CellBLAST,LSE_trajectory_directionality,12,0.579018,12,0,0.000244,Yes,1.0,large
DPMM-Transformer,CellBLAST,LSE_noise_resilience,12,0.894817,12,0,0.000244,Yes,1.0,large
DPMM-Transformer,CellBLAST,DREX_overall_quality,12,0.058071,7,5,0.031982,Yes,0.5417,large
DPMM-Transformer,CellBLAST,DREX_trustworthiness,12,0.068076,10,2,0.003418,Yes,0.7083,large
DPMM-Transformer,CellBLAST,DREX_continuity,12,-0.003411,8,4,0.454834,No,0.0833,negligible
DPMM-Transformer,CellBLAST,DREX_distance_spearman,12,0.140089,9,3,0.02124,Yes,0.6667,large
DPMM-Transformer,CellBLAST,DREX_distance_pearson,12,0.055361,6,6,0.150635,No,0.2639,small
DPMM-Transformer,CellBLAST,DREX_local_scale_quality,12,0.055982,12,0,0.000244,Yes,1.0,large
DPMM-Transformer,CellBLAST,DREX_neighborhood_symmetry,12,0.032332,9,3,0.02124,Yes,0.5278,large
DPMM-Transformer,CellBLAST,LSEX_overall_quality,12,0.01593,9,3,0.046143,Yes,0.5,large
DPMM-Transformer,CellBLAST,LSEX_two_hop_connectivity,12,-0.097858,0,12,1.0,No,-1.0,large
DPMM-Transformer,CellBLAST,LSEX_radial_concentration,12,0.094601,9,3,0.031982,Yes,0.625,large
DPMM-Transformer,CellBLAST,LSEX_local_curvature,12,0.071984,12,0,0.000244,Yes,1.0,large
DPMM-Transformer,CellBLAST,LSEX_entropy_stability,12,-0.005005,0,12,1.0,No,-1.0,large
DPMM-Transformer,CellBLAST,SecPerEpoch,0,0.0,0,0,,No,-0.0,negligible
DPMM-Transformer,CellBLAST,PeakGPU_MB,0,0.0,0,0,,No,-0.0,negligible
DPMM-Transformer,CellBLAST,NumParams,0,0.0,0,0,,No,-0.0,negligible
DPMM-Transformer,SCALEX,NMI,12,0.34616,12,0,0.000244,Yes,0.875,large
DPMM-Transformer,SCALEX,ARI,12,0.212448,11,1,0.000732,Yes,0.7778,large
DPMM-Transformer,SCALEX,ASW,12,0.223562,12,0,0.000244,Yes,1.0,large
DPMM-Transformer,SCALEX,DAV,12,0.927456,12,0,0.000244,Yes,1.0,large
DPMM-Transformer,SCALEX,CAL,12,3464210.435099,12,0,0.000244,Yes,1.0,large
DPMM-Transformer,SCALEX,COR,12,4.359442,12,0,0.000244,Yes,1.0,large
DPMM-Transformer,SCALEX,DRE_umap_overall_quality,12,0.351376,12,0,0.000244,Yes,1.0,large
DPMM-Transformer,SCALEX,DRE_umap_distance_correlation,12,0.497461,12,0,0.000244,Yes,1.0,large
DPMM-Transformer,SCALEX,DRE_umap_Q_local,12,0.361091,12,0,0.000244,Yes,1.0,large
DPMM-Transformer,SCALEX,DRE_umap_Q_global,12,0.195577,12,0,0.000244,Yes,1.0,large
DPMM-Transformer,SCALEX,DRE_tsne_overall_quality,12,0.333139,12,0,0.000244,Yes,1.0,large
DPMM-Transformer,SCALEX,DRE_tsne_distance_correlation,12,0.380791,12,0,0.000244,Yes,1.0,large
DPMM-Transformer,SCALEX,DRE_tsne_Q_local,12,0.392125,12,0,0.000244,Yes,1.0,large
DPMM-Transformer,SCALEX,DRE_tsne_Q_global,12,0.2265,12,0,0.000244,Yes,1.0,large
DPMM-Transformer,SCALEX,LSE_overall_quality,12,0.269192,12,0,0.000244,Yes,1.0,large
DPMM-Transformer,SCALEX,LSE_core_quality,12,-0.01165,2,10,0.898193,No,-0.3889,medium
DPMM-Transformer,SCALEX,LSE_manifold_dimensionality,12,0.381054,12,0,0.000244,Yes,1.0,large
DPMM-Transformer,SCALEX,LSE_spectral_decay_rate,12,0.311909,12,0,0.000244,Yes,1.0,large
DPMM-Transformer,SCALEX,LSE_participation_ratio,12,-0.366046,2,10,0.945068,No,-0.6667,large
DPMM-Transformer,SCALEX,LSE_anisotropy_score,12,0.373518,10,2,0.054932,No,0.6667,large
DPMM-Transformer,SCALEX,LSE_trajectory_directionality,12,0.66231,12,0,0.000244,Yes,1.0,large
DPMM-Transformer,SCALEX,LSE_noise_resilience,12,0.917873,12,0,0.000244,Yes,1.0,large
DPMM-Transformer,SCALEX,DREX_overall_quality,12,0.142544,12,0,0.000244,Yes,1.0,large
DPMM-Transformer,SCALEX,DREX_trustworthiness,12,0.11948,11,1,0.000488,Yes,0.8889,large
DPMM-Transformer,SCALEX,DREX_continuity,12,0.035764,9,3,0.026123,Yes,0.4861,large
DPMM-Transformer,SCALEX,DREX_distance_spearman,12,0.314108,12,0,0.000244,Yes,1.0,large
DPMM-Transformer,SCALEX,DREX_distance_pearson,12,0.247394,12,0,0.000244,Yes,0.9167,large
DPMM-Transformer,SCALEX,DREX_local_scale_quality,12,0.060894,12,0,0.000244,Yes,1.0,large
DPMM-Transformer,SCALEX,DREX_neighborhood_symmetry,12,0.077622,11,1,0.000732,Yes,0.8056,large
DPMM-Transformer,SCALEX,LSEX_overall_quality,12,0.003892,8,4,0.234863,No,0.3611,medium
DPMM-Transformer,SCALEX,LSEX_two_hop_connectivity,12,-0.098624,0,12,1.0,No,-1.0,large
DPMM-Transformer,SCALEX,LSEX_radial_concentration,12,0.046811,8,4,0.101807,No,0.4306,medium
DPMM-Transformer,SCALEX,LSEX_local_curvature,12,0.072405,12,0,0.000244,Yes,1.0,large
DPMM-Transformer,SCALEX,LSEX_entropy_stability,12,-0.005025,0,12,1.0,No,-1.0,large
DPMM-Transformer,SCALEX,SecPerEpoch,0,0.0,0,0,,No,-0.0,negligible
DPMM-Transformer,SCALEX,PeakGPU_MB,0,0.0,0,0,,No,-0.0,negligible
DPMM-Transformer,SCALEX,NumParams,0,0.0,0,0,,No,-0.0,negligible
DPMM-Transformer,GMVAE,NMI,12,0.352096,12,0,0.000244,Yes,0.8889,large
DPMM-Transformer,GMVAE,ARI,12,0.239489,12,0,0.000244,Yes,0.8889,large
DPMM-Transformer,GMVAE,ASW,12,0.24823,12,0,0.000244,Yes,1.0,large
DPMM-Transformer,GMVAE,DAV,12,1.737338,12,0,0.000244,Yes,1.0,large
DPMM-Transformer,GMVAE,CAL,12,3464222.394118,12,0,0.000244,Yes,1.0,large
DPMM-Transformer,GMVAE,COR,12,4.38256,12,0,0.000244,Yes,1.0,large
DPMM-Transformer,GMVAE,DRE_umap_overall_quality,12,0.442944,12,0,0.000244,Yes,1.0,large
DPMM-Transformer,GMVAE,DRE_umap_distance_correlation,12,0.630756,12,0,0.000244,Yes,1.0,large
DPMM-Transformer,GMVAE,DRE_umap_Q_local,12,0.444427,12,0,0.000244,Yes,1.0,large
DPMM-Transformer,GMVAE,DRE_umap_Q_global,12,0.25365,12,0,0.000244,Yes,1.0,large
DPMM-Transformer,GMVAE,DRE_tsne_overall_quality,12,0.421256,12,0,0.000244,Yes,1.0,large
DPMM-Transformer,GMVAE,DRE_tsne_distance_correlation,12,0.530396,12,0,0.000244,Yes,1.0,large
DPMM-Transformer,GMVAE,DRE_tsne_Q_local,12,0.451863,12,0,0.000244,Yes,1.0,large
DPMM-Transformer,GMVAE,DRE_tsne_Q_global,12,0.281508,12,0,0.000244,Yes,1.0,large
DPMM-Transformer,GMVAE,LSE_overall_quality,12,0.287922,12,0,0.000244,Yes,1.0,large
DPMM-Transformer,GMVAE,LSE_core_quality,12,-0.001671,2,10,0.898193,No,-0.3889,medium
DPMM-Transformer,GMVAE,LSE_manifold_dimensionality,12,0.462665,12,0,0.000244,Yes,1.0,large
DPMM-Transformer,GMVAE,LSE_spectral_decay_rate,12,0.364862,12,0,0.000244,Yes,1.0,large
DPMM-Transformer,GMVAE,LSE_participation_ratio,12,-0.424167,2,10,0.973877,No,-0.6667,large
DPMM-Transformer,GMVAE,LSE_anisotropy_score,12,0.410043,10,2,0.038574,Yes,0.6667,large
DPMM-Transformer,GMVAE,LSE_trajectory_directionality,12,0.761216,12,0,0.000244,Yes,1.0,large
DPMM-Transformer,GMVAE,LSE_noise_resilience,12,0.948063,12,0,0.000244,Yes,1.0,large
DPMM-Transformer,GMVAE,DREX_overall_quality,12,0.228247,12,0,0.000244,Yes,1.0,large
DPMM-Transformer,GMVAE,DREX_trustworthiness,12,0.185903,12,0,0.000244,Yes,1.0,large
DPMM-Transformer,GMVAE,DREX_continuity,12,0.124284,12,0,0.000244,Yes,1.0,large
DPMM-Transformer,GMVAE,DREX_distance_spearman,12,0.448305,12,0,0.000244,Yes,1.0,large
DPMM-Transformer,GMVAE,DREX_distance_pearson,12,0.375118,12,0,0.000244,Yes,1.0,large
DPMM-Transformer,GMVAE,DREX_local_scale_quality,12,0.080778,12,0,0.000244,Yes,1.0,large
DPMM-Transformer,GMVAE,DREX_neighborhood_symmetry,12,0.155093,12,0,0.000244,Yes,1.0,large
DPMM-Transformer,GMVAE,LSEX_overall_quality,12,0.029966,11,1,0.006104,Yes,0.7778,large
DPMM-Transformer,GMVAE,LSEX_two_hop_connectivity,12,-0.15503,0,12,1.0,No,-1.0,large
DPMM-Transformer,GMVAE,LSEX_radial_concentration,12,0.187277,11,1,0.001221,Yes,0.8333,large
DPMM-Transformer,GMVAE,LSEX_local_curvature,12,0.093408,12,0,0.000244,Yes,1.0,large
DPMM-Transformer,GMVAE,LSEX_entropy_stability,12,-0.00579,0,12,1.0,No,-1.0,large
DPMM-Transformer,GMVAE,SecPerEpoch,0,0.0,0,0,,No,-0.0,negligible
DPMM-Transformer,GMVAE,PeakGPU_MB,0,0.0,0,0,,No,-0.0,negligible
DPMM-Transformer,GMVAE,NumParams,0,0.0,0,0,,No,-0.0,negligible
DPMM-Contrastive,scDHMap,NMI,12,-0.01517,2,10,0.935303,No,-0.1111,negligible
DPMM-Contrastive,scDHMap,ARI,12,-0.025008,5,7,0.898193,No,-0.1806,small
DPMM-Contrastive,scDHMap,ASW,12,0.030638,9,3,0.054932,No,0.2778,small
DPMM-Contrastive,scDHMap,DAV,12,0.031476,7,5,0.211914,No,0.1389,negligible
DPMM-Contrastive,scDHMap,CAL,12,63.816303,8,4,0.150635,No,0.3472,medium
DPMM-Contrastive,scDHMap,COR,12,-0.316603,3,9,0.953857,No,-0.2222,small
DPMM-Contrastive,scDHMap,DRE_umap_overall_quality,12,-0.063554,0,12,1.0,No,-0.5694,large
DPMM-Contrastive,scDHMap,DRE_umap_distance_correlation,12,-0.101714,0,12,1.0,No,-0.5556,large
DPMM-Contrastive,scDHMap,DRE_umap_Q_local,12,-0.048468,1,11,0.998779,No,-0.5,large
DPMM-Contrastive,scDHMap,DRE_umap_Q_global,12,-0.040479,1,11,0.999512,No,-0.5417,large
DPMM-Contrastive,scDHMap,DRE_tsne_overall_quality,12,-0.03998,1,11,0.997559,No,-0.4167,medium
DPMM-Contrastive,scDHMap,DRE_tsne_distance_correlation,12,-0.070236,1,11,0.999756,No,-0.5139,large
DPMM-Contrastive,scDHMap,DRE_tsne_Q_local,12,-0.030622,4,8,0.935303,No,-0.375,medium
DPMM-Contrastive,scDHMap,DRE_tsne_Q_global,12,-0.019082,3,9,0.986572,No,-0.2639,small
DPMM-Contrastive,scDHMap,LSE_overall_quality,12,-0.050571,3,9,0.968018,No,-0.25,small
DPMM-Contrastive,scDHMap,LSE_core_quality,12,-0.010371,9,3,0.133057,No,0.5972,large
DPMM-Contrastive,scDHMap,LSE_manifold_dimensionality,12,-0.161854,0,12,1.0,No,-0.9583,large
DPMM-Contrastive,scDHMap,LSE_spectral_decay_rate,12,-0.141451,0,12,1.0,No,-1.0,large
DPMM-Contrastive,scDHMap,LSE_participation_ratio,12,0.04008,9,3,0.046143,Yes,0.25,small
DPMM-Contrastive,scDHMap,LSE_anisotropy_score,12,-0.221741,2,10,0.995361,No,-0.6667,large
DPMM-Contrastive,scDHMap,LSE_trajectory_directionality,12,0.012783,8,4,0.116699,No,0.1667,small
DPMM-Contrastive,scDHMap,LSE_noise_resilience,12,-0.176624,3,9,0.945068,No,-0.3611,medium
DPMM-Contrastive,scDHMap,DREX_overall_quality,12,-0.126672,0,12,1.0,No,-1.0,large
DPMM-Contrastive,scDHMap,DREX_trustworthiness,12,-0.105625,0,12,1.0,No,-1.0,large
DPMM-Contrastive,scDHMap,DREX_continuity,12,-0.108282,0,12,1.0,No,-1.0,large
DPMM-Contrastive,scDHMap,DREX_distance_spearman,12,-0.186827,1,11,0.999512,No,-0.8056,large
DPMM-Contrastive,scDHMap,DREX_distance_pearson,12,-0.205957,1,11,0.999756,No,-0.8889,large
DPMM-Contrastive,scDHMap,DREX_local_scale_quality,12,-0.046384,0,12,1.0,No,-0.9861,large
DPMM-Contrastive,scDHMap,DREX_neighborhood_symmetry,12,-0.106954,0,12,1.0,No,-1.0,large
DPMM-Contrastive,scDHMap,LSEX_overall_quality,12,0.058337,12,0,0.000244,Yes,1.0,large
DPMM-Contrastive,scDHMap,LSEX_two_hop_connectivity,12,-0.001414,3,9,0.898193,No,-0.1667,small
DPMM-Contrastive,scDHMap,LSEX_radial_concentration,12,0.197269,12,0,0.000244,Yes,1.0,large
DPMM-Contrastive,scDHMap,LSEX_local_curvature,12,0.038707,11,1,0.013428,Yes,0.5833,large
DPMM-Contrastive,scDHMap,LSEX_entropy_stability,12,-0.001212,2,10,0.98291,No,-0.1944,small
DPMM-Contrastive,scDHMap,SecPerEpoch,0,0.0,0,0,,No,-0.0,negligible
DPMM-Contrastive,scDHMap,PeakGPU_MB,0,0.0,0,0,,No,-0.0,negligible
DPMM-Contrastive,scDHMap,NumParams,0,0.0,0,0,,No,-0.0,negligible
DPMM-Contrastive,CLEAR,NMI,12,-0.052911,0,12,1.0,No,-0.4167,medium
DPMM-Contrastive,CLEAR,ARI,12,-0.061231,3,9,0.991943,No,-0.3194,small
DPMM-Contrastive,CLEAR,ASW,12,0.299561,12,0,0.000244,Yes,1.0,large
DPMM-Contrastive,CLEAR,DAV,12,2.069545,12,0,0.000244,Yes,1.0,large
DPMM-Contrastive,CLEAR,CAL,12,364.25224,12,0,0.000244,Yes,1.0,large
DPMM-Contrastive,CLEAR,COR,12,-9.345765,0,12,1.0,No,-1.0,large
DPMM-Contrastive,CLEAR,DRE_umap_overall_quality,12,0.187014,12,0,0.000244,Yes,1.0,large
DPMM-Contrastive,CLEAR,DRE_umap_distance_correlation,12,0.253423,12,0,0.000244,Yes,0.9861,large
DPMM-Contrastive,CLEAR,DRE_umap_Q_local,12,0.198575,12,0,0.000244,Yes,1.0,large
DPMM-Contrastive,CLEAR,DRE_umap_Q_global,12,0.109044,12,0,0.000244,Yes,1.0,large
DPMM-Contrastive,CLEAR,DRE_tsne_overall_quality,12,0.208933,12,0,0.000244,Yes,1.0,large
DPMM-Contrastive,CLEAR,DRE_tsne_distance_correlation,12,0.276265,12,0,0.000244,Yes,0.9861,large
DPMM-Contrastive,CLEAR,DRE_tsne_Q_local,12,0.220417,12,0,0.000244,Yes,1.0,large
DPMM-Contrastive,CLEAR,DRE_tsne_Q_global,12,0.130118,12,0,0.000244,Yes,1.0,large
DPMM-Contrastive,CLEAR,LSE_overall_quality,12,0.142701,12,0,0.000244,Yes,1.0,large
DPMM-Contrastive,CLEAR,LSE_core_quality,12,0.049017,12,0,0.000244,Yes,0.9722,large
DPMM-Contrastive,CLEAR,LSE_manifold_dimensionality,12,0.064657,6,6,0.190186,No,0.3472,medium
DPMM-Contrastive,CLEAR,LSE_spectral_decay_rate,12,0.265156,12,0,0.000244,Yes,1.0,large
DPMM-Contrastive,CLEAR,LSE_participation_ratio,12,-0.01455,6,6,0.661377,No,-0.1111,negligible
DPMM-Contrastive,CLEAR,LSE_anisotropy_score,12,0.119196,10,2,0.046143,Yes,0.6667,large
DPMM-Contrastive,CLEAR,LSE_trajectory_directionality,12,0.418629,12,0,0.000244,Yes,1.0,large
DPMM-Contrastive,CLEAR,LSE_noise_resilience,12,0.323118,12,0,0.000244,Yes,1.0,large
DPMM-Contrastive,CLEAR,DREX_overall_quality,12,0.042214,10,2,0.002441,Yes,0.5,large
DPMM-Contrastive,CLEAR,DREX_trustworthiness,12,-0.029459,1,11,0.999512,No,-0.3611,medium
DPMM-Contrastive,CLEAR,DREX_continuity,12,-0.048321,0,12,1.0,No,-0.6667,large
DPMM-Contrastive,CLEAR,DREX_distance_spearman,12,0.170729,11,1,0.000488,Yes,0.75,large
DPMM-Contrastive,CLEAR,DREX_distance_pearson,12,0.124788,11,1,0.001221,Yes,0.6389,large
DPMM-Contrastive,CLEAR,DREX_local_scale_quality,12,0.074434,12,0,0.000244,Yes,1.0,large
DPMM-Contrastive,CLEAR,DREX_neighborhood_symmetry,12,-0.03889,0,12,1.0,No,-0.5139,large
DPMM-Contrastive,CLEAR,LSEX_overall_quality,12,0.090005,12,0,0.000244,Yes,1.0,large
DPMM-Contrastive,CLEAR,LSEX_two_hop_connectivity,12,-0.089713,0,12,1.0,No,-1.0,large
DPMM-Contrastive,CLEAR,LSEX_radial_concentration,12,0.351116,12,0,0.000244,Yes,1.0,large
DPMM-Contrastive,CLEAR,LSEX_local_curvature,12,0.110006,12,0,0.000244,Yes,1.0,large
DPMM-Contrastive,CLEAR,LSEX_entropy_stability,12,-0.01139,0,12,1.0,No,-1.0,large
DPMM-Contrastive,CLEAR,SecPerEpoch,0,0.0,0,0,,No,-0.0,negligible
DPMM-Contrastive,CLEAR,PeakGPU_MB,0,0.0,0,0,,No,-0.0,negligible
DPMM-Contrastive,CLEAR,NumParams,0,0.0,0,0,,No,-0.0,negligible
DPMM-Contrastive,scDAC,NMI,12,0.138965,11,1,0.004639,Yes,0.75,large
DPMM-Contrastive,scDAC,ARI,12,0.089774,9,3,0.038574,Yes,0.6111,large
DPMM-Contrastive,scDAC,ASW,12,-0.162713,1,11,0.999756,No,-0.7361,large
DPMM-Contrastive,scDAC,DAV,12,-0.441231,0,12,1.0,No,-0.9583,large
DPMM-Contrastive,scDAC,CAL,12,-31664.942249,0,12,1.0,No,-1.0,large
DPMM-Contrastive,scDAC,COR,12,-3.832153,0,12,1.0,No,-1.0,large
DPMM-Contrastive,scDAC,DRE_umap_overall_quality,12,-0.068235,2,10,0.998291,No,-0.6944,large
DPMM-Contrastive,scDAC,DRE_umap_distance_correlation,12,-0.053892,4,8,0.898193,No,-0.3333,medium
DPMM-Contrastive,scDAC,DRE_umap_Q_local,12,-0.099268,1,11,0.999756,No,-0.9028,large
DPMM-Contrastive,scDAC,DRE_umap_Q_global,12,-0.051544,2,10,0.999268,No,-0.7222,large
DPMM-Contrastive,scDAC,DRE_tsne_overall_quality,12,-0.077423,1,11,0.999512,No,-0.7917,large
DPMM-Contrastive,scDAC,DRE_tsne_distance_correlation,12,-0.068958,3,9,0.991943,No,-0.4167,medium
DPMM-Contrastive,scDAC,DRE_tsne_Q_local,12,-0.089758,1,11,0.999512,No,-0.8472,large
DPMM-Contrastive,scDAC,DRE_tsne_Q_global,12,-0.073553,0,12,1.0,No,-0.9722,large
DPMM-Contrastive,scDAC,LSE_overall_quality,12,-0.236382,0,12,1.0,No,-0.9583,large
DPMM-Contrastive,scDAC,LSE_core_quality,12,-0.099704,2,10,0.999268,No,-0.8056,large
DPMM-Contrastive,scDAC,LSE_manifold_dimensionality,12,-0.199072,0,12,1.0,No,-0.9444,large
DPMM-Contrastive,scDAC,LSE_spectral_decay_rate,12,-0.125738,0,12,1.0,No,-0.9167,large
DPMM-Contrastive,scDAC,LSE_participation_ratio,12,-0.242684,2,10,0.973877,No,-0.6111,large
DPMM-Contrastive,scDAC,LSE_anisotropy_score,12,-0.168678,3,9,0.961426,No,-0.5,large
DPMM-Contrastive,scDAC,LSE_trajectory_directionality,12,-0.256191,0,12,1.0,No,-0.8889,large
DPMM-Contrastive,scDAC,LSE_noise_resilience,12,-0.537982,0,12,1.0,No,-0.9722,large
DPMM-Contrastive,scDAC,DREX_overall_quality,12,-0.039244,3,9,0.973877,No,-0.3194,small
DPMM-Contrastive,scDAC,DREX_trustworthiness,12,-0.101568,0,12,1.0,No,-1.0,large
DPMM-Contrastive,scDAC,DREX_continuity,12,-0.116293,0,12,1.0,No,-1.0,large
DPMM-Contrastive,scDAC,DREX_distance_spearman,12,-0.138651,1,11,0.997559,No,-0.6528,large
DPMM-Contrastive,scDAC,DREX_distance_pearson,12,0.268236,9,3,0.003418,Yes,0.6806,large
DPMM-Contrastive,scDAC,DREX_local_scale_quality,12,-0.038255,0,12,1.0,No,-0.9583,large
DPMM-Contrastive,scDAC,DREX_neighborhood_symmetry,12,-0.108931,0,12,1.0,No,-1.0,large
DPMM-Contrastive,scDAC,LSEX_overall_quality,12,0.118712,10,2,0.001221,Yes,0.7639,large
DPMM-Contrastive,scDAC,LSEX_two_hop_connectivity,12,0.020147,11,1,0.000488,Yes,0.8611,large
DPMM-Contrastive,scDAC,LSEX_radial_concentration,12,0.503778,10,2,0.001221,Yes,0.75,large
DPMM-Contrastive,scDAC,LSEX_local_curvature,12,-0.051331,3,9,0.986572,No,-0.4028,medium
DPMM-Contrastive,scDAC,LSEX_entropy_stability,12,0.002252,10,2,0.026123,Yes,0.3056,small
DPMM-Contrastive,scDAC,SecPerEpoch,0,0.0,0,0,,No,-0.0,negligible
DPMM-Contrastive,scDAC,PeakGPU_MB,0,0.0,0,0,,No,-0.0,negligible
DPMM-Contrastive,scDAC,NumParams,0,0.0,0,0,,No,-0.0,negligible
DPMM-Contrastive,scDeepCluster,NMI,12,0.125699,12,0,0.000244,Yes,0.8333,large
DPMM-Contrastive,scDeepCluster,ARI,12,0.107731,12,0,0.000244,Yes,0.6944,large
DPMM-Contrastive,scDeepCluster,ASW,12,0.18842,12,0,0.000244,Yes,1.0,large
DPMM-Contrastive,scDeepCluster,DAV,12,0.552623,12,0,0.000244,Yes,1.0,large
DPMM-Contrastive,scDeepCluster,CAL,12,266.674096,12,0,0.000244,Yes,0.9722,large
DPMM-Contrastive,scDeepCluster,COR,12,0.328733,9,3,0.101807,No,0.3333,medium
DPMM-Contrastive,scDeepCluster,DRE_umap_overall_quality,12,-0.006239,4,8,0.788086,No,-0.1389,negligible
DPMM-Contrastive,scDeepCluster,DRE_umap_distance_correlation,12,-0.098229,2,10,0.999268,No,-0.625,large
DPMM-Contrastive,scDeepCluster,DRE_umap_Q_local,12,0.108245,12,0,0.000244,Yes,0.9028,large
DPMM-Contrastive,scDeepCluster,DRE_umap_Q_global,12,-0.028733,3,9,0.997559,No,-0.4306,medium
DPMM-Contrastive,scDeepCluster,DRE_tsne_overall_quality,12,0.025252,7,5,0.088135,No,0.3333,medium
DPMM-Contrastive,scDeepCluster,DRE_tsne_distance_correlation,12,-0.063344,2,10,0.997559,No,-0.4861,large
DPMM-Contrastive,scDeepCluster,DRE_tsne_Q_local,12,0.131059,12,0,0.000244,Yes,0.9722,large
DPMM-Contrastive,scDeepCluster,DRE_tsne_Q_global,12,0.008041,8,4,0.284668,No,0.2778,small
DPMM-Contrastive,scDeepCluster,LSE_overall_quality,12,0.035407,9,3,0.038574,Yes,0.3472,medium
DPMM-Contrastive,scDeepCluster,LSE_core_quality,12,0.026168,10,2,0.02124,Yes,0.4444,medium
DPMM-Contrastive,scDeepCluster,LSE_manifold_dimensionality,12,0.032058,7,5,0.116699,No,0.1806,small
DPMM-Contrastive,scDeepCluster,LSE_spectral_decay_rate,12,-0.026698,3,9,0.935303,No,-0.3472,medium
DPMM-Contrastive,scDeepCluster,LSE_participation_ratio,12,0.060714,10,2,0.02124,Yes,0.3611,medium
DPMM-Contrastive,scDeepCluster,LSE_anisotropy_score,12,-0.038596,4,8,0.924316,No,-0.4583,medium
DPMM-Contrastive,scDeepCluster,LSE_trajectory_directionality,12,-0.112214,2,10,0.989502,No,-0.5417,large
DPMM-Contrastive,scDeepCluster,LSE_noise_resilience,12,0.066752,9,3,0.075684,No,0.2778,small
DPMM-Contrastive,scDeepCluster,DREX_overall_quality,12,-0.10613,0,12,1.0,No,-1.0,large
DPMM-Contrastive,scDeepCluster,DREX_trustworthiness,12,-0.063287,0,12,1.0,No,-0.9167,large
DPMM-Contrastive,scDeepCluster,DREX_continuity,12,-0.085868,0,12,1.0,No,-1.0,large
DPMM-Contrastive,scDeepCluster,DREX_distance_spearman,12,-0.183296,0,12,1.0,No,-0.9028,large
DPMM-Contrastive,scDeepCluster,DREX_distance_pearson,12,-0.229023,0,12,1.0,No,-0.9722,large
DPMM-Contrastive,scDeepCluster,DREX_local_scale_quality,12,-0.000726,5,7,0.545166,No,-0.0417,negligible
DPMM-Contrastive,scDeepCluster,DREX_neighborhood_symmetry,12,-0.074577,0,12,1.0,No,-1.0,large
DPMM-Contrastive,scDeepCluster,LSEX_overall_quality,12,0.039877,10,2,0.001221,Yes,0.9028,large
DPMM-Contrastive,scDeepCluster,LSEX_two_hop_connectivity,12,-0.049659,0,12,1.0,No,-1.0,large
DPMM-Contrastive,scDeepCluster,LSEX_radial_concentration,12,0.141737,11,1,0.000732,Yes,0.875,large
DPMM-Contrastive,scDeepCluster,LSEX_local_curvature,12,0.076309,12,0,0.000244,Yes,0.9722,large
DPMM-Contrastive,scDeepCluster,LSEX_entropy_stability,12,-0.008877,0,12,1.0,No,-1.0,large
DPMM-Contrastive,scDeepCluster,SecPerEpoch,0,0.0,0,0,,No,-0.0,negligible
DPMM-Contrastive,scDeepCluster,PeakGPU_MB,0,0.0,0,0,,No,-0.0,negligible
DPMM-Contrastive,scDeepCluster,NumParams,0,0.0,0,0,,No,-0.0,negligible
DPMM-Contrastive,scGNN,NMI,12,0.2226,12,0,0.000244,Yes,0.8472,large
DPMM-Contrastive,scGNN,ARI,12,0.188987,12,0,0.000244,Yes,0.8472,large
DPMM-Contrastive,scGNN,ASW,12,0.065666,11,1,0.001709,Yes,0.5694,large
DPMM-Contrastive,scGNN,DAV,12,0.144672,11,1,0.006104,Yes,0.4583,medium
DPMM-Contrastive,scGNN,CAL,12,193.504795,12,0,0.000244,Yes,0.7917,large
DPMM-Contrastive,scGNN,COR,12,-0.01459,7,5,0.515137,No,-0.0139,negligible
DPMM-Contrastive,scGNN,DRE_umap_overall_quality,12,-0.012574,5,7,0.661377,No,-0.125,negligible
DPMM-Contrastive,scGNN,DRE_umap_distance_correlation,12,-0.073509,4,8,0.924316,No,-0.4028,medium
DPMM-Contrastive,scGNN,DRE_umap_Q_local,12,0.039003,9,3,0.064697,No,0.4028,medium
DPMM-Contrastive,scGNN,DRE_umap_Q_global,12,-0.003215,5,7,0.604492,No,-0.0417,negligible
DPMM-Contrastive,scGNN,DRE_tsne_overall_quality,12,-0.001927,5,7,0.633301,No,0.0278,negligible
DPMM-Contrastive,scGNN,DRE_tsne_distance_correlation,12,-0.048195,3,9,0.945068,No,-0.375,medium
DPMM-Contrastive,scGNN,DRE_tsne_Q_local,12,0.031917,10,2,0.013428,Yes,0.3611,medium
DPMM-Contrastive,scGNN,DRE_tsne_Q_global,12,0.010497,6,6,0.366699,No,0.125,negligible
DPMM-Contrastive,scGNN,LSE_overall_quality,12,-0.019994,5,7,0.715332,No,-0.0417,negligible
DPMM-Contrastive,scGNN,LSE_core_quality,12,-0.003692,7,5,0.454834,No,0.1111,negligible
DPMM-Contrastive,scGNN,LSE_manifold_dimensionality,12,0.005198,5,7,0.454834,No,0.0,negligible
DPMM-Contrastive,scGNN,LSE_spectral_decay_rate,12,-0.092785,2,10,0.997559,No,-0.5139,large
DPMM-Contrastive,scGNN,LSE_participation_ratio,12,-0.066514,3,9,0.961426,No,-0.4306,medium
DPMM-Contrastive,scGNN,LSE_anisotropy_score,12,-0.139333,3,9,0.986572,No,-0.4722,medium
DPMM-Contrastive,scGNN,LSE_trajectory_directionality,12,0.022017,7,5,0.311035,No,0.1389,negligible
DPMM-Contrastive,scGNN,LSE_noise_resilience,12,-0.057548,6,6,0.715332,No,0.0833,negligible
DPMM-Contrastive,scGNN,DREX_overall_quality,12,-0.093882,2,10,0.999268,No,-0.8333,large
DPMM-Contrastive,scGNN,DREX_trustworthiness,12,-0.090963,0,12,1.0,No,-0.9583,large
DPMM-Contrastive,scGNN,DREX_continuity,12,-0.096693,0,12,1.0,No,-1.0,large
DPMM-Contrastive,scGNN,DREX_distance_spearman,12,-0.158423,3,9,0.995361,No,-0.6528,large
DPMM-Contrastive,scGNN,DREX_distance_pearson,12,-0.159079,3,9,0.997559,No,-0.7083,large
DPMM-Contrastive,scGNN,DREX_local_scale_quality,12,0.035696,9,3,0.01709,Yes,0.5139,large
DPMM-Contrastive,scGNN,DREX_neighborhood_symmetry,12,-0.093828,0,12,1.0,No,-0.9861,large
DPMM-Contrastive,scGNN,LSEX_overall_quality,12,0.039866,12,0,0.000244,Yes,0.9583,large
DPMM-Contrastive,scGNN,LSEX_two_hop_connectivity,12,-0.013198,2,10,0.998779,No,-0.6111,large
DPMM-Contrastive,scGNN,LSEX_radial_concentration,12,0.124845,10,2,0.001221,Yes,0.8889,large
DPMM-Contrastive,scGNN,LSEX_local_curvature,12,0.043243,11,1,0.000488,Yes,0.7778,large
DPMM-Contrastive,scGNN,LSEX_entropy_stability,12,0.004574,7,5,0.031982,Yes,0.2639,small
DPMM-Contrastive,scGNN,SecPerEpoch,0,0.0,0,0,,No,-0.0,negligible
DPMM-Contrastive,scGNN,PeakGPU_MB,0,0.0,0,0,,No,-0.0,negligible
DPMM-Contrastive,scGNN,NumParams,0,0.0,0,0,,No,-0.0,negligible
DPMM-Contrastive,siVAE,NMI,12,0.297096,12,0,0.000244,Yes,0.8472,large
DPMM-Contrastive,siVAE,ARI,12,0.223136,12,0,0.000244,Yes,0.8472,large
DPMM-Contrastive,siVAE,ASW,12,0.082997,12,0,0.000244,Yes,0.625,large
DPMM-Contrastive,siVAE,DAV,12,0.123335,8,4,0.010498,Yes,0.3611,medium
DPMM-Contrastive,siVAE,CAL,12,-463.355543,4,8,0.961426,No,-0.3611,medium
DPMM-Contrastive,siVAE,COR,12,-1.250831,4,8,0.97876,No,-0.4444,medium
DPMM-Contrastive,siVAE,DRE_umap_overall_quality,12,-0.087683,1,11,0.997559,No,-0.7778,large
DPMM-Contrastive,siVAE,DRE_umap_distance_correlation,12,-0.16628,1,11,0.999268,No,-0.8056,large
DPMM-Contrastive,siVAE,DRE_umap_Q_local,12,-0.012557,5,7,0.765137,No,-0.1111,negligible
DPMM-Contrastive,siVAE,DRE_umap_Q_global,12,-0.084212,1,11,0.999268,No,-0.8611,large
DPMM-Contrastive,siVAE,DRE_tsne_overall_quality,12,-0.062346,2,10,0.995361,No,-0.625,large
DPMM-Contrastive,siVAE,DRE_tsne_distance_correlation,12,-0.132753,1,11,0.998779,No,-0.7778,large
DPMM-Contrastive,siVAE,DRE_tsne_Q_local,12,0.007778,7,5,0.311035,No,0.0278,negligible
DPMM-Contrastive,siVAE,DRE_tsne_Q_global,12,-0.062064,1,11,0.998779,No,-0.6944,large
DPMM-Contrastive,siVAE,LSE_overall_quality,12,-0.187795,1,11,0.999512,No,-0.8194,large
DPMM-Contrastive,siVAE,LSE_core_quality,12,-0.031611,5,7,0.788086,No,0.0556,negligible
DPMM-Contrastive,siVAE,LSE_manifold_dimensionality,12,-0.213779,1,11,0.999512,No,-0.8333,large
DPMM-Contrastive,siVAE,LSE_spectral_decay_rate,12,-0.152218,1,11,0.999512,No,-0.8333,large
DPMM-Contrastive,siVAE,LSE_participation_ratio,12,0.094946,9,3,0.031982,Yes,0.5278,large
DPMM-Contrastive,siVAE,LSE_anisotropy_score,12,-0.144605,4,8,0.973877,No,-0.4583,medium
DPMM-Contrastive,siVAE,LSE_trajectory_directionality,12,-0.352373,1,11,0.999756,No,-0.8333,large
DPMM-Contrastive,siVAE,LSE_noise_resilience,12,-0.541328,2,10,0.999268,No,-0.7778,large
DPMM-Contrastive,siVAE,DREX_overall_quality,12,-0.139664,0,12,1.0,No,-1.0,large
DPMM-Contrastive,siVAE,DREX_trustworthiness,12,-0.09414,0,12,1.0,No,-1.0,large
DPMM-Contrastive,siVAE,DREX_continuity,12,-0.108321,0,12,1.0,No,-1.0,large
DPMM-Contrastive,siVAE,DREX_distance_spearman,12,-0.251813,0,12,1.0,No,-0.9306,large
DPMM-Contrastive,siVAE,DREX_distance_pearson,12,-0.256795,0,12,1.0,No,-0.9722,large
DPMM-Contrastive,siVAE,DREX_local_scale_quality,12,-0.025684,3,9,0.97876,No,-0.6111,large
DPMM-Contrastive,siVAE,DREX_neighborhood_symmetry,12,-0.101231,0,12,1.0,No,-1.0,large
DPMM-Contrastive,siVAE,LSEX_overall_quality,12,-0.004992,5,7,0.765137,No,-0.1667,small
DPMM-Contrastive,siVAE,LSEX_two_hop_connectivity,12,-0.011528,2,10,0.997559,No,-0.3472,medium
DPMM-Contrastive,siVAE,LSEX_radial_concentration,12,-0.043907,4,8,0.911865,No,-0.3611,medium
DPMM-Contrastive,siVAE,LSEX_local_curvature,12,0.041475,12,0,0.000244,Yes,0.6528,large
DPMM-Contrastive,siVAE,LSEX_entropy_stability,12,-0.006007,0,12,1.0,No,-0.7778,large
DPMM-Contrastive,siVAE,SecPerEpoch,0,0.0,0,0,,No,-0.0,negligible
DPMM-Contrastive,siVAE,PeakGPU_MB,0,0.0,0,0,,No,-0.0,negligible
DPMM-Contrastive,siVAE,NumParams,0,0.0,0,0,,No,-0.0,negligible
DPMM-Contrastive,scSMD,NMI,12,0.363268,12,0,0.000244,Yes,0.8472,large
DPMM-Contrastive,scSMD,ARI,12,0.251213,11,1,0.000488,Yes,0.8333,large
DPMM-Contrastive,scSMD,ASW,12,0.064824,8,4,0.038574,Yes,0.5,large
DPMM-Contrastive,scSMD,DAV,12,0.017987,6,6,0.484863,No,0.0278,negligible
DPMM-Contrastive,scSMD,CAL,12,-705.199366,4,8,0.97876,No,-0.4167,medium
DPMM-Contrastive,scSMD,COR,12,-3.042765,0,12,1.0,No,-1.0,large
DPMM-Contrastive,scSMD,DRE_umap_overall_quality,12,-0.102175,1,11,0.999268,No,-0.9028,large
DPMM-Contrastive,scSMD,DRE_umap_distance_correlation,12,-0.171032,1,11,0.999512,No,-0.8889,large
DPMM-Contrastive,scSMD,DRE_umap_Q_local,12,-0.04593,2,10,0.98291,No,-0.5278,large
DPMM-Contrastive,scSMD,DRE_umap_Q_global,12,-0.089562,1,11,0.999756,No,-0.9306,large
DPMM-Contrastive,scSMD,DRE_tsne_overall_quality,12,-0.09455,0,12,1.0,No,-0.9583,large
DPMM-Contrastive,scSMD,DRE_tsne_distance_correlation,12,-0.166117,1,11,0.999756,No,-0.9722,large
DPMM-Contrastive,scSMD,DRE_tsne_Q_local,12,-0.027258,3,9,0.961426,No,-0.375,medium
DPMM-Contrastive,scSMD,DRE_tsne_Q_global,12,-0.090275,0,12,1.0,No,-1.0,large
DPMM-Contrastive,scSMD,LSE_overall_quality,12,-0.230175,0,12,1.0,No,-1.0,large
DPMM-Contrastive,scSMD,LSE_core_quality,12,-0.043468,4,8,0.953857,No,-0.1389,negligible
DPMM-Contrastive,scSMD,LSE_manifold_dimensionality,12,-0.254678,0,12,1.0,No,-1.0,large
DPMM-Contrastive,scSMD,LSE_spectral_decay_rate,12,-0.174457,0,12,1.0,No,-1.0,large
DPMM-Contrastive,scSMD,LSE_participation_ratio,12,0.119254,10,2,0.026123,Yes,0.6667,large
DPMM-Contrastive,scSMD,LSE_anisotropy_score,12,-0.136011,2,10,0.97876,No,-0.6667,large
DPMM-Contrastive,scSMD,LSE_trajectory_directionality,12,-0.386905,0,12,1.0,No,-1.0,large
DPMM-Contrastive,scSMD,LSE_noise_resilience,12,-0.653667,0,12,1.0,No,-1.0,large
DPMM-Contrastive,scSMD,DREX_overall_quality,12,-0.127255,0,12,1.0,No,-0.9722,large
DPMM-Contrastive,scSMD,DREX_trustworthiness,12,-0.097592,0,12,1.0,No,-1.0,large
DPMM-Contrastive,scSMD,DREX_continuity,12,-0.111066,0,12,1.0,No,-1.0,large
DPMM-Contrastive,scSMD,DREX_distance_spearman,12,-0.256607,0,12,1.0,No,-0.9861,large
DPMM-Contrastive,scSMD,DREX_distance_pearson,12,-0.18286,1,11,0.993896,No,-0.75,large
DPMM-Contrastive,scSMD,DREX_local_scale_quality,12,-0.011075,2,10,0.995361,No,-0.4444,medium
DPMM-Contrastive,scSMD,DREX_neighborhood_symmetry,12,-0.104329,0,12,1.0,No,-1.0,large
DPMM-Contrastive,scSMD,LSEX_overall_quality,12,-0.003923,3,9,0.830322,No,-0.2778,small
DPMM-Contrastive,scSMD,LSEX_two_hop_connectivity,12,-0.00342,5,7,0.661377,No,-0.1944,small
DPMM-Contrastive,scSMD,LSEX_radial_concentration,12,-0.035126,3,9,0.866943,No,-0.3889,medium
DPMM-Contrastive,scSMD,LSEX_local_curvature,12,0.027768,8,4,0.046143,Yes,0.4861,large
DPMM-Contrastive,scSMD,LSEX_entropy_stability,12,-0.004912,1,11,0.998291,No,-0.6944,large
DPMM-Contrastive,scSMD,SecPerEpoch,0,0.0,0,0,,No,-0.0,negligible
DPMM-Contrastive,scSMD,PeakGPU_MB,0,0.0,0,0,,No,-0.0,negligible
DPMM-Contrastive,scSMD,NumParams,0,0.0,0,0,,No,-0.0,negligible
DPMM-Contrastive,scDiffusion,NMI,12,0.416292,12,0,0.000244,Yes,0.8472,large
DPMM-Contrastive,scDiffusion,ARI,12,0.287438,12,0,0.000244,Yes,0.8611,large
DPMM-Contrastive,scDiffusion,ASW,12,0.223613,12,0,0.000244,Yes,1.0,large
DPMM-Contrastive,scDiffusion,DAV,12,0.596687,12,0,0.000244,Yes,1.0,large
DPMM-Contrastive,scDiffusion,CAL,12,299.27005,12,0,0.000244,Yes,0.9861,large
DPMM-Contrastive,scDiffusion,COR,12,1.660806,12,0,0.000244,Yes,1.0,large
DPMM-Contrastive,scDiffusion,DRE_umap_overall_quality,12,0.015303,6,6,0.311035,No,0.0972,negligible
DPMM-Contrastive,scDiffusion,DRE_umap_distance_correlation,12,-0.060989,3,9,0.945068,No,-0.3611,medium
DPMM-Contrastive,scDiffusion,DRE_umap_Q_local,12,0.128833,11,1,0.000488,Yes,0.8889,large
DPMM-Contrastive,scDiffusion,DRE_umap_Q_global,12,-0.021936,4,8,0.935303,No,-0.2639,small
DPMM-Contrastive,scDiffusion,DRE_tsne_overall_quality,12,0.082546,12,0,0.000244,Yes,0.7083,large
DPMM-Contrastive,scDiffusion,DRE_tsne_distance_correlation,12,0.001532,7,5,0.545166,No,0.1528,small
DPMM-Contrastive,scDiffusion,DRE_tsne_Q_local,12,0.203796,12,0,0.000244,Yes,1.0,large
DPMM-Contrastive,scDiffusion,DRE_tsne_Q_global,12,0.04231,9,3,0.004639,Yes,0.5694,large
DPMM-Contrastive,scDiffusion,LSE_overall_quality,12,0.022558,10,2,0.088135,No,0.3056,small
DPMM-Contrastive,scDiffusion,LSE_core_quality,12,0.011595,9,3,0.046143,Yes,0.375,medium
DPMM-Contrastive,scDiffusion,LSE_manifold_dimensionality,12,0.049687,9,3,0.064697,No,0.2917,small
DPMM-Contrastive,scDiffusion,LSE_spectral_decay_rate,12,0.002997,6,6,0.545166,No,0.0972,negligible
DPMM-Contrastive,scDiffusion,LSE_participation_ratio,12,-0.041421,4,8,0.945068,No,-0.1806,small
DPMM-Contrastive,scDiffusion,LSE_anisotropy_score,12,-0.035117,4,8,0.866943,No,-0.3472,medium
DPMM-Contrastive,scDiffusion,LSE_trajectory_directionality,12,0.025603,7,5,0.190186,No,0.1667,small
DPMM-Contrastive,scDiffusion,LSE_noise_resilience,12,0.060687,9,3,0.064697,No,0.3194,small
DPMM-Contrastive,scDiffusion,DREX_overall_quality,12,-0.080666,2,10,0.999268,No,-0.7361,large
DPMM-Contrastive,scDiffusion,DREX_trustworthiness,12,-0.036636,4,8,0.911865,No,-0.4167,medium
DPMM-Contrastive,scDiffusion,DREX_continuity,12,-0.07018,0,12,1.0,No,-0.9444,large
DPMM-Contrastive,scDiffusion,DREX_distance_spearman,12,-0.145801,2,10,0.998291,No,-0.5972,large
DPMM-Contrastive,scDiffusion,DREX_distance_pearson,12,-0.191517,0,12,1.0,No,-0.7639,large
DPMM-Contrastive,scDiffusion,DREX_local_scale_quality,12,0.013548,10,2,0.006104,Yes,0.5972,large
DPMM-Contrastive,scDiffusion,DREX_neighborhood_symmetry,12,-0.053408,1,11,0.999268,No,-0.75,large
DPMM-Contrastive,scDiffusion,LSEX_overall_quality,12,0.040493,12,0,0.000244,Yes,1.0,large
DPMM-Contrastive,scDiffusion,LSEX_two_hop_connectivity,12,-0.066093,0,12,1.0,No,-1.0,large
DPMM-Contrastive,scDiffusion,LSEX_radial_concentration,12,0.14312,12,0,0.000244,Yes,1.0,large
DPMM-Contrastive,scDiffusion,LSEX_local_curvature,12,0.095441,12,0,0.000244,Yes,1.0,large
DPMM-Contrastive,scDiffusion,LSEX_entropy_stability,12,-0.010495,0,12,1.0,No,-1.0,large
DPMM-Contrastive,scDiffusion,SecPerEpoch,0,0.0,0,0,,No,-0.0,negligible
DPMM-Contrastive,scDiffusion,PeakGPU_MB,0,0.0,0,0,,No,-0.0,negligible
DPMM-Contrastive,scDiffusion,NumParams,0,0.0,0,0,,No,-0.0,negligible
DPMM-Contrastive,CellBLAST,NMI,12,0.394817,12,0,0.000244,Yes,0.8472,large
DPMM-Contrastive,CellBLAST,ARI,12,0.271573,12,0,0.000244,Yes,0.8472,large
DPMM-Contrastive,CellBLAST,ASW,12,0.293642,12,0,0.000244,Yes,1.0,large
DPMM-Contrastive,CellBLAST,DAV,12,1.051627,12,0,0.000244,Yes,1.0,large
DPMM-Contrastive,CellBLAST,CAL,12,348.944485,12,0,0.000244,Yes,1.0,large
DPMM-Contrastive,CellBLAST,COR,12,2.598122,12,0,0.000244,Yes,1.0,large
DPMM-Contrastive,CellBLAST,DRE_umap_overall_quality,12,0.1811,12,0,0.000244,Yes,1.0,large
DPMM-Contrastive,CellBLAST,DRE_umap_distance_correlation,12,0.185354,12,0,0.000244,Yes,0.8889,large
DPMM-Contrastive,CellBLAST,DRE_umap_Q_local,12,0.284483,12,0,0.000244,Yes,1.0,large
DPMM-Contrastive,CellBLAST,DRE_umap_Q_global,12,0.073464,12,0,0.000244,Yes,0.9444,large
DPMM-Contrastive,CellBLAST,DRE_tsne_overall_quality,12,0.235811,12,0,0.000244,Yes,1.0,large
DPMM-Contrastive,CellBLAST,DRE_tsne_distance_correlation,12,0.203532,12,0,0.000244,Yes,0.9306,large
DPMM-Contrastive,CellBLAST,DRE_tsne_Q_local,12,0.364753,12,0,0.000244,Yes,1.0,large
DPMM-Contrastive,CellBLAST,DRE_tsne_Q_global,12,0.139147,12,0,0.000244,Yes,1.0,large
DPMM-Contrastive,CellBLAST,LSE_overall_quality,12,0.055883,7,5,0.088135,No,0.2917,small
DPMM-Contrastive,CellBLAST,LSE_core_quality,12,-0.032655,2,10,0.898193,No,-0.5139,large
DPMM-Contrastive,CellBLAST,LSE_manifold_dimensionality,12,0.179406,12,0,0.000244,Yes,1.0,large
DPMM-Contrastive,CellBLAST,LSE_spectral_decay_rate,12,0.170695,12,0,0.000244,Yes,1.0,large
DPMM-Contrastive,CellBLAST,LSE_participation_ratio,12,-0.283803,2,10,0.989502,No,-0.7361,large
DPMM-Contrastive,CellBLAST,LSE_anisotropy_score,12,0.196919,10,2,0.031982,Yes,0.6667,large
DPMM-Contrastive,CellBLAST,LSE_trajectory_directionality,12,0.235694,12,0,0.000244,Yes,1.0,large
DPMM-Contrastive,CellBLAST,LSE_noise_resilience,12,0.2689,12,0,0.000244,Yes,1.0,large
DPMM-Contrastive,CellBLAST,DREX_overall_quality,12,0.049022,9,3,0.010498,Yes,0.5417,large
DPMM-Contrastive,CellBLAST,DREX_trustworthiness,12,0.070529,11,1,0.001221,Yes,0.7361,large
DPMM-Contrastive,CellBLAST,DREX_continuity,12,0.005069,7,5,0.338623,No,0.2083,small
DPMM-Contrastive,CellBLAST,DREX_distance_spearman,12,0.102204,9,3,0.02124,Yes,0.5556,large
DPMM-Contrastive,CellBLAST,DREX_distance_pearson,12,0.043464,9,3,0.088135,No,0.3056,small
DPMM-Contrastive,CellBLAST,DREX_local_scale_quality,12,0.035066,12,0,0.000244,Yes,1.0,large
DPMM-Contrastive,CellBLAST,DREX_neighborhood_symmetry,12,0.037799,9,3,0.026123,Yes,0.5694,large
DPMM-Contrastive,CellBLAST,LSEX_overall_quality,12,0.046118,12,0,0.000244,Yes,1.0,large
DPMM-Contrastive,CellBLAST,LSEX_two_hop_connectivity,12,-0.108927,0,12,1.0,No,-1.0,large
DPMM-Contrastive,CellBLAST,LSEX_radial_concentration,12,0.189132,12,0,0.000244,Yes,1.0,large
DPMM-Contrastive,CellBLAST,LSEX_local_curvature,12,0.115766,12,0,0.000244,Yes,1.0,large
DPMM-Contrastive,CellBLAST,LSEX_entropy_stability,12,-0.011497,0,12,1.0,No,-1.0,large
DPMM-Contrastive,CellBLAST,SecPerEpoch,0,0.0,0,0,,No,-0.0,negligible
DPMM-Contrastive,CellBLAST,PeakGPU_MB,0,0.0,0,0,,No,-0.0,negligible
DPMM-Contrastive,CellBLAST,NumParams,0,0.0,0,0,,No,-0.0,negligible
DPMM-Contrastive,SCALEX,NMI,12,0.416399,12,0,0.000244,Yes,0.8611,large
DPMM-Contrastive,SCALEX,ARI,12,0.262804,10,2,0.001221,Yes,0.7639,large
DPMM-Contrastive,SCALEX,ASW,12,0.308471,12,0,0.000244,Yes,1.0,large
DPMM-Contrastive,SCALEX,DAV,12,1.049954,12,0,0.000244,Yes,1.0,large
DPMM-Contrastive,SCALEX,CAL,12,355.222532,12,0,0.000244,Yes,1.0,large
DPMM-Contrastive,SCALEX,COR,12,2.838733,12,0,0.000244,Yes,1.0,large
DPMM-Contrastive,SCALEX,DRE_umap_overall_quality,12,0.278726,12,0,0.000244,Yes,1.0,large
DPMM-Contrastive,SCALEX,DRE_umap_distance_correlation,12,0.358188,12,0,0.000244,Yes,1.0,large
DPMM-Contrastive,SCALEX,DRE_umap_Q_local,12,0.345286,12,0,0.000244,Yes,1.0,large
DPMM-Contrastive,SCALEX,DRE_umap_Q_global,12,0.132703,12,0,0.000244,Yes,1.0,large
DPMM-Contrastive,SCALEX,DRE_tsne_overall_quality,12,0.285328,12,0,0.000244,Yes,1.0,large
DPMM-Contrastive,SCALEX,DRE_tsne_distance_correlation,12,0.266242,12,0,0.000244,Yes,1.0,large
DPMM-Contrastive,SCALEX,DRE_tsne_Q_local,12,0.412122,12,0,0.000244,Yes,1.0,large
DPMM-Contrastive,SCALEX,DRE_tsne_Q_global,12,0.177619,12,0,0.000244,Yes,1.0,large
DPMM-Contrastive,SCALEX,LSE_overall_quality,12,0.066253,6,6,0.190186,No,0.2222,small
DPMM-Contrastive,SCALEX,LSE_core_quality,12,-0.028012,2,10,0.898193,No,-0.5417,large
DPMM-Contrastive,SCALEX,LSE_manifold_dimensionality,12,0.280537,12,0,0.000244,Yes,1.0,large
DPMM-Contrastive,SCALEX,LSE_spectral_decay_rate,12,0.212526,12,0,0.000244,Yes,1.0,large
DPMM-Contrastive,SCALEX,LSE_participation_ratio,12,-0.36601,2,10,0.968018,No,-0.6667,large
DPMM-Contrastive,SCALEX,LSE_anisotropy_score,12,0.239101,10,2,0.054932,No,0.6667,large
DPMM-Contrastive,SCALEX,LSE_trajectory_directionality,12,0.318985,12,0,0.000244,Yes,1.0,large
DPMM-Contrastive,SCALEX,LSE_noise_resilience,12,0.291956,12,0,0.000244,Yes,1.0,large
DPMM-Contrastive,SCALEX,DREX_overall_quality,12,0.133494,12,0,0.000244,Yes,1.0,large
DPMM-Contrastive,SCALEX,DREX_trustworthiness,12,0.121934,11,1,0.000488,Yes,0.9167,large
DPMM-Contrastive,SCALEX,DREX_continuity,12,0.044244,10,2,0.01709,Yes,0.5556,large
DPMM-Contrastive,SCALEX,DREX_distance_spearman,12,0.276223,12,0,0.000244,Yes,0.9861,large
DPMM-Contrastive,SCALEX,DREX_distance_pearson,12,0.235497,11,1,0.000488,Yes,0.9583,large
DPMM-Contrastive,SCALEX,DREX_local_scale_quality,12,0.039978,12,0,0.000244,Yes,1.0,large
DPMM-Contrastive,SCALEX,DREX_neighborhood_symmetry,12,0.083089,11,1,0.000732,Yes,0.8194,large
DPMM-Contrastive,SCALEX,LSEX_overall_quality,12,0.03408,12,0,0.000244,Yes,0.9028,large
DPMM-Contrastive,SCALEX,LSEX_two_hop_connectivity,12,-0.109692,0,12,1.0,No,-1.0,large
DPMM-Contrastive,SCALEX,LSEX_radial_concentration,12,0.141342,12,0,0.000244,Yes,0.8889,large
DPMM-Contrastive,SCALEX,LSEX_local_curvature,12,0.116187,12,0,0.000244,Yes,1.0,large
DPMM-Contrastive,SCALEX,LSEX_entropy_stability,12,-0.011517,0,12,1.0,No,-1.0,large
DPMM-Contrastive,SCALEX,SecPerEpoch,0,0.0,0,0,,No,-0.0,negligible
DPMM-Contrastive,SCALEX,PeakGPU_MB,0,0.0,0,0,,No,-0.0,negligible
DPMM-Contrastive,SCALEX,NumParams,0,0.0,0,0,,No,-0.0,negligible
DPMM-Contrastive,GMVAE,NMI,12,0.422336,12,0,0.000244,Yes,0.8611,large
DPMM-Contrastive,GMVAE,ARI,12,0.289845,12,0,0.000244,Yes,0.875,large
DPMM-Contrastive,GMVAE,ASW,12,0.33314,12,0,0.000244,Yes,1.0,large
DPMM-Contrastive,GMVAE,DAV,12,1.859836,12,0,0.000244,Yes,1.0,large
DPMM-Contrastive,GMVAE,CAL,12,367.181552,12,0,0.000244,Yes,1.0,large
DPMM-Contrastive,GMVAE,COR,12,2.861851,12,0,0.000244,Yes,1.0,large
DPMM-Contrastive,GMVAE,DRE_umap_overall_quality,12,0.370294,12,0,0.000244,Yes,1.0,large
DPMM-Contrastive,GMVAE,DRE_umap_distance_correlation,12,0.491483,12,0,0.000244,Yes,1.0,large
DPMM-Contrastive,GMVAE,DRE_umap_Q_local,12,0.428622,12,0,0.000244,Yes,1.0,large
DPMM-Contrastive,GMVAE,DRE_umap_Q_global,12,0.190776,12,0,0.000244,Yes,1.0,large
DPMM-Contrastive,GMVAE,DRE_tsne_overall_quality,12,0.373445,12,0,0.000244,Yes,1.0,large
DPMM-Contrastive,GMVAE,DRE_tsne_distance_correlation,12,0.415848,12,0,0.000244,Yes,1.0,large
DPMM-Contrastive,GMVAE,DRE_tsne_Q_local,12,0.471861,12,0,0.000244,Yes,1.0,large
DPMM-Contrastive,GMVAE,DRE_tsne_Q_global,12,0.232626,12,0,0.000244,Yes,1.0,large
DPMM-Contrastive,GMVAE,LSE_overall_quality,12,0.084983,9,3,0.046143,Yes,0.4444,medium
DPMM-Contrastive,GMVAE,LSE_core_quality,12,-0.018033,2,10,0.898193,No,-0.5556,large
DPMM-Contrastive,GMVAE,LSE_manifold_dimensionality,12,0.362148,12,0,0.000244,Yes,1.0,large
DPMM-Contrastive,GMVAE,LSE_spectral_decay_rate,12,0.265479,12,0,0.000244,Yes,1.0,large
DPMM-Contrastive,GMVAE,LSE_participation_ratio,12,-0.424132,2,10,0.98291,No,-0.6667,large
DPMM-Contrastive,GMVAE,LSE_anisotropy_score,12,0.275626,10,2,0.038574,Yes,0.6667,large
DPMM-Contrastive,GMVAE,LSE_trajectory_directionality,12,0.417891,12,0,0.000244,Yes,1.0,large
DPMM-Contrastive,GMVAE,LSE_noise_resilience,12,0.322146,12,0,0.000244,Yes,1.0,large
DPMM-Contrastive,GMVAE,DREX_overall_quality,12,0.219197,12,0,0.000244,Yes,1.0,large
DPMM-Contrastive,GMVAE,DREX_trustworthiness,12,0.188356,12,0,0.000244,Yes,1.0,large
DPMM-Contrastive,GMVAE,DREX_continuity,12,0.132763,12,0,0.000244,Yes,1.0,large
DPMM-Contrastive,GMVAE,DREX_distance_spearman,12,0.41042,12,0,0.000244,Yes,1.0,large
DPMM-Contrastive,GMVAE,DREX_distance_pearson,12,0.363221,12,0,0.000244,Yes,1.0,large
DPMM-Contrastive,GMVAE,DREX_local_scale_quality,12,0.059862,12,0,0.000244,Yes,1.0,large
DPMM-Contrastive,GMVAE,DREX_neighborhood_symmetry,12,0.16056,12,0,0.000244,Yes,1.0,large
DPMM-Contrastive,GMVAE,LSEX_overall_quality,12,0.060154,12,0,0.000244,Yes,1.0,large
DPMM-Contrastive,GMVAE,LSEX_two_hop_connectivity,12,-0.166099,0,12,1.0,No,-1.0,large
DPMM-Contrastive,GMVAE,LSEX_radial_concentration,12,0.281807,12,0,0.000244,Yes,1.0,large
DPMM-Contrastive,GMVAE,LSEX_local_curvature,12,0.137191,12,0,0.000244,Yes,1.0,large
DPMM-Contrastive,GMVAE,LSEX_entropy_stability,12,-0.012282,0,12,1.0,No,-1.0,large
DPMM-Contrastive,GMVAE,SecPerEpoch,0,0.0,0,0,,No,-0.0,negligible
DPMM-Contrastive,GMVAE,PeakGPU_MB,0,0.0,0,0,,No,-0.0,negligible
DPMM-Contrastive,GMVAE,NumParams,0,0.0,0,0,,No,-0.0,negligible
Topic-Base,scDHMap,NMI,12,0.001712,5,7,0.633301,No,0.0278,negligible
Topic-Base,scDHMap,ARI,12,-0.001489,6,6,0.688965,No,-0.0278,negligible
Topic-Base,scDHMap,ASW,12,0.072151,11,1,0.010498,Yes,0.5694,large
Topic-Base,scDHMap,DAV,12,0.040842,8,4,0.133057,No,0.25,small
Topic-Base,scDHMap,CAL,12,77.794286,10,2,0.075684,No,0.4167,medium
Topic-Base,scDHMap,COR,12,-2.508318,0,12,1.0,No,-1.0,large
Topic-Base,scDHMap,DRE_umap_overall_quality,12,-0.017693,6,6,0.661377,No,-0.1806,small
Topic-Base,scDHMap,DRE_umap_distance_correlation,12,-0.019564,5,7,0.633301,No,-0.1111,negligible
Topic-Base,scDHMap,DRE_umap_Q_local,12,-0.006162,6,6,0.545166,No,-0.0417,negligible
Topic-Base,scDHMap,DRE_umap_Q_global,12,-0.027354,3,9,0.98291,No,-0.3333,medium
Topic-Base,scDHMap,DRE_tsne_overall_quality,12,-0.018347,6,6,0.604492,No,-0.0972,negligible
Topic-Base,scDHMap,DRE_tsne_distance_correlation,12,-0.037516,5,7,0.715332,No,-0.0833,negligible
Topic-Base,scDHMap,DRE_tsne_Q_local,12,0.002516,9,3,0.284668,No,0.0694,negligible
Topic-Base,scDHMap,DRE_tsne_Q_global,12,-0.02004,5,7,0.924316,No,-0.2361,small
Topic-Base,scDHMap,LSE_overall_quality,12,-0.078313,5,7,0.961426,No,-0.3194,small
Topic-Base,scDHMap,LSE_core_quality,12,0.032068,10,2,0.116699,No,0.6389,large
Topic-Base,scDHMap,LSE_manifold_dimensionality,12,-0.30339,0,12,1.0,No,-1.0,large
Topic-Base,scDHMap,LSE_spectral_decay_rate,12,-0.122578,0,12,1.0,No,-0.9722,large
Topic-Base,scDHMap,LSE_participation_ratio,12,0.223588,10,2,0.002441,Yes,0.6389,large
Topic-Base,scDHMap,LSE_anisotropy_score,12,-0.330651,2,10,0.999268,No,-0.6667,large
Topic-Base,scDHMap,LSE_trajectory_directionality,12,-0.121322,1,11,0.998779,No,-0.5972,large
Topic-Base,scDHMap,LSE_noise_resilience,12,-0.366612,0,12,1.0,No,-0.8472,large
Topic-Base,scDHMap,DREX_overall_quality,12,-0.117666,0,12,1.0,No,-0.9444,large
Topic-Base,scDHMap,DREX_trustworthiness,12,-0.092599,0,12,1.0,No,-1.0,large
Topic-Base,scDHMap,DREX_continuity,12,-0.137372,0,12,1.0,No,-1.0,large
Topic-Base,scDHMap,DREX_distance_spearman,12,-0.163333,1,11,0.999756,No,-0.8056,large
Topic-Base,scDHMap,DREX_distance_pearson,12,-0.140348,1,11,0.999268,No,-0.7222,large
Topic-Base,scDHMap,DREX_local_scale_quality,12,-0.057356,0,12,1.0,No,-0.9861,large
Topic-Base,scDHMap,DREX_neighborhood_symmetry,12,-0.114986,0,12,1.0,No,-1.0,large
Topic-Base,scDHMap,LSEX_overall_quality,12,0.028799,12,0,0.000244,Yes,0.9583,large
Topic-Base,scDHMap,LSEX_two_hop_connectivity,12,-0.011374,2,10,0.98291,No,-0.625,large
Topic-Base,scDHMap,LSEX_radial_concentration,12,0.053032,10,2,0.006104,Yes,0.6389,large
Topic-Base,scDHMap,LSEX_local_curvature,12,0.080804,11,1,0.000488,Yes,0.9167,large
Topic-Base,scDHMap,LSEX_entropy_stability,12,-0.007265,1,11,0.998779,No,-0.7639,large
Topic-Base,scDHMap,SecPerEpoch,0,0.0,0,0,,No,-0.0,negligible
Topic-Base,scDHMap,PeakGPU_MB,0,0.0,0,0,,No,-0.0,negligible
Topic-Base,scDHMap,NumParams,0,0.0,0,0,,No,-0.0,negligible
Topic-Base,CLEAR,NMI,12,-0.03603,2,10,0.995361,No,-0.3194,small
Topic-Base,CLEAR,ARI,12,-0.037711,5,7,0.945068,No,-0.1806,small
Topic-Base,CLEAR,ASW,12,0.341074,12,0,0.000244,Yes,1.0,large
Topic-Base,CLEAR,DAV,12,2.078911,12,0,0.000244,Yes,1.0,large
Topic-Base,CLEAR,CAL,12,378.230222,12,0,0.000244,Yes,1.0,large
Topic-Base,CLEAR,COR,12,-11.53748,0,12,1.0,No,-1.0,large
Topic-Base,CLEAR,DRE_umap_overall_quality,12,0.232874,12,0,0.000244,Yes,1.0,large
Topic-Base,CLEAR,DRE_umap_distance_correlation,12,0.335573,12,0,0.000244,Yes,1.0,large
Topic-Base,CLEAR,DRE_umap_Q_local,12,0.240881,12,0,0.000244,Yes,1.0,large
Topic-Base,CLEAR,DRE_umap_Q_global,12,0.122168,12,0,0.000244,Yes,1.0,large
Topic-Base,CLEAR,DRE_tsne_overall_quality,12,0.230567,12,0,0.000244,Yes,1.0,large
Topic-Base,CLEAR,DRE_tsne_distance_correlation,12,0.308985,12,0,0.000244,Yes,1.0,large
Topic-Base,CLEAR,DRE_tsne_Q_local,12,0.253556,12,0,0.000244,Yes,1.0,large
Topic-Base,CLEAR,DRE_tsne_Q_global,12,0.129159,12,0,0.000244,Yes,1.0,large
Topic-Base,CLEAR,LSE_overall_quality,12,0.114959,12,0,0.000244,Yes,1.0,large
Topic-Base,CLEAR,LSE_core_quality,12,0.091455,12,0,0.000244,Yes,0.9722,large
Topic-Base,CLEAR,LSE_manifold_dimensionality,12,-0.076879,3,9,0.98291,No,-0.5972,large
Topic-Base,CLEAR,LSE_spectral_decay_rate,12,0.284029,12,0,0.000244,Yes,1.0,large
Topic-Base,CLEAR,LSE_participation_ratio,12,0.168958,9,3,0.008057,Yes,0.6389,large
Topic-Base,CLEAR,LSE_anisotropy_score,12,0.010287,8,4,0.338623,No,0.375,medium
Topic-Base,CLEAR,LSE_trajectory_directionality,12,0.284524,12,0,0.000244,Yes,1.0,large
Topic-Base,CLEAR,LSE_noise_resilience,12,0.133131,12,0,0.000244,Yes,1.0,large
Topic-Base,CLEAR,DREX_overall_quality,12,0.051219,10,2,0.002441,Yes,0.4028,medium
Topic-Base,CLEAR,DREX_trustworthiness,12,-0.016432,2,10,0.986572,No,-0.2222,small
Topic-Base,CLEAR,DREX_continuity,12,-0.077411,0,12,1.0,No,-0.625,large
Topic-Base,CLEAR,DREX_distance_spearman,12,0.194223,11,1,0.000488,Yes,0.8333,large
Topic-Base,CLEAR,DREX_distance_pearson,12,0.190396,11,1,0.000488,Yes,0.9028,large
Topic-Base,CLEAR,DREX_local_scale_quality,12,0.063462,12,0,0.000244,Yes,1.0,large
Topic-Base,CLEAR,DREX_neighborhood_symmetry,12,-0.046922,0,12,1.0,No,-0.4861,large
Topic-Base,CLEAR,LSEX_overall_quality,12,0.060466,12,0,0.000244,Yes,1.0,large
Topic-Base,CLEAR,LSEX_two_hop_connectivity,12,-0.099673,0,12,1.0,No,-1.0,large
Topic-Base,CLEAR,LSEX_radial_concentration,12,0.206878,12,0,0.000244,Yes,1.0,large
Topic-Base,CLEAR,LSEX_local_curvature,12,0.152104,12,0,0.000244,Yes,1.0,large
Topic-Base,CLEAR,LSEX_entropy_stability,12,-0.017443,0,12,1.0,No,-1.0,large
Topic-Base,CLEAR,SecPerEpoch,0,0.0,0,0,,No,-0.0,negligible
Topic-Base,CLEAR,PeakGPU_MB,0,0.0,0,0,,No,-0.0,negligible
Topic-Base,CLEAR,NumParams,0,0.0,0,0,,No,-0.0,negligible
Topic-Base,scDAC,NMI,12,0.155846,11,1,0.003418,Yes,0.8194,large
Topic-Base,scDAC,ARI,12,0.113293,8,4,0.038574,Yes,0.5972,large
Topic-Base,scDAC,ASW,12,-0.1212,3,9,0.991943,No,-0.5417,large
Topic-Base,scDAC,DAV,12,-0.431865,0,12,1.0,No,-0.9861,large
Topic-Base,scDAC,CAL,12,-31650.964267,0,12,1.0,No,-1.0,large
Topic-Base,scDAC,COR,12,-6.023868,0,12,1.0,No,-1.0,large
Topic-Base,scDAC,DRE_umap_overall_quality,12,-0.022374,3,9,0.883301,No,-0.3611,medium
Topic-Base,scDAC,DRE_umap_distance_correlation,12,0.028258,7,5,0.190186,No,0.2222,small
Topic-Base,scDAC,DRE_umap_Q_local,12,-0.056962,1,11,0.999512,No,-0.7778,large
Topic-Base,scDAC,DRE_umap_Q_global,12,-0.038419,2,10,0.989502,No,-0.6667,large
Topic-Base,scDAC,DRE_tsne_overall_quality,12,-0.05579,1,11,0.997559,No,-0.5972,large
Topic-Base,scDAC,DRE_tsne_distance_correlation,12,-0.036238,6,6,0.788086,No,-0.1528,small
Topic-Base,scDAC,DRE_tsne_Q_local,12,-0.056619,1,11,0.995361,No,-0.6806,large
Topic-Base,scDAC,DRE_tsne_Q_global,12,-0.074512,0,12,1.0,No,-0.9167,large
Topic-Base,scDAC,LSE_overall_quality,12,-0.264123,0,12,1.0,No,-1.0,large
Topic-Base,scDAC,LSE_core_quality,12,-0.057265,4,8,0.961426,No,-0.1944,small
Topic-Base,scDAC,LSE_manifold_dimensionality,12,-0.340608,0,12,1.0,No,-1.0,large
Topic-Base,scDAC,LSE_spectral_decay_rate,12,-0.106865,0,12,1.0,No,-0.9028,large
Topic-Base,scDAC,LSE_participation_ratio,12,-0.059176,4,8,0.765137,No,-0.1111,negligible
Topic-Base,scDAC,LSE_anisotropy_score,12,-0.277587,3,9,0.995361,No,-0.5556,large
Topic-Base,scDAC,LSE_trajectory_directionality,12,-0.390296,0,12,1.0,No,-0.9583,large
Topic-Base,scDAC,LSE_noise_resilience,12,-0.727969,0,12,1.0,No,-1.0,large
Topic-Base,scDAC,DREX_overall_quality,12,-0.030238,4,8,0.849365,No,-0.1944,small
Topic-Base,scDAC,DREX_trustworthiness,12,-0.088542,0,12,1.0,No,-1.0,large
Topic-Base,scDAC,DREX_continuity,12,-0.145383,0,12,1.0,No,-1.0,large
Topic-Base,scDAC,DREX_distance_spearman,12,-0.115157,3,9,0.97876,No,-0.6111,large
Topic-Base,scDAC,DREX_distance_pearson,12,0.333844,11,1,0.004639,Yes,0.7639,large
Topic-Base,scDAC,DREX_local_scale_quality,12,-0.049228,0,12,1.0,No,-0.9722,large
Topic-Base,scDAC,DREX_neighborhood_symmetry,12,-0.116962,0,12,1.0,No,-1.0,large
Topic-Base,scDAC,LSEX_overall_quality,12,0.089173,10,2,0.003418,Yes,0.6667,large
Topic-Base,scDAC,LSEX_two_hop_connectivity,12,0.010187,7,5,0.038574,Yes,0.4722,medium
Topic-Base,scDAC,LSEX_radial_concentration,12,0.359541,10,2,0.004639,Yes,0.6667,large
Topic-Base,scDAC,LSEX_local_curvature,12,-0.009234,6,6,0.545166,No,0.0417,negligible
Topic-Base,scDAC,LSEX_entropy_stability,12,-0.003801,4,8,0.945068,No,-0.3611,medium
Topic-Base,scDAC,SecPerEpoch,0,0.0,0,0,,No,-0.0,negligible
Topic-Base,scDAC,PeakGPU_MB,0,0.0,0,0,,No,-0.0,negligible
Topic-Base,scDAC,NumParams,0,0.0,0,0,,No,-0.0,negligible
Topic-Base,scDeepCluster,NMI,12,0.14258,12,0,0.000244,Yes,0.8472,large
Topic-Base,scDeepCluster,ARI,12,0.131251,12,0,0.000244,Yes,0.7083,large
Topic-Base,scDeepCluster,ASW,12,0.229933,12,0,0.000244,Yes,1.0,large
Topic-Base,scDeepCluster,DAV,12,0.561989,12,0,0.000244,Yes,1.0,large
Topic-Base,scDeepCluster,CAL,12,280.652078,12,0,0.000244,Yes,1.0,large
Topic-Base,scDeepCluster,COR,12,-1.862981,0,12,1.0,No,-1.0,large
Topic-Base,scDeepCluster,DRE_umap_overall_quality,12,0.039621,9,3,0.013428,Yes,0.5,large
Topic-Base,scDeepCluster,DRE_umap_distance_correlation,12,-0.016079,5,7,0.765137,No,-0.1528,small
Topic-Base,scDeepCluster,DRE_umap_Q_local,12,0.150552,12,0,0.000244,Yes,1.0,large
Topic-Base,scDeepCluster,DRE_umap_Q_global,12,-0.015609,4,8,0.911865,No,-0.2361,small
Topic-Base,scDeepCluster,DRE_tsne_overall_quality,12,0.046885,10,2,0.026123,Yes,0.5278,large
Topic-Base,scDeepCluster,DRE_tsne_distance_correlation,12,-0.030624,6,6,0.661377,No,-0.1389,negligible
Topic-Base,scDeepCluster,DRE_tsne_Q_local,12,0.164198,12,0,0.000244,Yes,0.9861,large
Topic-Base,scDeepCluster,DRE_tsne_Q_global,12,0.007082,8,4,0.169678,No,0.1806,small
Topic-Base,scDeepCluster,LSE_overall_quality,12,0.007666,9,3,0.116699,No,0.25,small
Topic-Base,scDeepCluster,LSE_core_quality,12,0.068606,11,1,0.010498,Yes,0.75,large
Topic-Base,scDeepCluster,LSE_manifold_dimensionality,12,-0.109478,1,11,0.999756,No,-0.7639,large
Topic-Base,scDeepCluster,LSE_spectral_decay_rate,12,-0.007825,5,7,0.788086,No,-0.1528,small
Topic-Base,scDeepCluster,LSE_participation_ratio,12,0.244223,11,1,0.002441,Yes,0.7361,large
Topic-Base,scDeepCluster,LSE_anisotropy_score,12,-0.147505,1,11,0.995361,No,-0.7222,large
Topic-Base,scDeepCluster,LSE_trajectory_directionality,12,-0.24632,1,11,0.999756,No,-0.8889,large
Topic-Base,scDeepCluster,LSE_noise_resilience,12,-0.123235,1,11,0.996582,No,-0.6806,large
Topic-Base,scDeepCluster,DREX_overall_quality,12,-0.097124,1,11,0.999512,No,-0.9167,large
Topic-Base,scDeepCluster,DREX_trustworthiness,12,-0.050261,1,11,0.999512,No,-0.7639,large
Topic-Base,scDeepCluster,DREX_continuity,12,-0.114958,0,12,1.0,No,-0.9583,large
Topic-Base,scDeepCluster,DREX_distance_spearman,12,-0.159802,2,10,0.999268,No,-0.8472,large
Topic-Base,scDeepCluster,DREX_distance_pearson,12,-0.163415,1,11,0.999268,No,-0.875,large
Topic-Base,scDeepCluster,DREX_local_scale_quality,12,-0.011699,3,9,0.968018,No,-0.5417,large
Topic-Base,scDeepCluster,DREX_neighborhood_symmetry,12,-0.082609,1,11,0.999756,No,-0.9028,large
Topic-Base,scDeepCluster,LSEX_overall_quality,12,0.010339,9,3,0.02124,Yes,0.4583,medium
Topic-Base,scDeepCluster,LSEX_two_hop_connectivity,12,-0.059619,0,12,1.0,No,-1.0,large
Topic-Base,scDeepCluster,LSEX_radial_concentration,12,-0.002501,7,5,0.515137,No,-0.0278,negligible
Topic-Base,scDeepCluster,LSEX_local_curvature,12,0.118406,12,0,0.000244,Yes,1.0,large
Topic-Base,scDeepCluster,LSEX_entropy_stability,12,-0.01493,0,12,1.0,No,-1.0,large
Topic-Base,scDeepCluster,SecPerEpoch,0,0.0,0,0,,No,-0.0,negligible
Topic-Base,scDeepCluster,PeakGPU_MB,0,0.0,0,0,,No,-0.0,negligible
Topic-Base,scDeepCluster,NumParams,0,0.0,0,0,,No,-0.0,negligible
Topic-Base,scGNN,NMI,12,0.239481,12,0,0.000244,Yes,0.8472,large
Topic-Base,scGNN,ARI,12,0.212507,12,0,0.000244,Yes,0.8472,large
Topic-Base,scGNN,ASW,12,0.107179,12,0,0.000244,Yes,0.8333,large
Topic-Base,scGNN,DAV,12,0.154038,10,2,0.002441,Yes,0.6389,large
Topic-Base,scGNN,CAL,12,207.482777,12,0,0.000244,Yes,0.8889,large
Topic-Base,scGNN,COR,12,-2.206305,0,12,1.0,No,-1.0,large
Topic-Base,scGNN,DRE_umap_overall_quality,12,0.033286,8,4,0.046143,Yes,0.3194,small
Topic-Base,scGNN,DRE_umap_distance_correlation,12,0.008641,6,6,0.454834,No,-0.0139,negligible
Topic-Base,scGNN,DRE_umap_Q_local,12,0.081309,11,1,0.000732,Yes,0.7639,large
Topic-Base,scGNN,DRE_umap_Q_global,12,0.00991,5,7,0.366699,No,0.0556,negligible
Topic-Base,scGNN,DRE_tsne_overall_quality,12,0.019706,7,5,0.133057,No,0.1944,small
Topic-Base,scGNN,DRE_tsne_distance_correlation,12,-0.015476,6,6,0.574951,No,-0.0972,negligible
Topic-Base,scGNN,DRE_tsne_Q_local,12,0.065055,11,1,0.000732,Yes,0.7083,large
Topic-Base,scGNN,DRE_tsne_Q_global,12,0.009538,6,6,0.366699,No,0.1667,small
Topic-Base,scGNN,LSE_overall_quality,12,-0.047736,6,6,0.924316,No,-0.0833,negligible
Topic-Base,scGNN,LSE_core_quality,12,0.038747,10,2,0.088135,No,0.5278,large
Topic-Base,scGNN,LSE_manifold_dimensionality,12,-0.136338,0,12,1.0,No,-0.8333,large
Topic-Base,scGNN,LSE_spectral_decay_rate,12,-0.073913,4,8,0.97876,No,-0.4722,medium
Topic-Base,scGNN,LSE_participation_ratio,12,0.116995,9,3,0.054932,No,0.5139,large
Topic-Base,scGNN,LSE_anisotropy_score,12,-0.248242,2,10,0.996582,No,-0.6389,large
Topic-Base,scGNN,LSE_trajectory_directionality,12,-0.112089,2,10,0.991943,No,-0.5972,large
Topic-Base,scGNN,LSE_noise_resilience,12,-0.247535,2,10,0.989502,No,-0.6667,large
Topic-Base,scGNN,DREX_overall_quality,12,-0.084876,1,11,0.999512,No,-0.7361,large
Topic-Base,scGNN,DREX_trustworthiness,12,-0.077937,0,12,1.0,No,-0.9444,large
Topic-Base,scGNN,DREX_continuity,12,-0.125784,0,12,1.0,No,-0.9861,large
Topic-Base,scGNN,DREX_distance_spearman,12,-0.134929,2,10,0.996582,No,-0.6528,large
Topic-Base,scGNN,DREX_distance_pearson,12,-0.093471,4,8,0.961426,No,-0.5139,large
Topic-Base,scGNN,DREX_local_scale_quality,12,0.024723,9,3,0.064697,No,0.375,medium
Topic-Base,scGNN,DREX_neighborhood_symmetry,12,-0.10186,0,12,1.0,No,-0.9861,large
Topic-Base,scGNN,LSEX_overall_quality,12,0.010328,9,3,0.046143,Yes,0.4306,medium
Topic-Base,scGNN,LSEX_two_hop_connectivity,12,-0.023158,0,12,1.0,No,-0.8056,large
Topic-Base,scGNN,LSEX_radial_concentration,12,-0.019392,6,6,0.661377,No,-0.2083,small
Topic-Base,scGNN,LSEX_local_curvature,12,0.08534,12,0,0.000244,Yes,0.9306,large
Topic-Base,scGNN,LSEX_entropy_stability,12,-0.001479,6,6,0.633301,No,-0.1389,negligible
Topic-Base,scGNN,SecPerEpoch,0,0.0,0,0,,No,-0.0,negligible
Topic-Base,scGNN,PeakGPU_MB,0,0.0,0,0,,No,-0.0,negligible
Topic-Base,scGNN,NumParams,0,0.0,0,0,,No,-0.0,negligible
Topic-Base,siVAE,NMI,12,0.313977,12,0,0.000244,Yes,0.8472,large
Topic-Base,siVAE,ARI,12,0.246656,12,0,0.000244,Yes,0.8472,large
Topic-Base,siVAE,ASW,12,0.12451,12,0,0.000244,Yes,0.8194,large
Topic-Base,siVAE,DAV,12,0.132701,9,3,0.02124,Yes,0.4028,medium
Topic-Base,siVAE,CAL,12,-449.377561,5,7,0.935303,No,-0.2778,small
Topic-Base,siVAE,COR,12,-3.442545,0,12,1.0,No,-1.0,large
Topic-Base,siVAE,DRE_umap_overall_quality,12,-0.041823,2,10,0.989502,No,-0.5139,large
Topic-Base,siVAE,DRE_umap_distance_correlation,12,-0.08413,2,10,0.998291,No,-0.625,large
Topic-Base,siVAE,DRE_umap_Q_local,12,0.029749,7,5,0.054932,No,0.1667,small
Topic-Base,siVAE,DRE_umap_Q_global,12,-0.071088,0,12,1.0,No,-0.8333,large
Topic-Base,siVAE,DRE_tsne_overall_quality,12,-0.040713,4,8,0.968018,No,-0.4583,medium
Topic-Base,siVAE,DRE_tsne_distance_correlation,12,-0.100033,0,12,1.0,No,-0.5972,large
Topic-Base,siVAE,DRE_tsne_Q_local,12,0.040917,9,3,0.026123,Yes,0.4028,medium
Topic-Base,siVAE,DRE_tsne_Q_global,12,-0.063023,0,12,1.0,No,-0.7361,large
Topic-Base,siVAE,LSE_overall_quality,12,-0.215536,1,11,0.999512,No,-0.8333,large
Topic-Base,siVAE,LSE_core_quality,12,0.010827,10,2,0.116699,No,0.5278,large
Topic-Base,siVAE,LSE_manifold_dimensionality,12,-0.355314,0,12,1.0,No,-0.9167,large
Topic-Base,siVAE,LSE_spectral_decay_rate,12,-0.133346,2,10,0.998291,No,-0.7917,large
Topic-Base,siVAE,LSE_participation_ratio,12,0.278455,10,2,0.010498,Yes,0.5972,large
Topic-Base,siVAE,LSE_anisotropy_score,12,-0.253514,2,10,0.996582,No,-0.6111,large
Topic-Base,siVAE,LSE_trajectory_directionality,12,-0.486478,0,12,1.0,No,-0.9028,large
Topic-Base,siVAE,LSE_noise_resilience,12,-0.731316,0,12,1.0,No,-0.9167,large
Topic-Base,siVAE,DREX_overall_quality,12,-0.130658,0,12,1.0,No,-0.9722,large
Topic-Base,siVAE,DREX_trustworthiness,12,-0.081114,0,12,1.0,No,-0.9583,large
Topic-Base,siVAE,DREX_continuity,12,-0.137411,0,12,1.0,No,-0.9861,large
Topic-Base,siVAE,DREX_distance_spearman,12,-0.228319,0,12,1.0,No,-0.9444,large
Topic-Base,siVAE,DREX_distance_pearson,12,-0.191187,0,12,1.0,No,-0.8889,large
Topic-Base,siVAE,DREX_local_scale_quality,12,-0.036656,1,11,0.998779,No,-0.8333,large
Topic-Base,siVAE,DREX_neighborhood_symmetry,12,-0.109262,0,12,1.0,No,-0.9722,large
Topic-Base,siVAE,LSEX_overall_quality,12,-0.03453,2,10,0.998779,No,-0.8194,large
Topic-Base,siVAE,LSEX_two_hop_connectivity,12,-0.021487,2,10,0.999268,No,-0.6389,large
Topic-Base,siVAE,LSEX_radial_concentration,12,-0.188144,0,12,1.0,No,-0.9028,large
Topic-Base,siVAE,LSEX_local_curvature,12,0.083572,12,0,0.000244,Yes,0.9306,large
Topic-Base,siVAE,LSEX_entropy_stability,12,-0.01206,0,12,1.0,No,-0.9583,large
Topic-Base,siVAE,SecPerEpoch,0,0.0,0,0,,No,-0.0,negligible
Topic-Base,siVAE,PeakGPU_MB,0,0.0,0,0,,No,-0.0,negligible
Topic-Base,siVAE,NumParams,0,0.0,0,0,,No,-0.0,negligible
Topic-Base,scSMD,NMI,12,0.380149,12,0,0.000244,Yes,0.8611,large
Topic-Base,scSMD,ARI,12,0.274732,12,0,0.000244,Yes,0.8611,large
Topic-Base,scSMD,ASW,12,0.106337,12,0,0.000244,Yes,0.7917,large
Topic-Base,scSMD,DAV,12,0.027353,7,5,0.311035,No,0.0694,negligible
Topic-Base,scSMD,CAL,12,-691.221384,3,9,0.991943,No,-0.375,medium
Topic-Base,scSMD,COR,12,-5.23448,0,12,1.0,No,-1.0,large
Topic-Base,scSMD,DRE_umap_overall_quality,12,-0.056314,2,10,0.998291,No,-0.6806,large
Topic-Base,scSMD,DRE_umap_distance_correlation,12,-0.088882,1,11,0.998779,No,-0.7222,large
Topic-Base,scSMD,DRE_umap_Q_local,12,-0.003623,4,8,0.661377,No,-0.2222,small
Topic-Base,scSMD,DRE_umap_Q_global,12,-0.076437,1,11,0.999756,No,-0.9028,large
Topic-Base,scSMD,DRE_tsne_overall_quality,12,-0.072917,1,11,0.999268,No,-0.7917,large
Topic-Base,scSMD,DRE_tsne_distance_correlation,12,-0.133397,1,11,0.999756,No,-0.8889,large
Topic-Base,scSMD,DRE_tsne_Q_local,12,0.00588,6,6,0.338623,No,-0.0278,negligible
Topic-Base,scSMD,DRE_tsne_Q_global,12,-0.091233,0,12,1.0,No,-0.9722,large
Topic-Base,scSMD,LSE_overall_quality,12,-0.257917,0,12,1.0,No,-1.0,large
Topic-Base,scSMD,LSE_core_quality,12,-0.001029,10,2,0.116699,No,0.5278,large
Topic-Base,scSMD,LSE_manifold_dimensionality,12,-0.396214,0,12,1.0,No,-1.0,large
Topic-Base,scSMD,LSE_spectral_decay_rate,12,-0.155584,2,10,0.999268,No,-0.9306,large
Topic-Base,scSMD,LSE_participation_ratio,12,0.302762,10,2,0.008057,Yes,0.6667,large
Topic-Base,scSMD,LSE_anisotropy_score,12,-0.244921,2,10,0.993896,No,-0.6806,large
Topic-Base,scSMD,LSE_trajectory_directionality,12,-0.521011,0,12,1.0,No,-1.0,large
Topic-Base,scSMD,LSE_noise_resilience,12,-0.843655,0,12,1.0,No,-1.0,large
Topic-Base,scSMD,DREX_overall_quality,12,-0.118249,0,12,1.0,No,-0.9583,large
Topic-Base,scSMD,DREX_trustworthiness,12,-0.084565,0,12,1.0,No,-1.0,large
Topic-Base,scSMD,DREX_continuity,12,-0.140156,0,12,1.0,No,-1.0,large
Topic-Base,scSMD,DREX_distance_spearman,12,-0.233113,0,12,1.0,No,-0.9861,large
Topic-Base,scSMD,DREX_distance_pearson,12,-0.117252,2,10,0.986572,No,-0.5972,large
Topic-Base,scSMD,DREX_local_scale_quality,12,-0.022047,2,10,0.999268,No,-0.7778,large
Topic-Base,scSMD,DREX_neighborhood_symmetry,12,-0.112361,0,12,1.0,No,-1.0,large
Topic-Base,scSMD,LSEX_overall_quality,12,-0.033461,2,10,0.993896,No,-0.6667,large
Topic-Base,scSMD,LSEX_two_hop_connectivity,12,-0.01338,2,10,0.996582,No,-0.5556,large
Topic-Base,scSMD,LSEX_radial_concentration,12,-0.179363,2,10,0.997559,No,-0.6806,large
Topic-Base,scSMD,LSEX_local_curvature,12,0.069865,12,0,0.000244,Yes,0.875,large
Topic-Base,scSMD,LSEX_entropy_stability,12,-0.010966,0,12,1.0,No,-0.9306,large
Topic-Base,scSMD,SecPerEpoch,0,0.0,0,0,,No,-0.0,negligible
Topic-Base,scSMD,PeakGPU_MB,0,0.0,0,0,,No,-0.0,negligible
Topic-Base,scSMD,NumParams,0,0.0,0,0,,No,-0.0,negligible
Topic-Base,scDiffusion,NMI,12,0.433173,12,0,0.000244,Yes,0.8611,large
Topic-Base,scDiffusion,ARI,12,0.310958,12,0,0.000244,Yes,0.9444,large
Topic-Base,scDiffusion,ASW,12,0.265126,12,0,0.000244,Yes,1.0,large
Topic-Base,scDiffusion,DAV,12,0.606053,12,0,0.000244,Yes,1.0,large
Topic-Base,scDiffusion,CAL,12,313.248033,12,0,0.000244,Yes,1.0,large
Topic-Base,scDiffusion,COR,12,-0.530908,0,12,1.0,No,-0.7361,large
Topic-Base,scDiffusion,DRE_umap_overall_quality,12,0.061163,9,3,0.013428,Yes,0.4722,medium
Topic-Base,scDiffusion,DRE_umap_distance_correlation,12,0.021161,8,4,0.284668,No,0.0139,negligible
Topic-Base,scDiffusion,DRE_umap_Q_local,12,0.17114,11,1,0.000488,Yes,0.9861,large
Topic-Base,scDiffusion,DRE_umap_Q_global,12,-0.008811,6,6,0.688965,No,-0.1111,negligible
Topic-Base,scDiffusion,DRE_tsne_overall_quality,12,0.104179,10,2,0.001221,Yes,0.7917,large
Topic-Base,scDiffusion,DRE_tsne_distance_correlation,12,0.034252,8,4,0.150635,No,0.2222,small
Topic-Base,scDiffusion,DRE_tsne_Q_local,12,0.236934,12,0,0.000244,Yes,1.0,large
Topic-Base,scDiffusion,DRE_tsne_Q_global,12,0.041351,10,2,0.02124,Yes,0.5278,large
Topic-Base,scDiffusion,LSE_overall_quality,12,-0.005184,8,4,0.395508,No,0.2222,small
Topic-Base,scDiffusion,LSE_core_quality,12,0.054034,10,2,0.01709,Yes,0.6111,large
Topic-Base,scDiffusion,LSE_manifold_dimensionality,12,-0.091849,1,11,0.999756,No,-0.7361,large
Topic-Base,scDiffusion,LSE_spectral_decay_rate,12,0.02187,7,5,0.169678,No,0.2222,small
Topic-Base,scDiffusion,LSE_participation_ratio,12,0.142088,9,3,0.02124,Yes,0.5139,large
Topic-Base,scDiffusion,LSE_anisotropy_score,12,-0.144027,2,10,0.997559,No,-0.6806,large
Topic-Base,scDiffusion,LSE_trajectory_directionality,12,-0.108502,1,11,0.993896,No,-0.5972,large
Topic-Base,scDiffusion,LSE_noise_resilience,12,-0.1293,0,12,1.0,No,-0.6111,large
Topic-Base,scDiffusion,DREX_overall_quality,12,-0.07166,1,11,0.999268,No,-0.6111,large
Topic-Base,scDiffusion,DREX_trustworthiness,12,-0.023609,7,5,0.661377,No,-0.2083,small
Topic-Base,scDiffusion,DREX_continuity,12,-0.09927,1,11,0.999756,No,-0.8611,large
Topic-Base,scDiffusion,DREX_distance_spearman,12,-0.122308,2,10,0.997559,No,-0.5833,large
Topic-Base,scDiffusion,DREX_distance_pearson,12,-0.125909,1,11,0.999756,No,-0.5694,large
Topic-Base,scDiffusion,DREX_local_scale_quality,12,0.002575,6,6,0.395508,No,-0.0139,negligible
Topic-Base,scDiffusion,DREX_neighborhood_symmetry,12,-0.06144,3,9,0.991943,No,-0.625,large
Topic-Base,scDiffusion,LSEX_overall_quality,12,0.010955,9,3,0.008057,Yes,0.6389,large
Topic-Base,scDiffusion,LSEX_two_hop_connectivity,12,-0.076052,0,12,1.0,No,-1.0,large
Topic-Base,scDiffusion,LSEX_radial_concentration,12,-0.001118,5,7,0.574951,No,-0.0417,negligible
Topic-Base,scDiffusion,LSEX_local_curvature,12,0.137538,12,0,0.000244,Yes,1.0,large
Topic-Base,scDiffusion,LSEX_entropy_stability,12,-0.016548,0,12,1.0,No,-1.0,large
Topic-Base,scDiffusion,SecPerEpoch,0,0.0,0,0,,No,-0.0,negligible
Topic-Base,scDiffusion,PeakGPU_MB,0,0.0,0,0,,No,-0.0,negligible
Topic-Base,scDiffusion,NumParams,0,0.0,0,0,,No,-0.0,negligible
Topic-Base,CellBLAST,NMI,12,0.411698,12,0,0.000244,Yes,0.8611,large
Topic-Base,CellBLAST,ARI,12,0.295092,12,0,0.000244,Yes,0.9167,large
Topic-Base,CellBLAST,ASW,12,0.335155,12,0,0.000244,Yes,1.0,large
Topic-Base,CellBLAST,DAV,12,1.060993,12,0,0.000244,Yes,1.0,large
Topic-Base,CellBLAST,CAL,12,362.922468,12,0,0.000244,Yes,1.0,large
Topic-Base,CellBLAST,COR,12,0.406408,11,1,0.000732,Yes,0.6944,large
Topic-Base,CellBLAST,DRE_umap_overall_quality,12,0.226961,12,0,0.000244,Yes,1.0,large
Topic-Base,CellBLAST,DRE_umap_distance_correlation,12,0.267504,12,0,0.000244,Yes,1.0,large
Topic-Base,CellBLAST,DRE_umap_Q_local,12,0.32679,12,0,0.000244,Yes,1.0,large
Topic-Base,CellBLAST,DRE_umap_Q_global,12,0.086589,12,0,0.000244,Yes,1.0,large
Topic-Base,CellBLAST,DRE_tsne_overall_quality,12,0.257444,12,0,0.000244,Yes,1.0,large
Topic-Base,CellBLAST,DRE_tsne_distance_correlation,12,0.236252,11,1,0.000488,Yes,0.9722,large
Topic-Base,CellBLAST,DRE_tsne_Q_local,12,0.397891,12,0,0.000244,Yes,1.0,large
Topic-Base,CellBLAST,DRE_tsne_Q_global,12,0.138189,12,0,0.000244,Yes,1.0,large
Topic-Base,CellBLAST,LSE_overall_quality,12,0.028141,9,3,0.116699,No,0.0556,negligible
Topic-Base,CellBLAST,LSE_core_quality,12,0.009784,3,9,0.809814,No,-0.3472,medium
Topic-Base,CellBLAST,LSE_manifold_dimensionality,12,0.03787,9,3,0.026123,Yes,0.3472,medium
Topic-Base,CellBLAST,LSE_spectral_decay_rate,12,0.189568,12,0,0.000244,Yes,1.0,large
Topic-Base,CellBLAST,LSE_participation_ratio,12,-0.100294,3,9,0.945068,No,-0.5,large
Topic-Base,CellBLAST,LSE_anisotropy_score,12,0.08801,10,2,0.101807,No,0.6528,large
Topic-Base,CellBLAST,LSE_trajectory_directionality,12,0.101588,11,1,0.006104,Yes,0.7361,large
Topic-Base,CellBLAST,LSE_noise_resilience,12,0.078913,11,1,0.000732,Yes,0.8889,large
Topic-Base,CellBLAST,DREX_overall_quality,12,0.058028,9,3,0.010498,Yes,0.5139,large
Topic-Base,CellBLAST,DREX_trustworthiness,12,0.083556,10,2,0.001709,Yes,0.7917,large
Topic-Base,CellBLAST,DREX_continuity,12,-0.024021,7,5,0.661377,No,0.1528,small
Topic-Base,CellBLAST,DREX_distance_spearman,12,0.125697,9,3,0.006104,Yes,0.6667,large
Topic-Base,CellBLAST,DREX_distance_pearson,12,0.109072,8,4,0.013428,Yes,0.6111,large
Topic-Base,CellBLAST,DREX_local_scale_quality,12,0.024094,12,0,0.000244,Yes,0.9722,large
Topic-Base,CellBLAST,DREX_neighborhood_symmetry,12,0.029767,8,4,0.101807,No,0.3194,small
Topic-Base,CellBLAST,LSEX_overall_quality,12,0.01658,11,1,0.001221,Yes,0.8611,large
Topic-Base,CellBLAST,LSEX_two_hop_connectivity,12,-0.118887,0,12,1.0,No,-1.0,large
Topic-Base,CellBLAST,LSEX_radial_concentration,12,0.044895,9,3,0.013428,Yes,0.5556,large
Topic-Base,CellBLAST,LSEX_local_curvature,12,0.157863,12,0,0.000244,Yes,1.0,large
Topic-Base,CellBLAST,LSEX_entropy_stability,12,-0.017551,0,12,1.0,No,-1.0,large
Topic-Base,CellBLAST,SecPerEpoch,0,0.0,0,0,,No,-0.0,negligible
Topic-Base,CellBLAST,PeakGPU_MB,0,0.0,0,0,,No,-0.0,negligible
Topic-Base,CellBLAST,NumParams,0,0.0,0,0,,No,-0.0,negligible
Topic-Base,SCALEX,NMI,12,0.433281,12,0,0.000244,Yes,0.875,large
Topic-Base,SCALEX,ARI,12,0.286324,11,1,0.000732,Yes,0.8611,large
Topic-Base,SCALEX,ASW,12,0.349984,12,0,0.000244,Yes,1.0,large
Topic-Base,SCALEX,DAV,12,1.05932,12,0,0.000244,Yes,1.0,large
Topic-Base,SCALEX,CAL,12,369.200515,12,0,0.000244,Yes,1.0,large
Topic-Base,SCALEX,COR,12,0.647018,12,0,0.000244,Yes,1.0,large
Topic-Base,SCALEX,DRE_umap_overall_quality,12,0.324586,12,0,0.000244,Yes,1.0,large
Topic-Base,SCALEX,DRE_umap_distance_correlation,12,0.440338,12,0,0.000244,Yes,1.0,large
Topic-Base,SCALEX,DRE_umap_Q_local,12,0.387593,12,0,0.000244,Yes,1.0,large
Topic-Base,SCALEX,DRE_umap_Q_global,12,0.145828,12,0,0.000244,Yes,1.0,large
Topic-Base,SCALEX,DRE_tsne_overall_quality,12,0.306961,12,0,0.000244,Yes,1.0,large
Topic-Base,SCALEX,DRE_tsne_distance_correlation,12,0.298962,12,0,0.000244,Yes,1.0,large
Topic-Base,SCALEX,DRE_tsne_Q_local,12,0.445261,12,0,0.000244,Yes,1.0,large
Topic-Base,SCALEX,DRE_tsne_Q_global,12,0.17666,12,0,0.000244,Yes,1.0,large
Topic-Base,SCALEX,LSE_overall_quality,12,0.038512,4,8,0.633301,No,-0.1806,small
Topic-Base,SCALEX,LSE_core_quality,12,0.014427,2,10,0.898193,No,-0.6111,large
Topic-Base,SCALEX,LSE_manifold_dimensionality,12,0.139001,12,0,0.000244,Yes,0.9583,large
Topic-Base,SCALEX,LSE_spectral_decay_rate,12,0.231399,12,0,0.000244,Yes,1.0,large
Topic-Base,SCALEX,LSE_participation_ratio,12,-0.182502,2,10,0.953857,No,-0.6667,large
Topic-Base,SCALEX,LSE_anisotropy_score,12,0.130192,10,2,0.101807,No,0.6667,large
Topic-Base,SCALEX,LSE_trajectory_directionality,12,0.18488,12,0,0.000244,Yes,1.0,large
Topic-Base,SCALEX,LSE_noise_resilience,12,0.101969,12,0,0.000244,Yes,1.0,large
Topic-Base,SCALEX,DREX_overall_quality,12,0.1425,12,0,0.000244,Yes,1.0,large
Topic-Base,SCALEX,DREX_trustworthiness,12,0.134961,12,0,0.000244,Yes,0.9722,large
Topic-Base,SCALEX,DREX_continuity,12,0.015154,7,5,0.259277,No,0.1944,small
Topic-Base,SCALEX,DREX_distance_spearman,12,0.299716,12,0,0.000244,Yes,1.0,large
Topic-Base,SCALEX,DREX_distance_pearson,12,0.301106,12,0,0.000244,Yes,1.0,large
Topic-Base,SCALEX,DREX_local_scale_quality,12,0.029006,12,0,0.000244,Yes,0.9861,large
Topic-Base,SCALEX,DREX_neighborhood_symmetry,12,0.075057,10,2,0.003418,Yes,0.6111,large
Topic-Base,SCALEX,LSEX_overall_quality,12,0.004542,9,3,0.133057,No,0.3472,medium
Topic-Base,SCALEX,LSEX_two_hop_connectivity,12,-0.119652,0,12,1.0,No,-1.0,large
Topic-Base,SCALEX,LSEX_radial_concentration,12,-0.002895,7,5,0.545166,No,0.0,negligible
Topic-Base,SCALEX,LSEX_local_curvature,12,0.158284,12,0,0.000244,Yes,1.0,large
Topic-Base,SCALEX,LSEX_entropy_stability,12,-0.01757,0,12,1.0,No,-1.0,large
Topic-Base,SCALEX,SecPerEpoch,0,0.0,0,0,,No,-0.0,negligible
Topic-Base,SCALEX,PeakGPU_MB,0,0.0,0,0,,No,-0.0,negligible
Topic-Base,SCALEX,NumParams,0,0.0,0,0,,No,-0.0,negligible
Topic-Base,GMVAE,NMI,12,0.439217,12,0,0.000244,Yes,0.8889,large
Topic-Base,GMVAE,ARI,12,0.313365,12,0,0.000244,Yes,0.9306,large
Topic-Base,GMVAE,ASW,12,0.374652,12,0,0.000244,Yes,1.0,large
Topic-Base,GMVAE,DAV,12,1.869202,12,0,0.000244,Yes,1.0,large
Topic-Base,GMVAE,CAL,12,381.159534,12,0,0.000244,Yes,1.0,large
Topic-Base,GMVAE,COR,12,0.670136,12,0,0.000244,Yes,1.0,large
Topic-Base,GMVAE,DRE_umap_overall_quality,12,0.416154,12,0,0.000244,Yes,1.0,large
Topic-Base,GMVAE,DRE_umap_distance_correlation,12,0.573633,12,0,0.000244,Yes,1.0,large
Topic-Base,GMVAE,DRE_umap_Q_local,12,0.470929,12,0,0.000244,Yes,1.0,large
Topic-Base,GMVAE,DRE_umap_Q_global,12,0.203901,12,0,0.000244,Yes,1.0,large
Topic-Base,GMVAE,DRE_tsne_overall_quality,12,0.395078,12,0,0.000244,Yes,1.0,large
Topic-Base,GMVAE,DRE_tsne_distance_correlation,12,0.448568,12,0,0.000244,Yes,1.0,large
Topic-Base,GMVAE,DRE_tsne_Q_local,12,0.504999,12,0,0.000244,Yes,1.0,large
Topic-Base,GMVAE,DRE_tsne_Q_global,12,0.231668,12,0,0.000244,Yes,1.0,large
Topic-Base,GMVAE,LSE_overall_quality,12,0.057242,7,5,0.150635,No,0.2222,small
Topic-Base,GMVAE,LSE_core_quality,12,0.024406,3,9,0.883301,No,-0.5972,large
Topic-Base,GMVAE,LSE_manifold_dimensionality,12,0.220612,12,0,0.000244,Yes,1.0,large
Topic-Base,GMVAE,LSE_spectral_decay_rate,12,0.284352,12,0,0.000244,Yes,1.0,large
Topic-Base,GMVAE,LSE_participation_ratio,12,-0.240623,2,10,0.953857,No,-0.6667,large
Topic-Base,GMVAE,LSE_anisotropy_score,12,0.166717,10,2,0.101807,No,0.6667,large
Topic-Base,GMVAE,LSE_trajectory_directionality,12,0.283786,12,0,0.000244,Yes,1.0,large
Topic-Base,GMVAE,LSE_noise_resilience,12,0.132159,12,0,0.000244,Yes,1.0,large
Topic-Base,GMVAE,DREX_overall_quality,12,0.228203,12,0,0.000244,Yes,1.0,large
Topic-Base,GMVAE,DREX_trustworthiness,12,0.201383,12,0,0.000244,Yes,1.0,large
Topic-Base,GMVAE,DREX_continuity,12,0.103673,10,2,0.004639,Yes,0.6667,large
Topic-Base,GMVAE,DREX_distance_spearman,12,0.433913,12,0,0.000244,Yes,1.0,large
Topic-Base,GMVAE,DREX_distance_pearson,12,0.428829,12,0,0.000244,Yes,1.0,large
Topic-Base,GMVAE,DREX_local_scale_quality,12,0.04889,12,0,0.000244,Yes,1.0,large
Topic-Base,GMVAE,DREX_neighborhood_symmetry,12,0.152528,12,0,0.000244,Yes,1.0,large
Topic-Base,GMVAE,LSEX_overall_quality,12,0.030616,12,0,0.000244,Yes,1.0,large
Topic-Base,GMVAE,LSEX_two_hop_connectivity,12,-0.176059,0,12,1.0,No,-1.0,large
Topic-Base,GMVAE,LSEX_radial_concentration,12,0.13757,12,0,0.000244,Yes,1.0,large
Topic-Base,GMVAE,LSEX_local_curvature,12,0.179288,12,0,0.000244,Yes,1.0,large
Topic-Base,GMVAE,LSEX_entropy_stability,12,-0.018336,0,12,1.0,No,-1.0,large
Topic-Base,GMVAE,SecPerEpoch,0,0.0,0,0,,No,-0.0,negligible
Topic-Base,GMVAE,PeakGPU_MB,0,0.0,0,0,,No,-0.0,negligible
Topic-Base,GMVAE,NumParams,0,0.0,0,0,,No,-0.0,negligible
Topic-Transformer,scDHMap,NMI,12,0.008294,5,7,0.604492,No,0.0972,negligible
Topic-Transformer,scDHMap,ARI,12,0.01639,6,6,0.454834,No,0.0694,negligible
Topic-Transformer,scDHMap,ASW,12,0.114531,11,1,0.000732,Yes,0.75,large
Topic-Transformer,scDHMap,DAV,12,0.109515,8,4,0.026123,Yes,0.5,large
Topic-Transformer,scDHMap,CAL,12,158.024975,10,2,0.026123,Yes,0.5833,large
Topic-Transformer,scDHMap,COR,12,-2.441595,0,12,1.0,No,-1.0,large
Topic-Transformer,scDHMap,DRE_umap_overall_quality,12,-0.015872,6,6,0.715332,No,-0.1111,negligible
Topic-Transformer,scDHMap,DRE_umap_distance_correlation,12,-0.014135,6,6,0.765137,No,-0.0556,negligible
Topic-Transformer,scDHMap,DRE_umap_Q_local,12,-0.001484,6,6,0.395508,No,0.0139,negligible
Topic-Transformer,scDHMap,DRE_umap_Q_global,12,-0.031997,3,9,0.973877,No,-0.4583,medium
Topic-Transformer,scDHMap,DRE_tsne_overall_quality,12,-0.012374,6,6,0.661377,No,-0.0556,negligible
Topic-Transformer,scDHMap,DRE_tsne_distance_correlation,12,-0.031515,5,7,0.809814,No,-0.1111,negligible
Topic-Transformer,scDHMap,DRE_tsne_Q_local,12,0.014325,9,3,0.101807,No,0.1389,negligible
Topic-Transformer,scDHMap,DRE_tsne_Q_global,12,-0.019931,3,9,0.945068,No,-0.2917,small
Topic-Transformer,scDHMap,LSE_overall_quality,12,-0.088442,5,7,0.968018,No,-0.4306,medium
Topic-Transformer,scDHMap,LSE_core_quality,12,0.02236,10,2,0.116699,No,0.5278,large
Topic-Transformer,scDHMap,LSE_manifold_dimensionality,12,-0.301637,0,12,1.0,No,-1.0,large
Topic-Transformer,scDHMap,LSE_spectral_decay_rate,12,-0.113656,0,12,1.0,No,-0.9583,large
Topic-Transformer,scDHMap,LSE_participation_ratio,12,0.190616,10,2,0.003418,Yes,0.6389,large
Topic-Transformer,scDHMap,LSE_anisotropy_score,12,-0.314119,2,10,0.996582,No,-0.6667,large
Topic-Transformer,scDHMap,LSE_trajectory_directionality,12,-0.110316,1,11,0.999268,No,-0.6389,large
Topic-Transformer,scDHMap,LSE_noise_resilience,12,-0.375948,0,12,1.0,No,-0.9306,large
Topic-Transformer,scDHMap,DREX_overall_quality,12,-0.118031,0,12,1.0,No,-0.9861,large
Topic-Transformer,scDHMap,DREX_trustworthiness,12,-0.094171,0,12,1.0,No,-1.0,large
Topic-Transformer,scDHMap,DREX_continuity,12,-0.143229,0,12,1.0,No,-1.0,large
Topic-Transformer,scDHMap,DREX_distance_spearman,12,-0.15151,1,11,0.999756,No,-0.75,large
Topic-Transformer,scDHMap,DREX_distance_pearson,12,-0.13543,1,11,0.998291,No,-0.6528,large
Topic-Transformer,scDHMap,DREX_local_scale_quality,12,-0.065145,0,12,1.0,No,-1.0,large
Topic-Transformer,scDHMap,DREX_neighborhood_symmetry,12,-0.1187,0,12,1.0,No,-1.0,large
Topic-Transformer,scDHMap,LSEX_overall_quality,12,0.026491,12,0,0.000244,Yes,0.9583,large
Topic-Transformer,scDHMap,LSEX_two_hop_connectivity,12,-0.01538,2,10,0.993896,No,-0.6667,large
Topic-Transformer,scDHMap,LSEX_radial_concentration,12,0.036932,10,2,0.010498,Yes,0.5139,large
Topic-Transformer,scDHMap,LSEX_local_curvature,12,0.098655,11,1,0.000488,Yes,0.9583,large
Topic-Transformer,scDHMap,LSEX_entropy_stability,12,-0.014244,0,12,1.0,No,-0.8889,large
Topic-Transformer,scDHMap,SecPerEpoch,0,0.0,0,0,,No,-0.0,negligible
Topic-Transformer,scDHMap,PeakGPU_MB,0,0.0,0,0,,No,-0.0,negligible
Topic-Transformer,scDHMap,NumParams,0,0.0,0,0,,No,-0.0,negligible
Topic-Transformer,CLEAR,NMI,12,-0.029447,3,9,0.98291,No,-0.25,small
Topic-Transformer,CLEAR,ARI,12,-0.019833,3,9,0.911865,No,-0.0972,negligible
Topic-Transformer,CLEAR,ASW,12,0.383454,12,0,0.000244,Yes,1.0,large
Topic-Transformer,CLEAR,DAV,12,2.147584,12,0,0.000244,Yes,1.0,large
Topic-Transformer,CLEAR,CAL,12,458.460911,12,0,0.000244,Yes,1.0,large
Topic-Transformer,CLEAR,COR,12,-11.470757,0,12,1.0,No,-1.0,large
Topic-Transformer,CLEAR,DRE_umap_overall_quality,12,0.234696,12,0,0.000244,Yes,1.0,large
Topic-Transformer,CLEAR,DRE_umap_distance_correlation,12,0.341003,12,0,0.000244,Yes,1.0,large
Topic-Transformer,CLEAR,DRE_umap_Q_local,12,0.245559,12,0,0.000244,Yes,1.0,large
Topic-Transformer,CLEAR,DRE_umap_Q_global,12,0.117525,12,0,0.000244,Yes,1.0,large
Topic-Transformer,CLEAR,DRE_tsne_overall_quality,12,0.23654,12,0,0.000244,Yes,1.0,large
Topic-Transformer,CLEAR,DRE_tsne_distance_correlation,12,0.314986,12,0,0.000244,Yes,1.0,large
Topic-Transformer,CLEAR,DRE_tsne_Q_local,12,0.265365,12,0,0.000244,Yes,1.0,large
Topic-Transformer,CLEAR,DRE_tsne_Q_global,12,0.129269,12,0,0.000244,Yes,1.0,large
Topic-Transformer,CLEAR,LSE_overall_quality,12,0.10483,12,0,0.000244,Yes,1.0,large
Topic-Transformer,CLEAR,LSE_core_quality,12,0.081748,12,0,0.000244,Yes,0.9167,large
Topic-Transformer,CLEAR,LSE_manifold_dimensionality,12,-0.075127,2,10,0.995361,No,-0.5972,large
Topic-Transformer,CLEAR,LSE_spectral_decay_rate,12,0.292951,12,0,0.000244,Yes,1.0,large
Topic-Transformer,CLEAR,LSE_participation_ratio,12,0.135986,10,2,0.01709,Yes,0.5556,large
Topic-Transformer,CLEAR,LSE_anisotropy_score,12,0.026819,6,6,0.190186,No,0.1528,small
Topic-Transformer,CLEAR,LSE_trajectory_directionality,12,0.29553,12,0,0.000244,Yes,1.0,large
Topic-Transformer,CLEAR,LSE_noise_resilience,12,0.123794,12,0,0.000244,Yes,1.0,large
Topic-Transformer,CLEAR,DREX_overall_quality,12,0.050854,10,2,0.004639,Yes,0.3889,medium
Topic-Transformer,CLEAR,DREX_trustworthiness,12,-0.018004,3,9,0.986572,No,-0.1806,small
Topic-Transformer,CLEAR,DREX_continuity,12,-0.083268,0,12,1.0,No,-0.625,large
Topic-Transformer,CLEAR,DREX_distance_spearman,12,0.206046,12,0,0.000244,Yes,0.8472,large
Topic-Transformer,CLEAR,DREX_distance_pearson,12,0.195315,11,1,0.000488,Yes,0.8472,large
Topic-Transformer,CLEAR,DREX_local_scale_quality,12,0.055674,12,0,0.000244,Yes,1.0,large
Topic-Transformer,CLEAR,DREX_neighborhood_symmetry,12,-0.050636,0,12,1.0,No,-0.5,large
Topic-Transformer,CLEAR,LSEX_overall_quality,12,0.058158,12,0,0.000244,Yes,1.0,large
Topic-Transformer,CLEAR,LSEX_two_hop_connectivity,12,-0.103679,0,12,1.0,No,-1.0,large
Topic-Transformer,CLEAR,LSEX_radial_concentration,12,0.190779,12,0,0.000244,Yes,1.0,large
Topic-Transformer,CLEAR,LSEX_local_curvature,12,0.169955,12,0,0.000244,Yes,1.0,large
Topic-Transformer,CLEAR,LSEX_entropy_stability,12,-0.024422,0,12,1.0,No,-1.0,large
Topic-Transformer,CLEAR,SecPerEpoch,0,0.0,0,0,,No,-0.0,negligible
Topic-Transformer,CLEAR,PeakGPU_MB,0,0.0,0,0,,No,-0.0,negligible
Topic-Transformer,CLEAR,NumParams,0,0.0,0,0,,No,-0.0,negligible
Topic-Transformer,scDAC,NMI,12,0.162428,11,1,0.003418,Yes,0.8056,large
Topic-Transformer,scDAC,ARI,12,0.131172,8,4,0.031982,Yes,0.6111,large
Topic-Transformer,scDAC,ASW,12,-0.07882,3,9,0.911865,No,-0.3333,medium
Topic-Transformer,scDAC,DAV,12,-0.363192,0,12,1.0,No,-0.9028,large
Topic-Transformer,scDAC,CAL,12,-31570.733578,0,12,1.0,No,-1.0,large
Topic-Transformer,scDAC,COR,12,-5.957145,0,12,1.0,No,-1.0,large
Topic-Transformer,scDAC,DRE_umap_overall_quality,12,-0.020553,4,8,0.924316,No,-0.2778,small
Topic-Transformer,scDAC,DRE_umap_distance_correlation,12,0.033687,7,5,0.211914,No,0.2083,small
Topic-Transformer,scDAC,DRE_umap_Q_local,12,-0.052284,1,11,0.997559,No,-0.7639,large
Topic-Transformer,scDAC,DRE_umap_Q_global,12,-0.043062,2,10,0.996582,No,-0.75,large
Topic-Transformer,scDAC,DRE_tsne_overall_quality,12,-0.049817,3,9,0.986572,No,-0.5556,large
Topic-Transformer,scDAC,DRE_tsne_distance_correlation,12,-0.030237,7,5,0.740723,No,-0.1667,small
Topic-Transformer,scDAC,DRE_tsne_Q_local,12,-0.04481,2,10,0.986572,No,-0.4861,large
Topic-Transformer,scDAC,DRE_tsne_Q_global,12,-0.074402,0,12,1.0,No,-0.9167,large
Topic-Transformer,scDAC,LSE_overall_quality,12,-0.274253,0,12,1.0,No,-1.0,large
Topic-Transformer,scDAC,LSE_core_quality,12,-0.066973,3,9,0.97876,No,-0.3472,medium
Topic-Transformer,scDAC,LSE_manifold_dimensionality,12,-0.338856,0,12,1.0,No,-1.0,large
Topic-Transformer,scDAC,LSE_spectral_decay_rate,12,-0.097943,0,12,1.0,No,-0.8611,large
Topic-Transformer,scDAC,LSE_participation_ratio,12,-0.092148,4,8,0.849365,No,-0.2222,small
Topic-Transformer,scDAC,LSE_anisotropy_score,12,-0.261055,3,9,0.991943,No,-0.5556,large
Topic-Transformer,scDAC,LSE_trajectory_directionality,12,-0.379289,0,12,1.0,No,-0.9861,large
Topic-Transformer,scDAC,LSE_noise_resilience,12,-0.737306,0,12,1.0,No,-1.0,large
Topic-Transformer,scDAC,DREX_overall_quality,12,-0.030603,5,7,0.788086,No,-0.1389,negligible
Topic-Transformer,scDAC,DREX_trustworthiness,12,-0.090114,0,12,1.0,No,-1.0,large
Topic-Transformer,scDAC,DREX_continuity,12,-0.15124,0,12,1.0,No,-1.0,large
Topic-Transformer,scDAC,DREX_distance_spearman,12,-0.103334,4,8,0.953857,No,-0.5833,large
Topic-Transformer,scDAC,DREX_distance_pearson,12,0.338763,11,1,0.002441,Yes,0.75,large
Topic-Transformer,scDAC,DREX_local_scale_quality,12,-0.057016,0,12,1.0,No,-0.9861,large
Topic-Transformer,scDAC,DREX_neighborhood_symmetry,12,-0.120677,0,12,1.0,No,-1.0,large
Topic-Transformer,scDAC,LSEX_overall_quality,12,0.086865,10,2,0.003418,Yes,0.6667,large
Topic-Transformer,scDAC,LSEX_two_hop_connectivity,12,0.006181,7,5,0.211914,No,0.2639,small
Topic-Transformer,scDAC,LSEX_radial_concentration,12,0.343441,10,2,0.004639,Yes,0.6667,large
Topic-Transformer,scDAC,LSEX_local_curvature,12,0.008617,6,6,0.366699,No,0.1667,small
Topic-Transformer,scDAC,LSEX_entropy_stability,12,-0.01078,1,11,0.998779,No,-0.7222,large
Topic-Transformer,scDAC,SecPerEpoch,0,0.0,0,0,,No,-0.0,negligible
Topic-Transformer,scDAC,PeakGPU_MB,0,0.0,0,0,,No,-0.0,negligible
Topic-Transformer,scDAC,NumParams,0,0.0,0,0,,No,-0.0,negligible
Topic-Transformer,scDeepCluster,NMI,12,0.149162,12,0,0.000244,Yes,0.8472,large
Topic-Transformer,scDeepCluster,ARI,12,0.149129,12,0,0.000244,Yes,0.6944,large
Topic-Transformer,scDeepCluster,ASW,12,0.272313,12,0,0.000244,Yes,1.0,large
Topic-Transformer,scDeepCluster,DAV,12,0.630662,12,0,0.000244,Yes,1.0,large
Topic-Transformer,scDeepCluster,CAL,12,360.882767,12,0,0.000244,Yes,1.0,large
Topic-Transformer,scDeepCluster,COR,12,-1.796259,0,12,1.0,No,-1.0,large
Topic-Transformer,scDeepCluster,DRE_umap_overall_quality,12,0.041443,9,3,0.01709,Yes,0.5972,large
Topic-Transformer,scDeepCluster,DRE_umap_distance_correlation,12,-0.01065,7,5,0.633301,No,-0.0556,negligible
Topic-Transformer,scDeepCluster,DRE_umap_Q_local,12,0.155229,12,0,0.000244,Yes,1.0,large
Topic-Transformer,scDeepCluster,DRE_umap_Q_global,12,-0.020252,4,8,0.898193,No,-0.3194,small
Topic-Transformer,scDeepCluster,DRE_tsne_overall_quality,12,0.052858,9,3,0.013428,Yes,0.625,large
Topic-Transformer,scDeepCluster,DRE_tsne_distance_correlation,12,-0.024623,7,5,0.574951,No,-0.0694,negligible
Topic-Transformer,scDeepCluster,DRE_tsne_Q_local,12,0.176007,12,0,0.000244,Yes,1.0,large
Topic-Transformer,scDeepCluster,DRE_tsne_Q_global,12,0.007192,8,4,0.234863,No,0.2639,small
Topic-Transformer,scDeepCluster,LSE_overall_quality,12,-0.002464,6,6,0.395508,No,0.0694,negligible
Topic-Transformer,scDeepCluster,LSE_core_quality,12,0.058899,11,1,0.01709,Yes,0.6528,large
Topic-Transformer,scDeepCluster,LSE_manifold_dimensionality,12,-0.107725,1,11,0.999268,No,-0.7083,large
Topic-Transformer,scDeepCluster,LSE_spectral_decay_rate,12,0.001097,5,7,0.574951,No,-0.0972,negligible
Topic-Transformer,scDeepCluster,LSE_participation_ratio,12,0.21125,10,2,0.003418,Yes,0.6667,large
Topic-Transformer,scDeepCluster,LSE_anisotropy_score,12,-0.130973,1,11,0.991943,No,-0.6667,large
Topic-Transformer,scDeepCluster,LSE_trajectory_directionality,12,-0.235313,0,12,1.0,No,-0.9028,large
Topic-Transformer,scDeepCluster,LSE_noise_resilience,12,-0.132572,1,11,0.999756,No,-0.8056,large
Topic-Transformer,scDeepCluster,DREX_overall_quality,12,-0.097489,1,11,0.999756,No,-0.9306,large
Topic-Transformer,scDeepCluster,DREX_trustworthiness,12,-0.051833,1,11,0.999268,No,-0.7639,large
Topic-Transformer,scDeepCluster,DREX_continuity,12,-0.120815,0,12,1.0,No,-0.9583,large
Topic-Transformer,scDeepCluster,DREX_distance_spearman,12,-0.147979,2,10,0.998291,No,-0.7917,large
Topic-Transformer,scDeepCluster,DREX_distance_pearson,12,-0.158496,2,10,0.999268,No,-0.7917,large
Topic-Transformer,scDeepCluster,DREX_local_scale_quality,12,-0.019487,2,10,0.996582,No,-0.6667,large
Topic-Transformer,scDeepCluster,DREX_neighborhood_symmetry,12,-0.086324,1,11,0.999756,No,-0.9028,large
Topic-Transformer,scDeepCluster,LSEX_overall_quality,12,0.008031,8,4,0.064697,No,0.4306,medium
Topic-Transformer,scDeepCluster,LSEX_two_hop_connectivity,12,-0.063625,0,12,1.0,No,-1.0,large
Topic-Transformer,scDeepCluster,LSEX_radial_concentration,12,-0.0186,5,7,0.788086,No,-0.1667,small
Topic-Transformer,scDeepCluster,LSEX_local_curvature,12,0.136257,12,0,0.000244,Yes,1.0,large
Topic-Transformer,scDeepCluster,LSEX_entropy_stability,12,-0.021909,0,12,1.0,No,-1.0,large
Topic-Transformer,scDeepCluster,SecPerEpoch,0,0.0,0,0,,No,-0.0,negligible
Topic-Transformer,scDeepCluster,PeakGPU_MB,0,0.0,0,0,,No,-0.0,negligible
Topic-Transformer,scDeepCluster,NumParams,0,0.0,0,0,,No,-0.0,negligible
Topic-Transformer,scGNN,NMI,12,0.246064,12,0,0.000244,Yes,0.8472,large
Topic-Transformer,scGNN,ARI,12,0.230385,12,0,0.000244,Yes,0.8472,large
Topic-Transformer,scGNN,ASW,12,0.149559,12,0,0.000244,Yes,1.0,large
Topic-Transformer,scGNN,DAV,12,0.222711,10,2,0.001709,Yes,0.8194,large
Topic-Transformer,scGNN,CAL,12,287.713467,12,0,0.000244,Yes,0.9306,large
Topic-Transformer,scGNN,COR,12,-2.139582,0,12,1.0,No,-1.0,large
Topic-Transformer,scGNN,DRE_umap_overall_quality,12,0.035108,9,3,0.046143,Yes,0.3472,medium
Topic-Transformer,scGNN,DRE_umap_distance_correlation,12,0.01407,6,6,0.515137,No,-0.0139,negligible
Topic-Transformer,scGNN,DRE_umap_Q_local,12,0.085987,11,1,0.000488,Yes,0.75,large
Topic-Transformer,scGNN,DRE_umap_Q_global,12,0.005267,5,7,0.454834,No,0.0556,negligible
Topic-Transformer,scGNN,DRE_tsne_overall_quality,12,0.025679,6,6,0.133057,No,0.2778,small
Topic-Transformer,scGNN,DRE_tsne_distance_correlation,12,-0.009475,6,6,0.574951,No,-0.0139,negligible
Topic-Transformer,scGNN,DRE_tsne_Q_local,12,0.076864,12,0,0.000244,Yes,0.7639,large
Topic-Transformer,scGNN,DRE_tsne_Q_global,12,0.009648,6,6,0.395508,No,0.1389,negligible
Topic-Transformer,scGNN,LSE_overall_quality,12,-0.057865,5,7,0.935303,No,-0.125,negligible
Topic-Transformer,scGNN,LSE_core_quality,12,0.029039,10,2,0.101807,No,0.4306,medium
Topic-Transformer,scGNN,LSE_manifold_dimensionality,12,-0.134585,1,11,0.999512,No,-0.8056,large
Topic-Transformer,scGNN,LSE_spectral_decay_rate,12,-0.06499,4,8,0.973877,No,-0.4444,medium
Topic-Transformer,scGNN,LSE_participation_ratio,12,0.084022,8,4,0.116699,No,0.4306,medium
Topic-Transformer,scGNN,LSE_anisotropy_score,12,-0.23171,2,10,0.991943,No,-0.6389,large
Topic-Transformer,scGNN,LSE_trajectory_directionality,12,-0.101082,2,10,0.98291,No,-0.5833,large
Topic-Transformer,scGNN,LSE_noise_resilience,12,-0.256872,1,11,0.997559,No,-0.7222,large
Topic-Transformer,scGNN,DREX_overall_quality,12,-0.085241,2,10,0.998779,No,-0.7083,large
Topic-Transformer,scGNN,DREX_trustworthiness,12,-0.079509,0,12,1.0,No,-0.9444,large
Topic-Transformer,scGNN,DREX_continuity,12,-0.131641,0,12,1.0,No,-0.9861,large
Topic-Transformer,scGNN,DREX_distance_spearman,12,-0.123105,2,10,0.986572,No,-0.5972,large
Topic-Transformer,scGNN,DREX_distance_pearson,12,-0.088553,5,7,0.935303,No,-0.3889,medium
Topic-Transformer,scGNN,DREX_local_scale_quality,12,0.016935,8,4,0.190186,No,0.3194,small
Topic-Transformer,scGNN,DREX_neighborhood_symmetry,12,-0.105575,0,12,1.0,No,-0.9861,large
Topic-Transformer,scGNN,LSEX_overall_quality,12,0.00802,7,5,0.116699,No,0.3472,medium
Topic-Transformer,scGNN,LSEX_two_hop_connectivity,12,-0.027164,0,12,1.0,No,-0.8194,large
Topic-Transformer,scGNN,LSEX_radial_concentration,12,-0.035491,5,7,0.911865,No,-0.4028,medium
Topic-Transformer,scGNN,LSEX_local_curvature,12,0.103191,12,0,0.000244,Yes,1.0,large
Topic-Transformer,scGNN,LSEX_entropy_stability,12,-0.008458,4,8,0.953857,No,-0.5694,large
Topic-Transformer,scGNN,SecPerEpoch,0,0.0,0,0,,No,-0.0,negligible
Topic-Transformer,scGNN,PeakGPU_MB,0,0.0,0,0,,No,-0.0,negligible
Topic-Transformer,scGNN,NumParams,0,0.0,0,0,,No,-0.0,negligible
Topic-Transformer,siVAE,NMI,12,0.320559,12,0,0.000244,Yes,0.8472,large
Topic-Transformer,siVAE,ARI,12,0.264535,12,0,0.000244,Yes,0.8472,large
Topic-Transformer,siVAE,ASW,12,0.166891,12,0,0.000244,Yes,0.9306,large
Topic-Transformer,siVAE,DAV,12,0.201374,9,3,0.010498,Yes,0.6806,large
Topic-Transformer,siVAE,CAL,12,-369.146872,5,7,0.809814,No,-0.1111,negligible
Topic-Transformer,siVAE,COR,12,-3.375823,0,12,1.0,No,-0.9861,large
Topic-Transformer,siVAE,DRE_umap_overall_quality,12,-0.040002,3,9,0.991943,No,-0.5139,large
Topic-Transformer,siVAE,DRE_umap_distance_correlation,12,-0.078701,2,10,0.997559,No,-0.5833,large
Topic-Transformer,siVAE,DRE_umap_Q_local,12,0.034427,8,4,0.046143,Yes,0.2639,small
Topic-Transformer,siVAE,DRE_umap_Q_global,12,-0.075731,0,12,1.0,No,-0.8611,large
Topic-Transformer,siVAE,DRE_tsne_overall_quality,12,-0.03474,4,8,0.968018,No,-0.4722,medium
Topic-Transformer,siVAE,DRE_tsne_distance_correlation,12,-0.094033,2,10,0.998291,No,-0.5833,large
Topic-Transformer,siVAE,DRE_tsne_Q_local,12,0.052726,9,3,0.006104,Yes,0.4583,medium
Topic-Transformer,siVAE,DRE_tsne_Q_global,12,-0.062913,0,12,1.0,No,-0.7361,large
Topic-Transformer,siVAE,LSE_overall_quality,12,-0.225666,1,11,0.999756,No,-0.8611,large
Topic-Transformer,siVAE,LSE_core_quality,12,0.00112,9,3,0.133057,No,0.4444,medium
Topic-Transformer,siVAE,LSE_manifold_dimensionality,12,-0.353562,0,12,1.0,No,-0.9306,large
Topic-Transformer,siVAE,LSE_spectral_decay_rate,12,-0.124423,1,11,0.998779,No,-0.8056,large
Topic-Transformer,siVAE,LSE_participation_ratio,12,0.245482,10,2,0.01709,Yes,0.5833,large
Topic-Transformer,siVAE,LSE_anisotropy_score,12,-0.236982,2,10,0.995361,No,-0.6389,large
Topic-Transformer,siVAE,LSE_trajectory_directionality,12,-0.475472,1,11,0.999756,No,-0.8611,large
Topic-Transformer,siVAE,LSE_noise_resilience,12,-0.740652,0,12,1.0,No,-0.9028,large
Topic-Transformer,siVAE,DREX_overall_quality,12,-0.131023,0,12,1.0,No,-0.9722,large
Topic-Transformer,siVAE,DREX_trustworthiness,12,-0.082686,0,12,1.0,No,-0.9583,large
Topic-Transformer,siVAE,DREX_continuity,12,-0.143268,0,12,1.0,No,-1.0,large
Topic-Transformer,siVAE,DREX_distance_spearman,12,-0.216495,0,12,1.0,No,-0.9306,large
Topic-Transformer,siVAE,DREX_distance_pearson,12,-0.186269,0,12,1.0,No,-0.8194,large
Topic-Transformer,siVAE,DREX_local_scale_quality,12,-0.044444,1,11,0.999512,No,-0.9028,large
Topic-Transformer,siVAE,DREX_neighborhood_symmetry,12,-0.112977,0,12,1.0,No,-0.9722,large
Topic-Transformer,siVAE,LSEX_overall_quality,12,-0.036838,1,11,0.999512,No,-0.8194,large
Topic-Transformer,siVAE,LSEX_two_hop_connectivity,12,-0.025493,1,11,0.999512,No,-0.75,large
Topic-Transformer,siVAE,LSEX_radial_concentration,12,-0.204244,0,12,1.0,No,-0.9306,large
Topic-Transformer,siVAE,LSEX_local_curvature,12,0.101423,12,0,0.000244,Yes,0.9722,large
Topic-Transformer,siVAE,LSEX_entropy_stability,12,-0.019039,0,12,1.0,No,-0.9722,large
Topic-Transformer,siVAE,SecPerEpoch,0,0.0,0,0,,No,-0.0,negligible
Topic-Transformer,siVAE,PeakGPU_MB,0,0.0,0,0,,No,-0.0,negligible
Topic-Transformer,siVAE,NumParams,0,0.0,0,0,,No,-0.0,negligible
Topic-Transformer,scSMD,NMI,12,0.386731,12,0,0.000244,Yes,0.8611,large
Topic-Transformer,scSMD,ARI,12,0.292611,11,1,0.000488,Yes,0.8333,large
Topic-Transformer,scSMD,ASW,12,0.148718,12,0,0.000244,Yes,0.8889,large
Topic-Transformer,scSMD,DAV,12,0.096026,8,4,0.054932,No,0.3333,medium
Topic-Transformer,scSMD,CAL,12,-610.990695,3,9,0.953857,No,-0.2361,small
Topic-Transformer,scSMD,COR,12,-5.167757,0,12,1.0,No,-1.0,large
Topic-Transformer,scSMD,DRE_umap_overall_quality,12,-0.054493,2,10,0.998779,No,-0.7361,large
Topic-Transformer,scSMD,DRE_umap_distance_correlation,12,-0.083453,2,10,0.997559,No,-0.7361,large
Topic-Transformer,scSMD,DRE_umap_Q_local,12,0.001054,4,8,0.545166,No,-0.2083,small
Topic-Transformer,scSMD,DRE_umap_Q_global,12,-0.08108,1,11,0.999756,No,-0.9722,large
Topic-Transformer,scSMD,DRE_tsne_overall_quality,12,-0.066944,2,10,0.998779,No,-0.7917,large
Topic-Transformer,scSMD,DRE_tsne_distance_correlation,12,-0.127397,1,11,0.999756,No,-0.8472,large
Topic-Transformer,scSMD,DRE_tsne_Q_local,12,0.017689,7,5,0.169678,No,0.1667,small
Topic-Transformer,scSMD,DRE_tsne_Q_global,12,-0.091124,1,11,0.999756,No,-0.9583,large
Topic-Transformer,scSMD,LSE_overall_quality,12,-0.268046,0,12,1.0,No,-1.0,large
Topic-Transformer,scSMD,LSE_core_quality,12,-0.010736,9,3,0.133057,No,0.4861,large
Topic-Transformer,scSMD,LSE_manifold_dimensionality,12,-0.394462,0,12,1.0,No,-1.0,large
Topic-Transformer,scSMD,LSE_spectral_decay_rate,12,-0.146662,1,11,0.999512,No,-0.9444,large
Topic-Transformer,scSMD,LSE_participation_ratio,12,0.26979,10,2,0.010498,Yes,0.6667,large
Topic-Transformer,scSMD,LSE_anisotropy_score,12,-0.228389,2,10,0.989502,No,-0.6944,large
Topic-Transformer,scSMD,LSE_trajectory_directionality,12,-0.510004,0,12,1.0,No,-1.0,large
Topic-Transformer,scSMD,LSE_noise_resilience,12,-0.852991,0,12,1.0,No,-1.0,large
Topic-Transformer,scSMD,DREX_overall_quality,12,-0.118614,0,12,1.0,No,-0.9444,large
Topic-Transformer,scSMD,DREX_trustworthiness,12,-0.086137,0,12,1.0,No,-1.0,large
Topic-Transformer,scSMD,DREX_continuity,12,-0.146013,0,12,1.0,No,-1.0,large
Topic-Transformer,scSMD,DREX_distance_spearman,12,-0.22129,0,12,1.0,No,-1.0,large
Topic-Transformer,scSMD,DREX_distance_pearson,12,-0.112334,2,10,0.986572,No,-0.625,large
Topic-Transformer,scSMD,DREX_local_scale_quality,12,-0.029835,0,12,1.0,No,-0.8611,large
Topic-Transformer,scSMD,DREX_neighborhood_symmetry,12,-0.116075,0,12,1.0,No,-1.0,large
Topic-Transformer,scSMD,LSEX_overall_quality,12,-0.035769,2,10,0.995361,No,-0.6667,large
Topic-Transformer,scSMD,LSEX_two_hop_connectivity,12,-0.017386,2,10,0.999268,No,-0.6806,large
Topic-Transformer,scSMD,LSEX_radial_concentration,12,-0.195462,1,11,0.998291,No,-0.6944,large
Topic-Transformer,scSMD,LSEX_local_curvature,12,0.087716,12,0,0.000244,Yes,0.9306,large
Topic-Transformer,scSMD,LSEX_entropy_stability,12,-0.017944,1,11,0.999756,No,-0.9861,large
Topic-Transformer,scSMD,SecPerEpoch,0,0.0,0,0,,No,-0.0,negligible
Topic-Transformer,scSMD,PeakGPU_MB,0,0.0,0,0,,No,-0.0,negligible
Topic-Transformer,scSMD,NumParams,0,0.0,0,0,,No,-0.0,negligible
Topic-Transformer,scDiffusion,NMI,12,0.439755,12,0,0.000244,Yes,0.8611,large
Topic-Transformer,scDiffusion,ARI,12,0.328836,12,0,0.000244,Yes,0.8611,large
Topic-Transformer,scDiffusion,ASW,12,0.307506,12,0,0.000244,Yes,1.0,large
Topic-Transformer,scDiffusion,DAV,12,0.674726,12,0,0.000244,Yes,1.0,large
Topic-Transformer,scDiffusion,CAL,12,393.478722,12,0,0.000244,Yes,1.0,large
Topic-Transformer,scDiffusion,COR,12,-0.464186,2,10,0.998779,No,-0.625,large
Topic-Transformer,scDiffusion,DRE_umap_overall_quality,12,0.062985,10,2,0.013428,Yes,0.5139,large
Topic-Transformer,scDiffusion,DRE_umap_distance_correlation,12,0.026591,6,6,0.190186,No,0.0972,negligible
Topic-Transformer,scDiffusion,DRE_umap_Q_local,12,0.175817,11,1,0.000488,Yes,0.9722,large
Topic-Transformer,scDiffusion,DRE_umap_Q_global,12,-0.013454,5,7,0.809814,No,-0.1944,small
Topic-Transformer,scDiffusion,DRE_tsne_overall_quality,12,0.110152,10,2,0.001221,Yes,0.8333,large
Topic-Transformer,scDiffusion,DRE_tsne_distance_correlation,12,0.040253,7,5,0.150635,No,0.25,small
Topic-Transformer,scDiffusion,DRE_tsne_Q_local,12,0.248743,12,0,0.000244,Yes,1.0,large
Topic-Transformer,scDiffusion,DRE_tsne_Q_global,12,0.041461,9,3,0.02124,Yes,0.5139,large
Topic-Transformer,scDiffusion,LSE_overall_quality,12,-0.015314,7,5,0.633301,No,0.1389,negligible
Topic-Transformer,scDiffusion,LSE_core_quality,12,0.044326,10,2,0.01709,Yes,0.5278,large
Topic-Transformer,scDiffusion,LSE_manifold_dimensionality,12,-0.090097,3,9,0.993896,No,-0.6667,large
Topic-Transformer,scDiffusion,LSE_spectral_decay_rate,12,0.030792,8,4,0.064697,No,0.3611,medium
Topic-Transformer,scDiffusion,LSE_participation_ratio,12,0.109115,9,3,0.038574,Yes,0.5139,large
Topic-Transformer,scDiffusion,LSE_anisotropy_score,12,-0.127495,1,11,0.993896,No,-0.5694,large
Topic-Transformer,scDiffusion,LSE_trajectory_directionality,12,-0.097496,1,11,0.996582,No,-0.5417,large
Topic-Transformer,scDiffusion,LSE_noise_resilience,12,-0.138637,2,10,0.996582,No,-0.6806,large
Topic-Transformer,scDiffusion,DREX_overall_quality,12,-0.072025,3,9,0.996582,No,-0.5833,large
Topic-Transformer,scDiffusion,DREX_trustworthiness,12,-0.025182,6,6,0.740723,No,-0.1806,small
Topic-Transformer,scDiffusion,DREX_continuity,12,-0.105127,1,11,0.999756,No,-0.8611,large
Topic-Transformer,scDiffusion,DREX_distance_spearman,12,-0.110484,4,8,0.989502,No,-0.5,large
Topic-Transformer,scDiffusion,DREX_distance_pearson,12,-0.12099,3,9,0.993896,No,-0.5139,large
Topic-Transformer,scDiffusion,DREX_local_scale_quality,12,-0.005213,6,6,0.830322,No,-0.2639,small
Topic-Transformer,scDiffusion,DREX_neighborhood_symmetry,12,-0.065154,4,8,0.98291,No,-0.5972,large
Topic-Transformer,scDiffusion,LSEX_overall_quality,12,0.008647,11,1,0.010498,Yes,0.5417,large
Topic-Transformer,scDiffusion,LSEX_two_hop_connectivity,12,-0.080058,0,12,1.0,No,-1.0,large
Topic-Transformer,scDiffusion,LSEX_radial_concentration,12,-0.017217,4,8,0.883301,No,-0.2778,small
Topic-Transformer,scDiffusion,LSEX_local_curvature,12,0.155389,12,0,0.000244,Yes,1.0,large
Topic-Transformer,scDiffusion,LSEX_entropy_stability,12,-0.023527,0,12,1.0,No,-1.0,large
Topic-Transformer,scDiffusion,SecPerEpoch,0,0.0,0,0,,No,-0.0,negligible
Topic-Transformer,scDiffusion,PeakGPU_MB,0,0.0,0,0,,No,-0.0,negligible
Topic-Transformer,scDiffusion,NumParams,0,0.0,0,0,,No,-0.0,negligible
Topic-Transformer,CellBLAST,NMI,12,0.41828,12,0,0.000244,Yes,0.8611,large
Topic-Transformer,CellBLAST,ARI,12,0.312971,12,0,0.000244,Yes,0.8472,large
Topic-Transformer,CellBLAST,ASW,12,0.377536,12,0,0.000244,Yes,1.0,large
Topic-Transformer,CellBLAST,DAV,12,1.129666,12,0,0.000244,Yes,1.0,large
Topic-Transformer,CellBLAST,CAL,12,443.153157,12,0,0.000244,Yes,1.0,large
Topic-Transformer,CellBLAST,COR,12,0.47313,12,0,0.000244,Yes,0.7639,large
Topic-Transformer,CellBLAST,DRE_umap_overall_quality,12,0.228782,12,0,0.000244,Yes,1.0,large
Topic-Transformer,CellBLAST,DRE_umap_distance_correlation,12,0.272933,12,0,0.000244,Yes,1.0,large
Topic-Transformer,CellBLAST,DRE_umap_Q_local,12,0.331467,12,0,0.000244,Yes,1.0,large
Topic-Transformer,CellBLAST,DRE_umap_Q_global,12,0.081946,12,0,0.000244,Yes,1.0,large
Topic-Transformer,CellBLAST,DRE_tsne_overall_quality,12,0.263417,12,0,0.000244,Yes,1.0,large
Topic-Transformer,CellBLAST,DRE_tsne_distance_correlation,12,0.242253,12,0,0.000244,Yes,1.0,large
Topic-Transformer,CellBLAST,DRE_tsne_Q_local,12,0.4097,12,0,0.000244,Yes,1.0,large
Topic-Transformer,CellBLAST,DRE_tsne_Q_global,12,0.138298,12,0,0.000244,Yes,1.0,large
Topic-Transformer,CellBLAST,LSE_overall_quality,12,0.018011,5,7,0.633301,No,-0.0694,negligible
Topic-Transformer,CellBLAST,LSE_core_quality,12,7.6e-05,3,9,0.883301,No,-0.3889,medium
Topic-Transformer,CellBLAST,LSE_manifold_dimensionality,12,0.039622,7,5,0.064697,No,0.3194,small
Topic-Transformer,CellBLAST,LSE_spectral_decay_rate,12,0.19849,12,0,0.000244,Yes,1.0,large
Topic-Transformer,CellBLAST,LSE_participation_ratio,12,-0.133267,3,9,0.968018,No,-0.5833,large
Topic-Transformer,CellBLAST,LSE_anisotropy_score,12,0.104542,10,2,0.064697,No,0.625,large
Topic-Transformer,CellBLAST,LSE_trajectory_directionality,12,0.112595,11,1,0.001709,Yes,0.875,large
Topic-Transformer,CellBLAST,LSE_noise_resilience,12,0.069576,11,1,0.000488,Yes,0.9583,large
Topic-Transformer,CellBLAST,DREX_overall_quality,12,0.057663,8,4,0.01709,Yes,0.4861,large
Topic-Transformer,CellBLAST,DREX_trustworthiness,12,0.081984,10,2,0.001709,Yes,0.7639,large
Topic-Transformer,CellBLAST,DREX_continuity,12,-0.029878,7,5,0.715332,No,0.1667,small
Topic-Transformer,CellBLAST,DREX_distance_spearman,12,0.137521,9,3,0.008057,Yes,0.6667,large
Topic-Transformer,CellBLAST,DREX_distance_pearson,12,0.113991,8,4,0.013428,Yes,0.6111,large
Topic-Transformer,CellBLAST,DREX_local_scale_quality,12,0.016306,10,2,0.002441,Yes,0.625,large
Topic-Transformer,CellBLAST,DREX_neighborhood_symmetry,12,0.026053,8,4,0.150635,No,0.2778,small
Topic-Transformer,CellBLAST,LSEX_overall_quality,12,0.014272,11,1,0.000488,Yes,0.8333,large
Topic-Transformer,CellBLAST,LSEX_two_hop_connectivity,12,-0.122893,0,12,1.0,No,-1.0,large
Topic-Transformer,CellBLAST,LSEX_radial_concentration,12,0.028795,7,5,0.054932,No,0.4306,medium
Topic-Transformer,CellBLAST,LSEX_local_curvature,12,0.175714,12,0,0.000244,Yes,1.0,large
Topic-Transformer,CellBLAST,LSEX_entropy_stability,12,-0.024529,0,12,1.0,No,-1.0,large
Topic-Transformer,CellBLAST,SecPerEpoch,0,0.0,0,0,,No,-0.0,negligible
Topic-Transformer,CellBLAST,PeakGPU_MB,0,0.0,0,0,,No,-0.0,negligible
Topic-Transformer,CellBLAST,NumParams,0,0.0,0,0,,No,-0.0,negligible
Topic-Transformer,SCALEX,NMI,12,0.439863,12,0,0.000244,Yes,0.875,large
Topic-Transformer,SCALEX,ARI,12,0.304202,10,2,0.001221,Yes,0.8056,large
Topic-Transformer,SCALEX,ASW,12,0.392364,12,0,0.000244,Yes,1.0,large
Topic-Transformer,SCALEX,DAV,12,1.127993,12,0,0.000244,Yes,1.0,large
Topic-Transformer,SCALEX,CAL,12,449.431204,12,0,0.000244,Yes,1.0,large
Topic-Transformer,SCALEX,COR,12,0.713741,12,0,0.000244,Yes,1.0,large
Topic-Transformer,SCALEX,DRE_umap_overall_quality,12,0.326407,12,0,0.000244,Yes,1.0,large
Topic-Transformer,SCALEX,DRE_umap_distance_correlation,12,0.445768,12,0,0.000244,Yes,1.0,large
Topic-Transformer,SCALEX,DRE_umap_Q_local,12,0.39227,12,0,0.000244,Yes,1.0,large
Topic-Transformer,SCALEX,DRE_umap_Q_global,12,0.141185,12,0,0.000244,Yes,1.0,large
Topic-Transformer,SCALEX,DRE_tsne_overall_quality,12,0.312934,12,0,0.000244,Yes,1.0,large
Topic-Transformer,SCALEX,DRE_tsne_distance_correlation,12,0.304963,12,0,0.000244,Yes,1.0,large
Topic-Transformer,SCALEX,DRE_tsne_Q_local,12,0.45707,12,0,0.000244,Yes,1.0,large
Topic-Transformer,SCALEX,DRE_tsne_Q_global,12,0.17677,12,0,0.000244,Yes,1.0,large
Topic-Transformer,SCALEX,LSE_overall_quality,12,0.028382,3,9,0.883301,No,-0.3194,small
Topic-Transformer,SCALEX,LSE_core_quality,12,0.004719,2,10,0.898193,No,-0.5972,large
Topic-Transformer,SCALEX,LSE_manifold_dimensionality,12,0.140753,12,0,0.000244,Yes,0.9722,large
Topic-Transformer,SCALEX,LSE_spectral_decay_rate,12,0.240321,12,0,0.000244,Yes,1.0,large
Topic-Transformer,SCALEX,LSE_participation_ratio,12,-0.215474,2,10,0.953857,No,-0.6667,large
Topic-Transformer,SCALEX,LSE_anisotropy_score,12,0.146724,10,2,0.054932,No,0.6667,large
Topic-Transformer,SCALEX,LSE_trajectory_directionality,12,0.195886,12,0,0.000244,Yes,1.0,large
Topic-Transformer,SCALEX,LSE_noise_resilience,12,0.092632,12,0,0.000244,Yes,1.0,large
Topic-Transformer,SCALEX,DREX_overall_quality,12,0.142135,11,1,0.000488,Yes,0.9722,large
Topic-Transformer,SCALEX,DREX_trustworthiness,12,0.133388,12,0,0.000244,Yes,0.9722,large
Topic-Transformer,SCALEX,DREX_continuity,12,0.009297,7,5,0.338623,No,0.1667,small
Topic-Transformer,SCALEX,DREX_distance_spearman,12,0.31154,12,0,0.000244,Yes,0.9861,large
Topic-Transformer,SCALEX,DREX_distance_pearson,12,0.306024,12,0,0.000244,Yes,0.9861,large
Topic-Transformer,SCALEX,DREX_local_scale_quality,12,0.021218,12,0,0.000244,Yes,0.9028,large
Topic-Transformer,SCALEX,DREX_neighborhood_symmetry,12,0.071343,10,2,0.006104,Yes,0.5278,large
Topic-Transformer,SCALEX,LSEX_overall_quality,12,0.002233,7,5,0.338623,No,0.1667,small
Topic-Transformer,SCALEX,LSEX_two_hop_connectivity,12,-0.123658,0,12,1.0,No,-1.0,large
Topic-Transformer,SCALEX,LSEX_radial_concentration,12,-0.018995,6,6,0.788086,No,-0.1528,small
Topic-Transformer,SCALEX,LSEX_local_curvature,12,0.176135,12,0,0.000244,Yes,1.0,large
Topic-Transformer,SCALEX,LSEX_entropy_stability,12,-0.024549,0,12,1.0,No,-1.0,large
Topic-Transformer,SCALEX,SecPerEpoch,0,0.0,0,0,,No,-0.0,negligible
Topic-Transformer,SCALEX,PeakGPU_MB,0,0.0,0,0,,No,-0.0,negligible
Topic-Transformer,SCALEX,NumParams,0,0.0,0,0,,No,-0.0,negligible
Topic-Transformer,GMVAE,NMI,12,0.445799,12,0,0.000244,Yes,0.8889,large
Topic-Transformer,GMVAE,ARI,12,0.331243,12,0,0.000244,Yes,0.8889,large
Topic-Transformer,GMVAE,ASW,12,0.417033,12,0,0.000244,Yes,1.0,large
Topic-Transformer,GMVAE,DAV,12,1.937875,12,0,0.000244,Yes,1.0,large
Topic-Transformer,GMVAE,CAL,12,461.390223,12,0,0.000244,Yes,1.0,large
Topic-Transformer,GMVAE,COR,12,0.736859,12,0,0.000244,Yes,1.0,large
Topic-Transformer,GMVAE,DRE_umap_overall_quality,12,0.417976,12,0,0.000244,Yes,1.0,large
Topic-Transformer,GMVAE,DRE_umap_distance_correlation,12,0.579063,12,0,0.000244,Yes,1.0,large
Topic-Transformer,GMVAE,DRE_umap_Q_local,12,0.475606,12,0,0.000244,Yes,1.0,large
Topic-Transformer,GMVAE,DRE_umap_Q_global,12,0.199258,12,0,0.000244,Yes,1.0,large
Topic-Transformer,GMVAE,DRE_tsne_overall_quality,12,0.401051,12,0,0.000244,Yes,1.0,large
Topic-Transformer,GMVAE,DRE_tsne_distance_correlation,12,0.454569,12,0,0.000244,Yes,1.0,large
Topic-Transformer,GMVAE,DRE_tsne_Q_local,12,0.516808,12,0,0.000244,Yes,1.0,large
Topic-Transformer,GMVAE,DRE_tsne_Q_global,12,0.231777,12,0,0.000244,Yes,1.0,large
Topic-Transformer,GMVAE,LSE_overall_quality,12,0.047112,6,6,0.515137,No,0.1111,negligible
Topic-Transformer,GMVAE,LSE_core_quality,12,0.014698,2,10,0.898193,No,-0.5694,large
Topic-Transformer,GMVAE,LSE_manifold_dimensionality,12,0.222364,12,0,0.000244,Yes,1.0,large
Topic-Transformer,GMVAE,LSE_spectral_decay_rate,12,0.293274,12,0,0.000244,Yes,1.0,large
Topic-Transformer,GMVAE,LSE_participation_ratio,12,-0.273596,2,10,0.961426,No,-0.6667,large
Topic-Transformer,GMVAE,LSE_anisotropy_score,12,0.183249,10,2,0.054932,No,0.6667,large
Topic-Transformer,GMVAE,LSE_trajectory_directionality,12,0.294792,12,0,0.000244,Yes,1.0,large
Topic-Transformer,GMVAE,LSE_noise_resilience,12,0.122822,12,0,0.000244,Yes,1.0,large
Topic-Transformer,GMVAE,DREX_overall_quality,12,0.227838,12,0,0.000244,Yes,1.0,large
Topic-Transformer,GMVAE,DREX_trustworthiness,12,0.199811,12,0,0.000244,Yes,1.0,large
Topic-Transformer,GMVAE,DREX_continuity,12,0.097816,9,3,0.008057,Yes,0.5278,large
Topic-Transformer,GMVAE,DREX_distance_spearman,12,0.445737,12,0,0.000244,Yes,1.0,large
Topic-Transformer,GMVAE,DREX_distance_pearson,12,0.433748,12,0,0.000244,Yes,1.0,large
Topic-Transformer,GMVAE,DREX_local_scale_quality,12,0.041102,12,0,0.000244,Yes,1.0,large
Topic-Transformer,GMVAE,DREX_neighborhood_symmetry,12,0.148813,12,0,0.000244,Yes,0.9861,large
Topic-Transformer,GMVAE,LSEX_overall_quality,12,0.028308,12,0,0.000244,Yes,1.0,large
Topic-Transformer,GMVAE,LSEX_two_hop_connectivity,12,-0.180065,0,12,1.0,No,-1.0,large
Topic-Transformer,GMVAE,LSEX_radial_concentration,12,0.121471,12,0,0.000244,Yes,1.0,large
Topic-Transformer,GMVAE,LSEX_local_curvature,12,0.197139,12,0,0.000244,Yes,1.0,large
Topic-Transformer,GMVAE,LSEX_entropy_stability,12,-0.025314,0,12,1.0,No,-1.0,large
Topic-Transformer,GMVAE,SecPerEpoch,0,0.0,0,0,,No,-0.0,negligible
Topic-Transformer,GMVAE,PeakGPU_MB,0,0.0,0,0,,No,-0.0,negligible
Topic-Transformer,GMVAE,NumParams,0,0.0,0,0,,No,-0.0,negligible
Topic-Contrastive,scDHMap,NMI,12,-0.000771,6,6,0.765137,No,0.0694,negligible
Topic-Contrastive,scDHMap,ARI,12,0.00915,8,4,0.311035,No,0.0556,negligible
Topic-Contrastive,scDHMap,ASW,12,0.074471,11,1,0.010498,Yes,0.6667,large
Topic-Contrastive,scDHMap,DAV,12,0.136935,10,2,0.004639,Yes,0.6944,large
Topic-Contrastive,scDHMap,CAL,12,223.076781,10,2,0.010498,Yes,0.625,large
Topic-Contrastive,scDHMap,COR,12,-1.994063,0,12,1.0,No,-1.0,large
Topic-Contrastive,scDHMap,DRE_umap_overall_quality,12,-0.02293,4,8,0.924316,No,-0.1667,small
Topic-Contrastive,scDHMap,DRE_umap_distance_correlation,12,-0.038292,3,9,0.973877,No,-0.25,small
Topic-Contrastive,scDHMap,DRE_umap_Q_local,12,-0.008862,6,6,0.633301,No,-0.0972,negligible
Topic-Contrastive,scDHMap,DRE_umap_Q_global,12,-0.021637,4,8,0.97876,No,-0.3056,small
Topic-Contrastive,scDHMap,DRE_tsne_overall_quality,12,-0.018486,4,8,0.809814,No,-0.1806,small
Topic-Contrastive,scDHMap,DRE_tsne_distance_correlation,12,-0.048054,3,9,0.98291,No,-0.25,small
Topic-Contrastive,scDHMap,DRE_tsne_Q_local,12,0.003134,8,4,0.259277,No,0.0694,negligible
Topic-Contrastive,scDHMap,DRE_tsne_Q_global,12,-0.010539,5,7,0.740723,No,-0.0694,negligible
Topic-Contrastive,scDHMap,LSE_overall_quality,12,-0.081971,3,9,0.993896,No,-0.5556,large
Topic-Contrastive,scDHMap,LSE_core_quality,12,0.009576,10,2,0.116699,No,0.6667,large
Topic-Contrastive,scDHMap,LSE_manifold_dimensionality,12,-0.265413,0,12,1.0,No,-1.0,large
Topic-Contrastive,scDHMap,LSE_spectral_decay_rate,12,-0.097114,0,12,1.0,No,-0.8889,large
Topic-Contrastive,scDHMap,LSE_participation_ratio,12,0.160963,10,2,0.003418,Yes,0.5417,large
Topic-Contrastive,scDHMap,LSE_anisotropy_score,12,-0.239869,2,10,0.995361,No,-0.6667,large
Topic-Contrastive,scDHMap,LSE_trajectory_directionality,12,-0.086737,2,10,0.995361,No,-0.5,large
Topic-Contrastive,scDHMap,LSE_noise_resilience,12,-0.322089,0,12,1.0,No,-0.8194,large
Topic-Contrastive,scDHMap,DREX_overall_quality,12,-0.113696,0,12,1.0,No,-0.9306,large
Topic-Contrastive,scDHMap,DREX_trustworthiness,12,-0.09546,0,12,1.0,No,-1.0,large
Topic-Contrastive,scDHMap,DREX_continuity,12,-0.13481,0,12,1.0,No,-1.0,large
Topic-Contrastive,scDHMap,DREX_distance_spearman,12,-0.140656,1,11,0.999512,No,-0.75,large
Topic-Contrastive,scDHMap,DREX_distance_pearson,12,-0.13514,1,11,0.998779,No,-0.6667,large
Topic-Contrastive,scDHMap,DREX_local_scale_quality,12,-0.060974,0,12,1.0,No,-0.9861,large
Topic-Contrastive,scDHMap,DREX_neighborhood_symmetry,12,-0.115135,0,12,1.0,No,-1.0,large
Topic-Contrastive,scDHMap,LSEX_overall_quality,12,0.044558,12,0,0.000244,Yes,0.9861,large
Topic-Contrastive,scDHMap,LSEX_two_hop_connectivity,12,-0.014201,1,11,0.989502,No,-0.7083,large
Topic-Contrastive,scDHMap,LSEX_radial_concentration,12,0.110585,11,1,0.000732,Yes,0.875,large
Topic-Contrastive,scDHMap,LSEX_local_curvature,12,0.090517,11,1,0.000488,Yes,0.9444,large
Topic-Contrastive,scDHMap,LSEX_entropy_stability,12,-0.008669,1,11,0.998291,No,-0.8056,large
Topic-Contrastive,scDHMap,SecPerEpoch,0,0.0,0,0,,No,-0.0,negligible
Topic-Contrastive,scDHMap,PeakGPU_MB,0,0.0,0,0,,No,-0.0,negligible
Topic-Contrastive,scDHMap,NumParams,0,0.0,0,0,,No,-0.0,negligible
Topic-Contrastive,CLEAR,NMI,12,-0.038512,3,9,0.993896,No,-0.3333,medium
Topic-Contrastive,CLEAR,ARI,12,-0.027073,4,8,0.935303,No,-0.1944,small
Topic-Contrastive,CLEAR,ASW,12,0.343394,12,0,0.000244,Yes,1.0,large
Topic-Contrastive,CLEAR,DAV,12,2.175004,12,0,0.000244,Yes,1.0,large
Topic-Contrastive,CLEAR,CAL,12,523.512718,12,0,0.000244,Yes,1.0,large
Topic-Contrastive,CLEAR,COR,12,-11.023225,0,12,1.0,No,-1.0,large
Topic-Contrastive,CLEAR,DRE_umap_overall_quality,12,0.227638,12,0,0.000244,Yes,1.0,large
Topic-Contrastive,CLEAR,DRE_umap_distance_correlation,12,0.316846,12,0,0.000244,Yes,1.0,large
Topic-Contrastive,CLEAR,DRE_umap_Q_local,12,0.238181,12,0,0.000244,Yes,1.0,large
Topic-Contrastive,CLEAR,DRE_umap_Q_global,12,0.127886,12,0,0.000244,Yes,1.0,large
Topic-Contrastive,CLEAR,DRE_tsne_overall_quality,12,0.230427,12,0,0.000244,Yes,1.0,large
Topic-Contrastive,CLEAR,DRE_tsne_distance_correlation,12,0.298447,12,0,0.000244,Yes,1.0,large
Topic-Contrastive,CLEAR,DRE_tsne_Q_local,12,0.254173,12,0,0.000244,Yes,1.0,large
Topic-Contrastive,CLEAR,DRE_tsne_Q_global,12,0.138661,12,0,0.000244,Yes,1.0,large
Topic-Contrastive,CLEAR,LSE_overall_quality,12,0.111301,12,0,0.000244,Yes,1.0,large
Topic-Contrastive,CLEAR,LSE_core_quality,12,0.068964,12,0,0.000244,Yes,1.0,large
Topic-Contrastive,CLEAR,LSE_manifold_dimensionality,12,-0.038902,4,8,0.883301,No,-0.375,medium
Topic-Contrastive,CLEAR,LSE_spectral_decay_rate,12,0.309493,12,0,0.000244,Yes,1.0,large
Topic-Contrastive,CLEAR,LSE_participation_ratio,12,0.106332,9,3,0.026123,Yes,0.4306,medium
Topic-Contrastive,CLEAR,LSE_anisotropy_score,12,0.101069,10,2,0.031982,Yes,0.6389,large
Topic-Contrastive,CLEAR,LSE_trajectory_directionality,12,0.31911,12,0,0.000244,Yes,1.0,large
Topic-Contrastive,CLEAR,LSE_noise_resilience,12,0.177654,12,0,0.000244,Yes,1.0,large
Topic-Contrastive,CLEAR,DREX_overall_quality,12,0.055189,11,1,0.000732,Yes,0.5694,large
Topic-Contrastive,CLEAR,DREX_trustworthiness,12,-0.019293,3,9,0.997559,No,-0.2361,small
Topic-Contrastive,CLEAR,DREX_continuity,12,-0.074848,0,12,1.0,No,-0.5833,large
Topic-Contrastive,CLEAR,DREX_distance_spearman,12,0.2169,12,0,0.000244,Yes,0.8472,large
Topic-Contrastive,CLEAR,DREX_distance_pearson,12,0.195605,12,0,0.000244,Yes,0.75,large
Topic-Contrastive,CLEAR,DREX_local_scale_quality,12,0.059844,12,0,0.000244,Yes,1.0,large
Topic-Contrastive,CLEAR,DREX_neighborhood_symmetry,12,-0.047071,0,12,1.0,No,-0.4722,medium
Topic-Contrastive,CLEAR,LSEX_overall_quality,12,0.076225,12,0,0.000244,Yes,1.0,large
Topic-Contrastive,CLEAR,LSEX_two_hop_connectivity,12,-0.1025,0,12,1.0,No,-1.0,large
Topic-Contrastive,CLEAR,LSEX_radial_concentration,12,0.264432,12,0,0.000244,Yes,1.0,large
Topic-Contrastive,CLEAR,LSEX_local_curvature,12,0.161817,12,0,0.000244,Yes,1.0,large
Topic-Contrastive,CLEAR,LSEX_entropy_stability,12,-0.018848,0,12,1.0,No,-1.0,large
Topic-Contrastive,CLEAR,SecPerEpoch,0,0.0,0,0,,No,-0.0,negligible
Topic-Contrastive,CLEAR,PeakGPU_MB,0,0.0,0,0,,No,-0.0,negligible
Topic-Contrastive,CLEAR,NumParams,0,0.0,0,0,,No,-0.0,negligible
Topic-Contrastive,scDAC,NMI,12,0.153363,11,1,0.004639,Yes,0.7917,large
Topic-Contrastive,scDAC,ARI,12,0.123931,10,2,0.01709,Yes,0.6806,large
Topic-Contrastive,scDAC,ASW,12,-0.11888,3,9,0.991943,No,-0.5694,large
Topic-Contrastive,scDAC,DAV,12,-0.335772,0,12,1.0,No,-0.9444,large
Topic-Contrastive,scDAC,CAL,12,-31505.681771,0,12,1.0,No,-0.9861,large
Topic-Contrastive,scDAC,COR,12,-5.509613,0,12,1.0,No,-1.0,large
Topic-Contrastive,scDAC,DRE_umap_overall_quality,12,-0.027611,4,8,0.945068,No,-0.4444,medium
Topic-Contrastive,scDAC,DRE_umap_distance_correlation,12,0.00953,7,5,0.366699,No,0.0278,negligible
Topic-Contrastive,scDAC,DRE_umap_Q_local,12,-0.059662,1,11,0.999756,No,-0.8194,large
Topic-Contrastive,scDAC,DRE_umap_Q_global,12,-0.032701,3,9,0.986572,No,-0.6111,large
Topic-Contrastive,scDAC,DRE_tsne_overall_quality,12,-0.055929,2,10,0.997559,No,-0.6806,large
Topic-Contrastive,scDAC,DRE_tsne_distance_correlation,12,-0.046776,4,8,0.935303,No,-0.3472,medium
Topic-Contrastive,scDAC,DRE_tsne_Q_local,12,-0.056002,1,11,0.993896,No,-0.5972,large
Topic-Contrastive,scDAC,DRE_tsne_Q_global,12,-0.06501,0,12,1.0,No,-0.9722,large
Topic-Contrastive,scDAC,LSE_overall_quality,12,-0.267781,0,12,1.0,No,-0.9861,large
Topic-Contrastive,scDAC,LSE_core_quality,12,-0.079757,2,10,0.997559,No,-0.625,large
Topic-Contrastive,scDAC,LSE_manifold_dimensionality,12,-0.302631,0,12,1.0,No,-1.0,large
Topic-Contrastive,scDAC,LSE_spectral_decay_rate,12,-0.081401,1,11,0.999756,No,-0.8056,large
Topic-Contrastive,scDAC,LSE_participation_ratio,12,-0.121802,4,8,0.961426,No,-0.3056,small
Topic-Contrastive,scDAC,LSE_anisotropy_score,12,-0.186806,3,9,0.953857,No,-0.5139,large
Topic-Contrastive,scDAC,LSE_trajectory_directionality,12,-0.35571,0,12,1.0,No,-0.9306,large
Topic-Contrastive,scDAC,LSE_noise_resilience,12,-0.683446,1,11,0.999756,No,-0.9722,large
Topic-Contrastive,scDAC,DREX_overall_quality,12,-0.026268,5,7,0.830322,No,-0.1528,small
Topic-Contrastive,scDAC,DREX_trustworthiness,12,-0.091403,0,12,1.0,No,-1.0,large
Topic-Contrastive,scDAC,DREX_continuity,12,-0.142821,0,12,1.0,No,-1.0,large
Topic-Contrastive,scDAC,DREX_distance_spearman,12,-0.09248,3,9,0.945068,No,-0.5278,large
Topic-Contrastive,scDAC,DREX_distance_pearson,12,0.339053,11,1,0.002441,Yes,0.75,large
Topic-Contrastive,scDAC,DREX_local_scale_quality,12,-0.052845,0,12,1.0,No,-0.9722,large
Topic-Contrastive,scDAC,DREX_neighborhood_symmetry,12,-0.117112,0,12,1.0,No,-1.0,large
Topic-Contrastive,scDAC,LSEX_overall_quality,12,0.104932,11,1,0.001709,Yes,0.7361,large
Topic-Contrastive,scDAC,LSEX_two_hop_connectivity,12,0.00736,7,5,0.064697,No,0.3889,medium
Topic-Contrastive,scDAC,LSEX_radial_concentration,12,0.417094,10,2,0.002441,Yes,0.6944,large
Topic-Contrastive,scDAC,LSEX_local_curvature,12,0.00048,6,6,0.484863,No,0.0972,negligible
Topic-Contrastive,scDAC,LSEX_entropy_stability,12,-0.005205,2,10,0.997559,No,-0.4861,large
Topic-Contrastive,scDAC,SecPerEpoch,0,0.0,0,0,,No,-0.0,negligible
Topic-Contrastive,scDAC,PeakGPU_MB,0,0.0,0,0,,No,-0.0,negligible
Topic-Contrastive,scDAC,NumParams,0,0.0,0,0,,No,-0.0,negligible
Topic-Contrastive,scDeepCluster,NMI,12,0.140097,12,0,0.000244,Yes,0.8472,large
Topic-Contrastive,scDeepCluster,ARI,12,0.141889,12,0,0.000244,Yes,0.7361,large
Topic-Contrastive,scDeepCluster,ASW,12,0.232253,12,0,0.000244,Yes,1.0,large
Topic-Contrastive,scDeepCluster,DAV,12,0.658082,12,0,0.000244,Yes,1.0,large
Topic-Contrastive,scDeepCluster,CAL,12,425.934574,12,0,0.000244,Yes,1.0,large
Topic-Contrastive,scDeepCluster,COR,12,-1.348726,2,10,0.998779,No,-0.8472,large
Topic-Contrastive,scDeepCluster,DRE_umap_overall_quality,12,0.034384,8,4,0.02124,Yes,0.4722,medium
Topic-Contrastive,scDeepCluster,DRE_umap_distance_correlation,12,-0.034807,5,7,0.883301,No,-0.2917,small
Topic-Contrastive,scDeepCluster,DRE_umap_Q_local,12,0.147851,12,0,0.000244,Yes,1.0,large
Topic-Contrastive,scDeepCluster,DRE_umap_Q_global,12,-0.009891,6,6,0.661377,No,-0.1111,negligible
Topic-Contrastive,scDeepCluster,DRE_tsne_overall_quality,12,0.046746,10,2,0.008057,Yes,0.5972,large
Topic-Contrastive,scDeepCluster,DRE_tsne_distance_correlation,12,-0.041162,6,6,0.830322,No,-0.3056,small
Topic-Contrastive,scDeepCluster,DRE_tsne_Q_local,12,0.164815,12,0,0.000244,Yes,1.0,large
Topic-Contrastive,scDeepCluster,DRE_tsne_Q_global,12,0.016584,9,3,0.116699,No,0.4028,medium
Topic-Contrastive,scDeepCluster,LSE_overall_quality,12,0.004008,6,6,0.311035,No,0.0,negligible
Topic-Contrastive,scDeepCluster,LSE_core_quality,12,0.046115,10,2,0.013428,Yes,0.6667,large
Topic-Contrastive,scDeepCluster,LSE_manifold_dimensionality,12,-0.071501,2,10,0.995361,No,-0.4167,medium
Topic-Contrastive,scDeepCluster,LSE_spectral_decay_rate,12,0.017639,8,4,0.133057,No,0.2083,small
Topic-Contrastive,scDeepCluster,LSE_participation_ratio,12,0.181597,11,1,0.002441,Yes,0.625,large
Topic-Contrastive,scDeepCluster,LSE_anisotropy_score,12,-0.056724,4,8,0.935303,No,-0.4306,medium
Topic-Contrastive,scDeepCluster,LSE_trajectory_directionality,12,-0.211734,1,11,0.999756,No,-0.8333,large
Topic-Contrastive,scDeepCluster,LSE_noise_resilience,12,-0.078712,2,10,0.968018,No,-0.5556,large
Topic-Contrastive,scDeepCluster,DREX_overall_quality,12,-0.093154,1,11,0.999512,No,-0.9028,large
Topic-Contrastive,scDeepCluster,DREX_trustworthiness,12,-0.053122,1,11,0.999268,No,-0.7917,large
Topic-Contrastive,scDeepCluster,DREX_continuity,12,-0.112395,1,11,0.999756,No,-0.9028,large
Topic-Contrastive,scDeepCluster,DREX_distance_spearman,12,-0.137125,1,11,0.998779,No,-0.8333,large
Topic-Contrastive,scDeepCluster,DREX_distance_pearson,12,-0.158206,1,11,0.998779,No,-0.8611,large
Topic-Contrastive,scDeepCluster,DREX_local_scale_quality,12,-0.015316,1,11,0.989502,No,-0.625,large
Topic-Contrastive,scDeepCluster,DREX_neighborhood_symmetry,12,-0.082758,1,11,0.999756,No,-0.8889,large
Topic-Contrastive,scDeepCluster,LSEX_overall_quality,12,0.026098,11,1,0.000488,Yes,0.7361,large
Topic-Contrastive,scDeepCluster,LSEX_two_hop_connectivity,12,-0.062446,0,12,1.0,No,-1.0,large
Topic-Contrastive,scDeepCluster,LSEX_radial_concentration,12,0.055053,10,2,0.010498,Yes,0.4444,medium
Topic-Contrastive,scDeepCluster,LSEX_local_curvature,12,0.128119,12,0,0.000244,Yes,1.0,large
Topic-Contrastive,scDeepCluster,LSEX_entropy_stability,12,-0.016334,0,12,1.0,No,-1.0,large
Topic-Contrastive,scDeepCluster,SecPerEpoch,0,0.0,0,0,,No,-0.0,negligible
Topic-Contrastive,scDeepCluster,PeakGPU_MB,0,0.0,0,0,,No,-0.0,negligible
Topic-Contrastive,scDeepCluster,NumParams,0,0.0,0,0,,No,-0.0,negligible
Topic-Contrastive,scGNN,NMI,12,0.236999,12,0,0.000244,Yes,0.8472,large
Topic-Contrastive,scGNN,ARI,12,0.223145,12,0,0.000244,Yes,0.8472,large
Topic-Contrastive,scGNN,ASW,12,0.109499,12,0,0.000244,Yes,0.8889,large
Topic-Contrastive,scGNN,DAV,12,0.25013,12,0,0.000244,Yes,0.875,large
Topic-Contrastive,scGNN,CAL,12,352.765273,12,0,0.000244,Yes,0.9583,large
Topic-Contrastive,scGNN,COR,12,-1.69205,0,12,1.0,No,-0.8889,large
Topic-Contrastive,scGNN,DRE_umap_overall_quality,12,0.02805,7,5,0.150635,No,0.2917,small
Topic-Contrastive,scGNN,DRE_umap_distance_correlation,12,-0.010087,5,7,0.661377,No,-0.1944,small
Topic-Contrastive,scGNN,DRE_umap_Q_local,12,0.078609,11,1,0.001221,Yes,0.7639,large
Topic-Contrastive,scGNN,DRE_umap_Q_global,12,0.015627,5,7,0.284668,No,0.1806,small
Topic-Contrastive,scGNN,DRE_tsne_overall_quality,12,0.019566,5,7,0.259277,No,0.2222,small
Topic-Contrastive,scGNN,DRE_tsne_distance_correlation,12,-0.026013,5,7,0.809814,No,-0.1806,small
Topic-Contrastive,scGNN,DRE_tsne_Q_local,12,0.065673,11,1,0.000488,Yes,0.6944,large
Topic-Contrastive,scGNN,DRE_tsne_Q_global,12,0.01904,6,6,0.234863,No,0.25,small
Topic-Contrastive,scGNN,LSE_overall_quality,12,-0.051394,5,7,0.898193,No,-0.0972,negligible
Topic-Contrastive,scGNN,LSE_core_quality,12,0.016255,9,3,0.116699,No,0.4028,medium
Topic-Contrastive,scGNN,LSE_manifold_dimensionality,12,-0.098361,2,10,0.998779,No,-0.5972,large
Topic-Contrastive,scGNN,LSE_spectral_decay_rate,12,-0.048448,4,8,0.935303,No,-0.375,medium
Topic-Contrastive,scGNN,LSE_participation_ratio,12,0.054369,5,7,0.366699,No,0.2222,small
Topic-Contrastive,scGNN,LSE_anisotropy_score,12,-0.157461,2,10,0.989502,No,-0.4861,large
Topic-Contrastive,scGNN,LSE_trajectory_directionality,12,-0.077503,2,10,0.953857,No,-0.5,large
Topic-Contrastive,scGNN,LSE_noise_resilience,12,-0.203012,2,10,0.986572,No,-0.5139,large
Topic-Contrastive,scGNN,DREX_overall_quality,12,-0.080906,2,10,0.998779,No,-0.6944,large
Topic-Contrastive,scGNN,DREX_trustworthiness,12,-0.080798,0,12,1.0,No,-0.9444,large
Topic-Contrastive,scGNN,DREX_continuity,12,-0.123221,0,12,1.0,No,-0.9722,large
Topic-Contrastive,scGNN,DREX_distance_spearman,12,-0.112252,3,9,0.98291,No,-0.5139,large
Topic-Contrastive,scGNN,DREX_distance_pearson,12,-0.088263,4,8,0.935303,No,-0.4167,medium
Topic-Contrastive,scGNN,DREX_local_scale_quality,12,0.021106,9,3,0.116699,No,0.2778,small
Topic-Contrastive,scGNN,DREX_neighborhood_symmetry,12,-0.102009,0,12,1.0,No,-0.9861,large
Topic-Contrastive,scGNN,LSEX_overall_quality,12,0.026087,10,2,0.006104,Yes,0.75,large
Topic-Contrastive,scGNN,LSEX_two_hop_connectivity,12,-0.025985,0,12,1.0,No,-0.8611,large
Topic-Contrastive,scGNN,LSEX_radial_concentration,12,0.038162,8,4,0.133057,No,0.2917,small
Topic-Contrastive,scGNN,LSEX_local_curvature,12,0.095054,12,0,0.000244,Yes,0.9306,large
Topic-Contrastive,scGNN,LSEX_entropy_stability,12,-0.002883,5,7,0.830322,No,-0.2083,small
Topic-Contrastive,scGNN,SecPerEpoch,0,0.0,0,0,,No,-0.0,negligible
Topic-Contrastive,scGNN,PeakGPU_MB,0,0.0,0,0,,No,-0.0,negligible
Topic-Contrastive,scGNN,NumParams,0,0.0,0,0,,No,-0.0,negligible
Topic-Contrastive,siVAE,NMI,12,0.311494,12,0,0.000244,Yes,0.8472,large
Topic-Contrastive,siVAE,ARI,12,0.257294,12,0,0.000244,Yes,0.8472,large
Topic-Contrastive,siVAE,ASW,12,0.12683,12,0,0.000244,Yes,0.8472,large
Topic-Contrastive,siVAE,DAV,12,0.228793,11,1,0.001221,Yes,0.7361,large
Topic-Contrastive,siVAE,CAL,12,-304.095065,6,6,0.740723,No,-0.0278,negligible
Topic-Contrastive,siVAE,COR,12,-2.92829,1,11,0.999756,No,-0.875,large
Topic-Contrastive,siVAE,DRE_umap_overall_quality,12,-0.04706,3,9,0.993896,No,-0.5556,large
Topic-Contrastive,siVAE,DRE_umap_distance_correlation,12,-0.102858,1,11,0.998779,No,-0.7361,large
Topic-Contrastive,siVAE,DRE_umap_Q_local,12,0.027049,9,3,0.046143,Yes,0.1944,small
Topic-Contrastive,siVAE,DRE_umap_Q_global,12,-0.06537,1,11,0.999512,No,-0.7917,large
Topic-Contrastive,siVAE,DRE_tsne_overall_quality,12,-0.040853,4,8,0.989502,No,-0.4444,medium
Topic-Contrastive,siVAE,DRE_tsne_distance_correlation,12,-0.110571,2,10,0.999268,No,-0.6806,large
Topic-Contrastive,siVAE,DRE_tsne_Q_local,12,0.041534,9,3,0.02124,Yes,0.3611,medium
Topic-Contrastive,siVAE,DRE_tsne_Q_global,12,-0.053521,1,11,0.999268,No,-0.6528,large
Topic-Contrastive,siVAE,LSE_overall_quality,12,-0.219195,2,10,0.999268,No,-0.875,large
Topic-Contrastive,siVAE,LSE_core_quality,12,-0.011664,8,4,0.190186,No,0.4583,medium
Topic-Contrastive,siVAE,LSE_manifold_dimensionality,12,-0.317337,0,12,1.0,No,-0.9028,large
Topic-Contrastive,siVAE,LSE_spectral_decay_rate,12,-0.107881,2,10,0.997559,No,-0.75,large
Topic-Contrastive,siVAE,LSE_participation_ratio,12,0.215829,10,2,0.01709,Yes,0.5972,large
Topic-Contrastive,siVAE,LSE_anisotropy_score,12,-0.162733,4,8,0.986572,No,-0.4722,medium
Topic-Contrastive,siVAE,LSE_trajectory_directionality,12,-0.451892,1,11,0.999756,No,-0.8472,large
Topic-Contrastive,siVAE,LSE_noise_resilience,12,-0.686792,1,11,0.999512,No,-0.8611,large
Topic-Contrastive,siVAE,DREX_overall_quality,12,-0.126688,0,12,1.0,No,-0.9722,large
Topic-Contrastive,siVAE,DREX_trustworthiness,12,-0.083975,0,12,1.0,No,-0.9583,large
Topic-Contrastive,siVAE,DREX_continuity,12,-0.134848,0,12,1.0,No,-0.9722,large
Topic-Contrastive,siVAE,DREX_distance_spearman,12,-0.205642,0,12,1.0,No,-0.9167,large
Topic-Contrastive,siVAE,DREX_distance_pearson,12,-0.185979,0,12,1.0,No,-0.875,large
Topic-Contrastive,siVAE,DREX_local_scale_quality,12,-0.040274,1,11,0.997559,No,-0.7917,large
Topic-Contrastive,siVAE,DREX_neighborhood_symmetry,12,-0.109412,0,12,1.0,No,-0.9722,large
Topic-Contrastive,siVAE,LSEX_overall_quality,12,-0.018771,3,9,0.97876,No,-0.4861,large
Topic-Contrastive,siVAE,LSEX_two_hop_connectivity,12,-0.024315,1,11,0.999512,No,-0.7778,large
Topic-Contrastive,siVAE,LSEX_radial_concentration,12,-0.130591,2,10,0.998291,No,-0.7222,large
Topic-Contrastive,siVAE,LSEX_local_curvature,12,0.093286,12,0,0.000244,Yes,0.9583,large
Topic-Contrastive,siVAE,LSEX_entropy_stability,12,-0.013464,0,12,1.0,No,-0.9306,large
Topic-Contrastive,siVAE,SecPerEpoch,0,0.0,0,0,,No,-0.0,negligible
Topic-Contrastive,siVAE,PeakGPU_MB,0,0.0,0,0,,No,-0.0,negligible
Topic-Contrastive,siVAE,NumParams,0,0.0,0,0,,No,-0.0,negligible
Topic-Contrastive,scSMD,NMI,12,0.377666,12,0,0.000244,Yes,0.8611,large
Topic-Contrastive,scSMD,ARI,12,0.28537,12,0,0.000244,Yes,0.875,large
Topic-Contrastive,scSMD,ASW,12,0.108657,12,0,0.000244,Yes,0.8194,large
Topic-Contrastive,scSMD,DAV,12,0.123445,10,2,0.01709,Yes,0.5278,large
Topic-Contrastive,scSMD,CAL,12,-545.938888,4,8,0.924316,No,-0.2222,small
Topic-Contrastive,scSMD,COR,12,-4.720224,0,12,1.0,No,-1.0,large
Topic-Contrastive,scSMD,DRE_umap_overall_quality,12,-0.061551,2,10,0.998291,No,-0.7917,large
Topic-Contrastive,scSMD,DRE_umap_distance_correlation,12,-0.107609,0,12,1.0,No,-0.9167,large
Topic-Contrastive,scSMD,DRE_umap_Q_local,12,-0.006324,5,7,0.740723,No,-0.1944,small
Topic-Contrastive,scSMD,DRE_umap_Q_global,12,-0.07072,1,11,0.999756,No,-0.9444,large
Topic-Contrastive,scSMD,DRE_tsne_overall_quality,12,-0.073056,1,11,0.999512,No,-0.8472,large
Topic-Contrastive,scSMD,DRE_tsne_distance_correlation,12,-0.143935,0,12,1.0,No,-0.9722,large
Topic-Contrastive,scSMD,DRE_tsne_Q_local,12,0.006498,6,6,0.484863,No,0.0278,negligible
Topic-Contrastive,scSMD,DRE_tsne_Q_global,12,-0.081732,0,12,1.0,No,-1.0,large
Topic-Contrastive,scSMD,LSE_overall_quality,12,-0.261575,0,12,1.0,No,-1.0,large
Topic-Contrastive,scSMD,LSE_core_quality,12,-0.02352,8,4,0.234863,No,0.4306,medium
Topic-Contrastive,scSMD,LSE_manifold_dimensionality,12,-0.358237,0,12,1.0,No,-1.0,large
Topic-Contrastive,scSMD,LSE_spectral_decay_rate,12,-0.13012,2,10,0.999268,No,-0.875,large
Topic-Contrastive,scSMD,LSE_participation_ratio,12,0.240136,10,2,0.010498,Yes,0.6667,large
Topic-Contrastive,scSMD,LSE_anisotropy_score,12,-0.154139,2,10,0.973877,No,-0.6389,large
Topic-Contrastive,scSMD,LSE_trajectory_directionality,12,-0.486425,1,11,0.999756,No,-0.9861,large
Topic-Contrastive,scSMD,LSE_noise_resilience,12,-0.799132,0,12,1.0,No,-1.0,large
Topic-Contrastive,scSMD,DREX_overall_quality,12,-0.114279,0,12,1.0,No,-0.9167,large
Topic-Contrastive,scSMD,DREX_trustworthiness,12,-0.087426,0,12,1.0,No,-1.0,large
Topic-Contrastive,scSMD,DREX_continuity,12,-0.137593,0,12,1.0,No,-1.0,large
Topic-Contrastive,scSMD,DREX_distance_spearman,12,-0.210436,0,12,1.0,No,-0.9861,large
Topic-Contrastive,scSMD,DREX_distance_pearson,12,-0.112044,2,10,0.968018,No,-0.6111,large
Topic-Contrastive,scSMD,DREX_local_scale_quality,12,-0.025665,1,11,0.999268,No,-0.8056,large
Topic-Contrastive,scSMD,DREX_neighborhood_symmetry,12,-0.11251,0,12,1.0,No,-1.0,large
Topic-Contrastive,scSMD,LSEX_overall_quality,12,-0.017702,4,8,0.935303,No,-0.4722,medium
Topic-Contrastive,scSMD,LSEX_two_hop_connectivity,12,-0.016207,2,10,0.999268,No,-0.6528,large
Topic-Contrastive,scSMD,LSEX_radial_concentration,12,-0.12181,2,10,0.991943,No,-0.6111,large
Topic-Contrastive,scSMD,LSEX_local_curvature,12,0.079579,12,0,0.000244,Yes,0.8889,large
Topic-Contrastive,scSMD,LSEX_entropy_stability,12,-0.01237,0,12,1.0,No,-0.9306,large
Topic-Contrastive,scSMD,SecPerEpoch,0,0.0,0,0,,No,-0.0,negligible
Topic-Contrastive,scSMD,PeakGPU_MB,0,0.0,0,0,,No,-0.0,negligible
Topic-Contrastive,scSMD,NumParams,0,0.0,0,0,,No,-0.0,negligible
Topic-Contrastive,scDiffusion,NMI,12,0.43069,12,0,0.000244,Yes,0.8611,large
Topic-Contrastive,scDiffusion,ARI,12,0.321596,12,0,0.000244,Yes,0.9722,large
Topic-Contrastive,scDiffusion,ASW,12,0.267446,12,0,0.000244,Yes,1.0,large
Topic-Contrastive,scDiffusion,DAV,12,0.702146,12,0,0.000244,Yes,1.0,large
Topic-Contrastive,scDiffusion,CAL,12,458.530529,12,0,0.000244,Yes,1.0,large
Topic-Contrastive,scDiffusion,COR,12,-0.016653,6,6,0.604492,No,0.0,negligible
Topic-Contrastive,scDiffusion,DRE_umap_overall_quality,12,0.055926,9,3,0.01709,Yes,0.4861,large
Topic-Contrastive,scDiffusion,DRE_umap_distance_correlation,12,0.002434,7,5,0.484863,No,-0.0417,negligible
Topic-Contrastive,scDiffusion,DRE_umap_Q_local,12,0.168439,12,0,0.000244,Yes,1.0,large
Topic-Contrastive,scDiffusion,DRE_umap_Q_global,12,-0.003094,6,6,0.574951,No,-0.0833,negligible
Topic-Contrastive,scDiffusion,DRE_tsne_overall_quality,12,0.10404,10,2,0.001221,Yes,0.7917,large
Topic-Contrastive,scDiffusion,DRE_tsne_distance_correlation,12,0.023714,7,5,0.234863,No,0.1944,small
Topic-Contrastive,scDiffusion,DRE_tsne_Q_local,12,0.237552,12,0,0.000244,Yes,1.0,large
Topic-Contrastive,scDiffusion,DRE_tsne_Q_global,12,0.050853,9,3,0.008057,Yes,0.6111,large
Topic-Contrastive,scDiffusion,LSE_overall_quality,12,-0.008842,8,4,0.425049,No,0.1944,small
Topic-Contrastive,scDiffusion,LSE_core_quality,12,0.031542,10,2,0.02124,Yes,0.5417,large
Topic-Contrastive,scDiffusion,LSE_manifold_dimensionality,12,-0.053872,3,9,0.968018,No,-0.375,medium
Topic-Contrastive,scDiffusion,LSE_spectral_decay_rate,12,0.047335,10,2,0.010498,Yes,0.5139,large
Topic-Contrastive,scDiffusion,LSE_participation_ratio,12,0.079462,9,3,0.064697,No,0.375,medium
Topic-Contrastive,scDiffusion,LSE_anisotropy_score,12,-0.053245,5,7,0.898193,No,-0.4028,medium
Topic-Contrastive,scDiffusion,LSE_trajectory_directionality,12,-0.073916,4,8,0.953857,No,-0.4167,medium
Topic-Contrastive,scDiffusion,LSE_noise_resilience,12,-0.084777,3,9,0.97876,No,-0.4722,medium
Topic-Contrastive,scDiffusion,DREX_overall_quality,12,-0.06769,3,9,0.995361,No,-0.5417,large
Topic-Contrastive,scDiffusion,DREX_trustworthiness,12,-0.02647,6,6,0.788086,No,-0.25,small
Topic-Contrastive,scDiffusion,DREX_continuity,12,-0.096707,1,11,0.999512,No,-0.8333,large
Topic-Contrastive,scDiffusion,DREX_distance_spearman,12,-0.099631,4,8,0.98291,No,-0.4861,large
Topic-Contrastive,scDiffusion,DREX_distance_pearson,12,-0.1207,4,8,0.991943,No,-0.5,large
Topic-Contrastive,scDiffusion,DREX_local_scale_quality,12,-0.001042,7,5,0.574951,No,-0.1111,negligible
Topic-Contrastive,scDiffusion,DREX_neighborhood_symmetry,12,-0.061589,3,9,0.98291,No,-0.5972,large
Topic-Contrastive,scDiffusion,LSEX_overall_quality,12,0.026714,12,0,0.000244,Yes,0.875,large
Topic-Contrastive,scDiffusion,LSEX_two_hop_connectivity,12,-0.078879,0,12,1.0,No,-1.0,large
Topic-Contrastive,scDiffusion,LSEX_radial_concentration,12,0.056436,9,3,0.013428,Yes,0.4722,medium
Topic-Contrastive,scDiffusion,LSEX_local_curvature,12,0.147252,12,0,0.000244,Yes,1.0,large
Topic-Contrastive,scDiffusion,LSEX_entropy_stability,12,-0.017952,0,12,1.0,No,-1.0,large
Topic-Contrastive,scDiffusion,SecPerEpoch,0,0.0,0,0,,No,-0.0,negligible
Topic-Contrastive,scDiffusion,PeakGPU_MB,0,0.0,0,0,,No,-0.0,negligible
Topic-Contrastive,scDiffusion,NumParams,0,0.0,0,0,,No,-0.0,negligible
Topic-Contrastive,CellBLAST,NMI,12,0.409215,12,0,0.000244,Yes,0.8611,large
Topic-Contrastive,CellBLAST,ARI,12,0.30573,12,0,0.000244,Yes,0.9306,large
Topic-Contrastive,CellBLAST,ASW,12,0.337475,12,0,0.000244,Yes,1.0,large
Topic-Contrastive,CellBLAST,DAV,12,1.157085,12,0,0.000244,Yes,1.0,large
Topic-Contrastive,CellBLAST,CAL,12,508.204964,12,0,0.000244,Yes,1.0,large
Topic-Contrastive,CellBLAST,COR,12,0.920663,12,0,0.000244,Yes,0.8333,large
Topic-Contrastive,CellBLAST,DRE_umap_overall_quality,12,0.221724,12,0,0.000244,Yes,1.0,large
Topic-Contrastive,CellBLAST,DRE_umap_distance_correlation,12,0.248776,12,0,0.000244,Yes,1.0,large
Topic-Contrastive,CellBLAST,DRE_umap_Q_local,12,0.324089,12,0,0.000244,Yes,1.0,large
Topic-Contrastive,CellBLAST,DRE_umap_Q_global,12,0.092306,12,0,0.000244,Yes,0.9861,large
Topic-Contrastive,CellBLAST,DRE_tsne_overall_quality,12,0.257304,12,0,0.000244,Yes,1.0,large
Topic-Contrastive,CellBLAST,DRE_tsne_distance_correlation,12,0.225714,12,0,0.000244,Yes,1.0,large
Topic-Contrastive,CellBLAST,DRE_tsne_Q_local,12,0.398509,12,0,0.000244,Yes,1.0,large
Topic-Contrastive,CellBLAST,DRE_tsne_Q_global,12,0.14769,12,0,0.000244,Yes,1.0,large
Topic-Contrastive,CellBLAST,LSE_overall_quality,12,0.024483,3,9,0.688965,No,-0.3056,small
Topic-Contrastive,CellBLAST,LSE_core_quality,12,-0.012708,2,10,0.898193,No,-0.5,large
Topic-Contrastive,CellBLAST,LSE_manifold_dimensionality,12,0.075847,10,2,0.003418,Yes,0.6111,large
Topic-Contrastive,CellBLAST,LSE_spectral_decay_rate,12,0.215032,12,0,0.000244,Yes,1.0,large
Topic-Contrastive,CellBLAST,LSE_participation_ratio,12,-0.16292,3,9,0.968018,No,-0.5972,large
Topic-Contrastive,CellBLAST,LSE_anisotropy_score,12,0.178792,10,2,0.038574,Yes,0.6667,large
Topic-Contrastive,CellBLAST,LSE_trajectory_directionality,12,0.136174,11,1,0.002441,Yes,0.8611,large
Topic-Contrastive,CellBLAST,LSE_noise_resilience,12,0.123436,11,1,0.000488,Yes,0.9722,large
Topic-Contrastive,CellBLAST,DREX_overall_quality,12,0.061998,9,3,0.01709,Yes,0.5972,large
Topic-Contrastive,CellBLAST,DREX_trustworthiness,12,0.080695,11,1,0.001221,Yes,0.8056,large
Topic-Contrastive,CellBLAST,DREX_continuity,12,-0.021459,7,5,0.661377,No,0.1389,negligible
Topic-Contrastive,CellBLAST,DREX_distance_spearman,12,0.148374,10,2,0.004639,Yes,0.7222,large
Topic-Contrastive,CellBLAST,DREX_distance_pearson,12,0.11428,8,4,0.02124,Yes,0.5972,large
Topic-Contrastive,CellBLAST,DREX_local_scale_quality,12,0.020477,11,1,0.000732,Yes,0.7778,large
Topic-Contrastive,CellBLAST,DREX_neighborhood_symmetry,12,0.029618,8,4,0.088135,No,0.3056,small
Topic-Contrastive,CellBLAST,LSEX_overall_quality,12,0.032339,11,1,0.000488,Yes,0.9583,large
Topic-Contrastive,CellBLAST,LSEX_two_hop_connectivity,12,-0.121714,0,12,1.0,No,-1.0,large
Topic-Contrastive,CellBLAST,LSEX_radial_concentration,12,0.102448,11,1,0.000732,Yes,0.8194,large
Topic-Contrastive,CellBLAST,LSEX_local_curvature,12,0.167577,12,0,0.000244,Yes,1.0,large
Topic-Contrastive,CellBLAST,LSEX_entropy_stability,12,-0.018955,0,12,1.0,No,-1.0,large
Topic-Contrastive,CellBLAST,SecPerEpoch,0,0.0,0,0,,No,-0.0,negligible
Topic-Contrastive,CellBLAST,PeakGPU_MB,0,0.0,0,0,,No,-0.0,negligible
Topic-Contrastive,CellBLAST,NumParams,0,0.0,0,0,,No,-0.0,negligible
Topic-Contrastive,SCALEX,NMI,12,0.430798,12,0,0.000244,Yes,0.8611,large
Topic-Contrastive,SCALEX,ARI,12,0.296962,11,1,0.000732,Yes,0.9306,large
Topic-Contrastive,SCALEX,ASW,12,0.352304,12,0,0.000244,Yes,1.0,large
Topic-Contrastive,SCALEX,DAV,12,1.155413,12,0,0.000244,Yes,1.0,large
Topic-Contrastive,SCALEX,CAL,12,514.48301,12,0,0.000244,Yes,1.0,large
Topic-Contrastive,SCALEX,COR,12,1.161273,12,0,0.000244,Yes,1.0,large
Topic-Contrastive,SCALEX,DRE_umap_overall_quality,12,0.319349,12,0,0.000244,Yes,1.0,large
Topic-Contrastive,SCALEX,DRE_umap_distance_correlation,12,0.421611,12,0,0.000244,Yes,1.0,large
Topic-Contrastive,SCALEX,DRE_umap_Q_local,12,0.384892,12,0,0.000244,Yes,1.0,large
Topic-Contrastive,SCALEX,DRE_umap_Q_global,12,0.151545,12,0,0.000244,Yes,1.0,large
Topic-Contrastive,SCALEX,DRE_tsne_overall_quality,12,0.306822,12,0,0.000244,Yes,1.0,large
Topic-Contrastive,SCALEX,DRE_tsne_distance_correlation,12,0.288424,12,0,0.000244,Yes,1.0,large
Topic-Contrastive,SCALEX,DRE_tsne_Q_local,12,0.445878,12,0,0.000244,Yes,1.0,large
Topic-Contrastive,SCALEX,DRE_tsne_Q_global,12,0.186162,12,0,0.000244,Yes,1.0,large
Topic-Contrastive,SCALEX,LSE_overall_quality,12,0.034854,3,9,0.688965,No,-0.3889,medium
Topic-Contrastive,SCALEX,LSE_core_quality,12,-0.008065,2,10,0.898193,No,-0.6389,large
Topic-Contrastive,SCALEX,LSE_manifold_dimensionality,12,0.176978,11,1,0.000488,Yes,0.9861,large
Topic-Contrastive,SCALEX,LSE_spectral_decay_rate,12,0.256863,12,0,0.000244,Yes,1.0,large
Topic-Contrastive,SCALEX,LSE_participation_ratio,12,-0.245128,2,10,0.953857,No,-0.6667,large
Topic-Contrastive,SCALEX,LSE_anisotropy_score,12,0.220973,10,2,0.046143,Yes,0.6667,large
Topic-Contrastive,SCALEX,LSE_trajectory_directionality,12,0.219465,12,0,0.000244,Yes,1.0,large
Topic-Contrastive,SCALEX,LSE_noise_resilience,12,0.146492,12,0,0.000244,Yes,1.0,large
Topic-Contrastive,SCALEX,DREX_overall_quality,12,0.14647,11,1,0.000488,Yes,0.9583,large
Topic-Contrastive,SCALEX,DREX_trustworthiness,12,0.1321,12,0,0.000244,Yes,0.9722,large
Topic-Contrastive,SCALEX,DREX_continuity,12,0.017716,7,5,0.259277,No,0.1667,small
Topic-Contrastive,SCALEX,DREX_distance_spearman,12,0.322393,12,0,0.000244,Yes,0.9861,large
Topic-Contrastive,SCALEX,DREX_distance_pearson,12,0.306314,11,1,0.000488,Yes,0.9722,large
Topic-Contrastive,SCALEX,DREX_local_scale_quality,12,0.025388,12,0,0.000244,Yes,0.9444,large
Topic-Contrastive,SCALEX,DREX_neighborhood_symmetry,12,0.074908,11,1,0.003418,Yes,0.6806,large
Topic-Contrastive,SCALEX,LSEX_overall_quality,12,0.020301,9,3,0.004639,Yes,0.7083,large
Topic-Contrastive,SCALEX,LSEX_two_hop_connectivity,12,-0.122479,0,12,1.0,No,-1.0,large
Topic-Contrastive,SCALEX,LSEX_radial_concentration,12,0.054658,9,3,0.031982,Yes,0.4583,medium
Topic-Contrastive,SCALEX,LSEX_local_curvature,12,0.167998,12,0,0.000244,Yes,1.0,large
Topic-Contrastive,SCALEX,LSEX_entropy_stability,12,-0.018974,0,12,1.0,No,-1.0,large
Topic-Contrastive,SCALEX,SecPerEpoch,0,0.0,0,0,,No,-0.0,negligible
Topic-Contrastive,SCALEX,PeakGPU_MB,0,0.0,0,0,,No,-0.0,negligible
Topic-Contrastive,SCALEX,NumParams,0,0.0,0,0,,No,-0.0,negligible
Topic-Contrastive,GMVAE,NMI,12,0.436734,12,0,0.000244,Yes,0.8889,large
Topic-Contrastive,GMVAE,ARI,12,0.324003,12,0,0.000244,Yes,0.9861,large
Topic-Contrastive,GMVAE,ASW,12,0.376972,12,0,0.000244,Yes,1.0,large
Topic-Contrastive,GMVAE,DAV,12,1.965295,12,0,0.000244,Yes,1.0,large
Topic-Contrastive,GMVAE,CAL,12,526.44203,12,0,0.000244,Yes,1.0,large
Topic-Contrastive,GMVAE,COR,12,1.184392,12,0,0.000244,Yes,1.0,large
Topic-Contrastive,GMVAE,DRE_umap_overall_quality,12,0.410917,12,0,0.000244,Yes,1.0,large
Topic-Contrastive,GMVAE,DRE_umap_distance_correlation,12,0.554906,12,0,0.000244,Yes,1.0,large
Topic-Contrastive,GMVAE,DRE_umap_Q_local,12,0.468228,12,0,0.000244,Yes,1.0,large
Topic-Contrastive,GMVAE,DRE_umap_Q_global,12,0.209618,12,0,0.000244,Yes,1.0,large
Topic-Contrastive,GMVAE,DRE_tsne_overall_quality,12,0.394939,12,0,0.000244,Yes,1.0,large
Topic-Contrastive,GMVAE,DRE_tsne_distance_correlation,12,0.43803,12,0,0.000244,Yes,1.0,large
Topic-Contrastive,GMVAE,DRE_tsne_Q_local,12,0.505617,12,0,0.000244,Yes,1.0,large
Topic-Contrastive,GMVAE,DRE_tsne_Q_global,12,0.241169,12,0,0.000244,Yes,1.0,large
Topic-Contrastive,GMVAE,LSE_overall_quality,12,0.053583,3,9,0.688965,No,-0.2639,small
Topic-Contrastive,GMVAE,LSE_core_quality,12,0.001914,2,10,0.898193,No,-0.625,large
Topic-Contrastive,GMVAE,LSE_manifold_dimensionality,12,0.258589,12,0,0.000244,Yes,1.0,large
Topic-Contrastive,GMVAE,LSE_spectral_decay_rate,12,0.309816,12,0,0.000244,Yes,1.0,large
Topic-Contrastive,GMVAE,LSE_participation_ratio,12,-0.303249,2,10,0.968018,No,-0.6667,large
Topic-Contrastive,GMVAE,LSE_anisotropy_score,12,0.257498,10,2,0.046143,Yes,0.6667,large
Topic-Contrastive,GMVAE,LSE_trajectory_directionality,12,0.318372,12,0,0.000244,Yes,1.0,large
Topic-Contrastive,GMVAE,LSE_noise_resilience,12,0.176682,12,0,0.000244,Yes,1.0,large
Topic-Contrastive,GMVAE,DREX_overall_quality,12,0.232173,12,0,0.000244,Yes,1.0,large
Topic-Contrastive,GMVAE,DREX_trustworthiness,12,0.198522,12,0,0.000244,Yes,1.0,large
Topic-Contrastive,GMVAE,DREX_continuity,12,0.106236,9,3,0.006104,Yes,0.5417,large
Topic-Contrastive,GMVAE,DREX_distance_spearman,12,0.45659,12,0,0.000244,Yes,1.0,large
Topic-Contrastive,GMVAE,DREX_distance_pearson,12,0.434038,12,0,0.000244,Yes,1.0,large
Topic-Contrastive,GMVAE,DREX_local_scale_quality,12,0.045272,12,0,0.000244,Yes,1.0,large
Topic-Contrastive,GMVAE,DREX_neighborhood_symmetry,12,0.152379,12,0,0.000244,Yes,0.9167,large
Topic-Contrastive,GMVAE,LSEX_overall_quality,12,0.046375,12,0,0.000244,Yes,1.0,large
Topic-Contrastive,GMVAE,LSEX_two_hop_connectivity,12,-0.178886,0,12,1.0,No,-1.0,large
Topic-Contrastive,GMVAE,LSEX_radial_concentration,12,0.195124,12,0,0.000244,Yes,1.0,large
Topic-Contrastive,GMVAE,LSEX_local_curvature,12,0.189001,12,0,0.000244,Yes,1.0,large
Topic-Contrastive,GMVAE,LSEX_entropy_stability,12,-0.01974,0,12,1.0,No,-1.0,large
Topic-Contrastive,GMVAE,SecPerEpoch,0,0.0,0,0,,No,-0.0,negligible
Topic-Contrastive,GMVAE,PeakGPU_MB,0,0.0,0,0,,No,-0.0,negligible
Topic-Contrastive,GMVAE,NumParams,0,0.0,0,0,,No,-0.0,negligible
Pure-AE,scDHMap,NMI,12,0.048551,10,2,0.002441,Yes,0.4583,medium
Pure-AE,scDHMap,ARI,12,0.080156,11,1,0.000488,Yes,0.4028,medium
Pure-AE,scDHMap,ASW,12,-0.178908,0,12,1.0,No,-1.0,large
Pure-AE,scDHMap,DAV,12,-0.685894,0,12,1.0,No,-1.0,large
Pure-AE,scDHMap,CAL,12,-260.54677,0,12,1.0,No,-1.0,large
Pure-AE,scDHMap,COR,12,-2.60254,0,12,1.0,No,-1.0,large
Pure-AE,scDHMap,DRE_umap_overall_quality,12,-0.182372,0,12,1.0,No,-1.0,large
Pure-AE,scDHMap,DRE_umap_distance_correlation,12,-0.230775,0,12,1.0,No,-0.9861,large
Pure-AE,scDHMap,DRE_umap_Q_local,12,-0.211173,0,12,1.0,No,-1.0,large
Pure-AE,scDHMap,DRE_umap_Q_global,12,-0.105167,0,12,1.0,No,-0.9861,large
Pure-AE,scDHMap,DRE_tsne_overall_quality,12,-0.175887,0,12,1.0,No,-0.9861,large
Pure-AE,scDHMap,DRE_tsne_distance_correlation,12,-0.219051,0,12,1.0,No,-0.9722,large
Pure-AE,scDHMap,DRE_tsne_Q_local,12,-0.205792,0,12,1.0,No,-0.9722,large
Pure-AE,scDHMap,DRE_tsne_Q_global,12,-0.102819,0,12,1.0,No,-0.9861,large
Pure-AE,scDHMap,LSE_overall_quality,12,-0.109185,4,8,0.953857,No,-0.3611,medium
Pure-AE,scDHMap,LSE_core_quality,12,0.021367,10,2,0.116699,No,0.3889,medium
Pure-AE,scDHMap,LSE_manifold_dimensionality,12,-0.362898,0,12,1.0,No,-1.0,large
Pure-AE,scDHMap,LSE_spectral_decay_rate,12,-0.321809,0,12,1.0,No,-1.0,large
Pure-AE,scDHMap,LSE_participation_ratio,12,0.33849,10,2,0.004639,Yes,0.7361,large
Pure-AE,scDHMap,LSE_anisotropy_score,12,-0.431685,2,10,0.993896,No,-0.6528,large
Pure-AE,scDHMap,LSE_trajectory_directionality,12,-0.246774,0,12,1.0,No,-1.0,large
Pure-AE,scDHMap,LSE_noise_resilience,12,-0.450138,0,12,1.0,No,-1.0,large
Pure-AE,scDHMap,DREX_overall_quality,12,-0.077637,0,12,1.0,No,-0.9583,large
Pure-AE,scDHMap,DREX_trustworthiness,12,-0.082768,0,12,1.0,No,-1.0,large
Pure-AE,scDHMap,DREX_continuity,12,-0.064049,0,12,1.0,No,-0.9861,large
Pure-AE,scDHMap,DREX_distance_spearman,12,-0.125749,1,11,0.999756,No,-0.8194,large
Pure-AE,scDHMap,DREX_distance_pearson,12,-0.105937,1,11,0.999512,No,-0.7222,large
Pure-AE,scDHMap,DREX_local_scale_quality,12,-0.013911,1,11,0.999268,No,-0.7917,large
Pure-AE,scDHMap,DREX_neighborhood_symmetry,12,-0.073408,0,12,1.0,No,-1.0,large
Pure-AE,scDHMap,LSEX_overall_quality,12,0.00654,8,4,0.075684,No,0.375,medium
Pure-AE,scDHMap,LSEX_two_hop_connectivity,12,0.053815,12,0,0.000244,Yes,1.0,large
Pure-AE,scDHMap,LSEX_radial_concentration,12,0.006934,7,5,0.284668,No,0.1389,negligible
Pure-AE,scDHMap,LSEX_local_curvature,12,-0.043163,0,12,1.0,No,-0.9583,large
Pure-AE,scDHMap,LSEX_entropy_stability,12,0.008574,12,0,0.000244,Yes,0.9861,large
Pure-AE,scDHMap,SecPerEpoch,0,0.0,0,0,,No,-0.0,negligible
Pure-AE,scDHMap,PeakGPU_MB,0,0.0,0,0,,No,-0.0,negligible
Pure-AE,scDHMap,NumParams,0,0.0,0,0,,No,-0.0,negligible
Pure-AE,CLEAR,NMI,12,0.010809,6,6,0.211914,No,0.1389,negligible
Pure-AE,CLEAR,ARI,12,0.043933,7,5,0.054932,No,0.1806,small
Pure-AE,CLEAR,ASW,12,0.090016,12,0,0.000244,Yes,1.0,large
Pure-AE,CLEAR,DAV,12,1.352175,12,0,0.000244,Yes,1.0,large
Pure-AE,CLEAR,CAL,12,39.889166,12,0,0.000244,Yes,1.0,large
Pure-AE,CLEAR,COR,12,-11.631701,0,12,1.0,No,-1.0,large
Pure-AE,CLEAR,DRE_umap_overall_quality,12,0.068196,11,1,0.000488,Yes,0.6806,large
Pure-AE,CLEAR,DRE_umap_distance_correlation,12,0.124363,11,1,0.000488,Yes,0.8056,large
Pure-AE,CLEAR,DRE_umap_Q_local,12,0.035869,11,1,0.002441,Yes,0.3889,medium
Pure-AE,CLEAR,DRE_umap_Q_global,12,0.044355,12,0,0.000244,Yes,0.7778,large
Pure-AE,CLEAR,DRE_tsne_overall_quality,12,0.073026,12,0,0.000244,Yes,0.7083,large
Pure-AE,CLEAR,DRE_tsne_distance_correlation,12,0.12745,11,1,0.000488,Yes,0.8194,large
Pure-AE,CLEAR,DRE_tsne_Q_local,12,0.045248,11,1,0.000488,Yes,0.4583,medium
Pure-AE,CLEAR,DRE_tsne_Q_global,12,0.046381,12,0,0.000244,Yes,0.75,large
Pure-AE,CLEAR,LSE_overall_quality,12,0.084086,10,2,0.001221,Yes,0.6806,large
Pure-AE,CLEAR,LSE_core_quality,12,0.080754,10,2,0.088135,No,0.6667,large
Pure-AE,CLEAR,LSE_manifold_dimensionality,12,-0.136387,1,11,0.999756,No,-0.7778,large
Pure-AE,CLEAR,LSE_spectral_decay_rate,12,0.084798,12,0,0.000244,Yes,1.0,large
Pure-AE,CLEAR,LSE_participation_ratio,12,0.283859,10,2,0.054932,No,0.6111,large
Pure-AE,CLEAR,LSE_anisotropy_score,12,-0.090747,2,10,0.993896,No,-0.6667,large
Pure-AE,CLEAR,LSE_trajectory_directionality,12,0.159073,12,0,0.000244,Yes,1.0,large
Pure-AE,CLEAR,LSE_noise_resilience,12,0.049605,12,0,0.000244,Yes,1.0,large
Pure-AE,CLEAR,DREX_overall_quality,12,0.091248,12,0,0.000244,Yes,0.9444,large
Pure-AE,CLEAR,DREX_trustworthiness,12,-0.006601,4,8,0.898193,No,-0.0972,negligible
Pure-AE,CLEAR,DREX_continuity,12,-0.004087,5,7,0.911865,No,-0.1389,negligible
Pure-AE,CLEAR,DREX_distance_spearman,12,0.231807,12,0,0.000244,Yes,1.0,large
Pure-AE,CLEAR,DREX_distance_pearson,12,0.224808,12,0,0.000244,Yes,1.0,large
Pure-AE,CLEAR,DREX_local_scale_quality,12,0.106907,12,0,0.000244,Yes,1.0,large
Pure-AE,CLEAR,DREX_neighborhood_symmetry,12,-0.005344,2,10,0.968018,No,-0.1528,small
Pure-AE,CLEAR,LSEX_overall_quality,12,0.038208,12,0,0.000244,Yes,1.0,large
Pure-AE,CLEAR,LSEX_two_hop_connectivity,12,-0.034484,0,12,1.0,No,-0.6389,large
Pure-AE,CLEAR,LSEX_radial_concentration,12,0.160781,12,0,0.000244,Yes,1.0,large
Pure-AE,CLEAR,LSEX_local_curvature,12,0.028137,12,0,0.000244,Yes,0.9028,large
Pure-AE,CLEAR,LSEX_entropy_stability,12,-0.001604,0,12,1.0,No,-0.7778,large
Pure-AE,CLEAR,SecPerEpoch,0,0.0,0,0,,No,-0.0,negligible
Pure-AE,CLEAR,PeakGPU_MB,0,0.0,0,0,,No,-0.0,negligible
Pure-AE,CLEAR,NumParams,0,0.0,0,0,,No,-0.0,negligible
Pure-AE,scDAC,NMI,12,0.202685,11,1,0.001709,Yes,0.8194,large
Pure-AE,scDAC,ARI,12,0.194937,11,1,0.003418,Yes,0.7361,large
Pure-AE,scDAC,ASW,12,-0.372259,0,12,1.0,No,-1.0,large
Pure-AE,scDAC,DAV,12,-1.158601,0,12,1.0,No,-1.0,large
Pure-AE,scDAC,CAL,12,-31989.305322,0,12,1.0,No,-1.0,large
Pure-AE,scDAC,COR,12,-6.11809,0,12,1.0,No,-1.0,large
Pure-AE,scDAC,DRE_umap_overall_quality,12,-0.187053,0,12,1.0,No,-1.0,large
Pure-AE,scDAC,DRE_umap_distance_correlation,12,-0.182953,2,10,0.999268,No,-0.8333,large
Pure-AE,scDAC,DRE_umap_Q_local,12,-0.261973,0,12,1.0,No,-1.0,large
Pure-AE,scDAC,DRE_umap_Q_global,12,-0.116232,0,12,1.0,No,-1.0,large
Pure-AE,scDAC,DRE_tsne_overall_quality,12,-0.21333,0,12,1.0,No,-1.0,large
Pure-AE,scDAC,DRE_tsne_distance_correlation,12,-0.217774,0,12,1.0,No,-0.9722,large
Pure-AE,scDAC,DRE_tsne_Q_local,12,-0.264928,0,12,1.0,No,-1.0,large
Pure-AE,scDAC,DRE_tsne_Q_global,12,-0.15729,0,12,1.0,No,-1.0,large
Pure-AE,scDAC,LSE_overall_quality,12,-0.294996,0,12,1.0,No,-1.0,large
Pure-AE,scDAC,LSE_core_quality,12,-0.067966,7,5,0.765137,No,0.0694,negligible
Pure-AE,scDAC,LSE_manifold_dimensionality,12,-0.400116,0,12,1.0,No,-1.0,large
Pure-AE,scDAC,LSE_spectral_decay_rate,12,-0.306096,0,12,1.0,No,-1.0,large
Pure-AE,scDAC,LSE_participation_ratio,12,0.055725,8,4,0.234863,No,0.2361,small
Pure-AE,scDAC,LSE_anisotropy_score,12,-0.378622,3,9,0.991943,No,-0.6389,large
Pure-AE,scDAC,LSE_trajectory_directionality,12,-0.515747,0,12,1.0,No,-1.0,large
Pure-AE,scDAC,LSE_noise_resilience,12,-0.811496,0,12,1.0,No,-1.0,large
Pure-AE,scDAC,DREX_overall_quality,12,0.009791,7,5,0.190186,No,0.2778,small
Pure-AE,scDAC,DREX_trustworthiness,12,-0.078711,0,12,1.0,No,-1.0,large
Pure-AE,scDAC,DREX_continuity,12,-0.07206,0,12,1.0,No,-1.0,large
Pure-AE,scDAC,DREX_distance_spearman,12,-0.077573,3,9,0.973877,No,-0.5139,large
Pure-AE,scDAC,DREX_distance_pearson,12,0.368255,11,1,0.001221,Yes,0.8194,large
Pure-AE,scDAC,DREX_local_scale_quality,12,-0.005782,5,7,0.849365,No,-0.25,small
Pure-AE,scDAC,DREX_neighborhood_symmetry,12,-0.075385,0,12,1.0,No,-1.0,large
Pure-AE,scDAC,LSEX_overall_quality,12,0.066914,10,2,0.013428,Yes,0.6667,large
Pure-AE,scDAC,LSEX_two_hop_connectivity,12,0.075376,12,0,0.000244,Yes,1.0,large
Pure-AE,scDAC,LSEX_radial_concentration,12,0.313443,10,2,0.008057,Yes,0.6667,large
Pure-AE,scDAC,LSEX_local_curvature,12,-0.1332,0,12,1.0,No,-1.0,large
Pure-AE,scDAC,LSEX_entropy_stability,12,0.012038,12,0,0.000244,Yes,1.0,large
Pure-AE,scDAC,SecPerEpoch,0,0.0,0,0,,No,-0.0,negligible
Pure-AE,scDAC,PeakGPU_MB,0,0.0,0,0,,No,-0.0,negligible
Pure-AE,scDAC,NumParams,0,0.0,0,0,,No,-0.0,negligible
Pure-AE,scDeepCluster,NMI,12,0.189419,12,0,0.000244,Yes,0.8472,large
Pure-AE,scDeepCluster,ARI,12,0.212895,12,0,0.000244,Yes,0.75,large
Pure-AE,scDeepCluster,ASW,12,-0.021126,2,10,0.996582,No,-0.3611,medium
Pure-AE,scDeepCluster,DAV,12,-0.164747,2,10,0.998779,No,-0.5833,large
Pure-AE,scDeepCluster,CAL,12,-57.688977,0,12,1.0,No,-0.875,large
Pure-AE,scDeepCluster,COR,12,-1.957203,0,12,1.0,No,-1.0,large
Pure-AE,scDeepCluster,DRE_umap_overall_quality,12,-0.125057,0,12,1.0,No,-0.9722,large
Pure-AE,scDeepCluster,DRE_umap_distance_correlation,12,-0.227289,0,12,1.0,No,-1.0,large
Pure-AE,scDeepCluster,DRE_umap_Q_local,12,-0.05446,3,9,0.98291,No,-0.5972,large
Pure-AE,scDeepCluster,DRE_umap_Q_global,12,-0.093422,0,12,1.0,No,-1.0,large
Pure-AE,scDeepCluster,DRE_tsne_overall_quality,12,-0.110655,0,12,1.0,No,-0.9306,large
Pure-AE,scDeepCluster,DRE_tsne_distance_correlation,12,-0.21216,0,12,1.0,No,-0.9861,large
Pure-AE,scDeepCluster,DRE_tsne_Q_local,12,-0.04411,2,10,0.973877,No,-0.4861,large
Pure-AE,scDeepCluster,DRE_tsne_Q_global,12,-0.075696,0,12,1.0,No,-0.9167,large
Pure-AE,scDeepCluster,LSE_overall_quality,12,-0.023207,7,5,0.484863,No,0.0833,negligible
Pure-AE,scDeepCluster,LSE_core_quality,12,0.057905,10,2,0.116699,No,0.5278,large
Pure-AE,scDeepCluster,LSE_manifold_dimensionality,12,-0.168986,0,12,1.0,No,-1.0,large
Pure-AE,scDeepCluster,LSE_spectral_decay_rate,12,-0.207057,0,12,1.0,No,-1.0,large
Pure-AE,scDeepCluster,LSE_participation_ratio,12,0.359124,10,2,0.004639,Yes,0.7917,large
Pure-AE,scDeepCluster,LSE_anisotropy_score,12,-0.24854,2,10,0.98291,No,-0.6667,large
Pure-AE,scDeepCluster,LSE_trajectory_directionality,12,-0.371771,0,12,1.0,No,-1.0,large
Pure-AE,scDeepCluster,LSE_noise_resilience,12,-0.206761,0,12,1.0,No,-1.0,large
Pure-AE,scDeepCluster,DREX_overall_quality,12,-0.057095,0,12,1.0,No,-0.9722,large
Pure-AE,scDeepCluster,DREX_trustworthiness,12,-0.04043,3,9,0.996582,No,-0.6944,large
Pure-AE,scDeepCluster,DREX_continuity,12,-0.041634,1,11,0.999756,No,-0.8333,large
Pure-AE,scDeepCluster,DREX_distance_spearman,12,-0.122218,1,11,0.999756,No,-0.9028,large
Pure-AE,scDeepCluster,DREX_distance_pearson,12,-0.129004,1,11,0.999756,No,-0.875,large
Pure-AE,scDeepCluster,DREX_local_scale_quality,12,0.031747,12,0,0.000244,Yes,1.0,large
Pure-AE,scDeepCluster,DREX_neighborhood_symmetry,12,-0.041032,1,11,0.999268,No,-0.7917,large
Pure-AE,scDeepCluster,LSEX_overall_quality,12,-0.01192,3,9,0.995361,No,-0.5694,large
Pure-AE,scDeepCluster,LSEX_two_hop_connectivity,12,0.005569,8,4,0.150635,No,0.1944,small
Pure-AE,scDeepCluster,LSEX_radial_concentration,12,-0.048598,2,10,0.995361,No,-0.5417,large
Pure-AE,scDeepCluster,LSEX_local_curvature,12,-0.005561,3,9,0.961426,No,-0.3611,medium
Pure-AE,scDeepCluster,LSEX_entropy_stability,12,0.000909,11,1,0.01709,Yes,0.5278,large
Pure-AE,scDeepCluster,SecPerEpoch,0,0.0,0,0,,No,-0.0,negligible
Pure-AE,scDeepCluster,PeakGPU_MB,0,0.0,0,0,,No,-0.0,negligible
Pure-AE,scDeepCluster,NumParams,0,0.0,0,0,,No,-0.0,negligible
Pure-AE,scGNN,NMI,12,0.286321,12,0,0.000244,Yes,0.8472,large
Pure-AE,scGNN,ARI,12,0.294151,12,0,0.000244,Yes,0.8472,large
Pure-AE,scGNN,ASW,12,-0.14388,0,12,1.0,No,-0.9583,large
Pure-AE,scGNN,DAV,12,-0.572698,0,12,1.0,No,-1.0,large
Pure-AE,scGNN,CAL,12,-130.858278,0,12,1.0,No,-1.0,large
Pure-AE,scGNN,COR,12,-2.300527,0,12,1.0,No,-1.0,large
Pure-AE,scGNN,DRE_umap_overall_quality,12,-0.131392,0,12,1.0,No,-0.875,large
Pure-AE,scGNN,DRE_umap_distance_correlation,12,-0.20257,0,12,1.0,No,-0.8472,large
Pure-AE,scGNN,DRE_umap_Q_local,12,-0.123703,0,12,1.0,No,-0.875,large
Pure-AE,scGNN,DRE_umap_Q_global,12,-0.067903,2,10,0.998291,No,-0.7083,large
Pure-AE,scGNN,DRE_tsne_overall_quality,12,-0.137835,0,12,1.0,No,-0.9444,large
Pure-AE,scGNN,DRE_tsne_distance_correlation,12,-0.197011,0,12,1.0,No,-0.875,large
Pure-AE,scGNN,DRE_tsne_Q_local,12,-0.143253,0,12,1.0,No,-0.9444,large
Pure-AE,scGNN,DRE_tsne_Q_global,12,-0.07324,0,12,1.0,No,-0.8333,large
Pure-AE,scGNN,LSE_overall_quality,12,-0.078608,6,6,0.924316,No,-0.1667,small
Pure-AE,scGNN,LSE_core_quality,12,0.028046,9,3,0.101807,No,0.3889,medium
Pure-AE,scGNN,LSE_manifold_dimensionality,12,-0.195846,0,12,1.0,No,-0.9583,large
Pure-AE,scGNN,LSE_spectral_decay_rate,12,-0.273144,0,12,1.0,No,-1.0,large
Pure-AE,scGNN,LSE_participation_ratio,12,0.231896,11,1,0.008057,Yes,0.6944,large
Pure-AE,scGNN,LSE_anisotropy_score,12,-0.349277,1,11,0.993896,No,-0.6944,large
Pure-AE,scGNN,LSE_trajectory_directionality,12,-0.23754,0,12,1.0,No,-1.0,large
Pure-AE,scGNN,LSE_noise_resilience,12,-0.331061,0,12,1.0,No,-1.0,large
Pure-AE,scGNN,DREX_overall_quality,12,-0.044847,3,9,0.991943,No,-0.6389,large
Pure-AE,scGNN,DREX_trustworthiness,12,-0.068106,0,12,1.0,No,-0.9167,large
Pure-AE,scGNN,DREX_continuity,12,-0.05246,0,12,1.0,No,-0.9028,large
Pure-AE,scGNN,DREX_distance_spearman,12,-0.097345,3,9,0.989502,No,-0.5694,large
Pure-AE,scGNN,DREX_distance_pearson,12,-0.05906,3,9,0.911865,No,-0.4028,medium
Pure-AE,scGNN,DREX_local_scale_quality,12,0.068169,10,2,0.001221,Yes,0.75,large
Pure-AE,scGNN,DREX_neighborhood_symmetry,12,-0.060283,0,12,1.0,No,-0.9306,large
Pure-AE,scGNN,LSEX_overall_quality,12,-0.011931,4,8,0.973877,No,-0.5139,large
Pure-AE,scGNN,LSEX_two_hop_connectivity,12,0.042031,12,0,0.000244,Yes,0.9167,large
Pure-AE,scGNN,LSEX_radial_concentration,12,-0.065489,4,8,0.989502,No,-0.6528,large
Pure-AE,scGNN,LSEX_local_curvature,12,-0.038626,0,12,1.0,No,-0.875,large
Pure-AE,scGNN,LSEX_entropy_stability,12,0.01436,12,0,0.000244,Yes,0.9722,large
Pure-AE,scGNN,SecPerEpoch,0,0.0,0,0,,No,-0.0,negligible
Pure-AE,scGNN,PeakGPU_MB,0,0.0,0,0,,No,-0.0,negligible
Pure-AE,scGNN,NumParams,0,0.0,0,0,,No,-0.0,negligible
Pure-AE,siVAE,NMI,12,0.360816,12,0,0.000244,Yes,0.8472,large
Pure-AE,siVAE,ARI,12,0.3283,12,0,0.000244,Yes,0.8472,large
Pure-AE,siVAE,ASW,12,-0.126548,0,12,1.0,No,-0.9583,large
Pure-AE,siVAE,DAV,12,-0.594035,0,12,1.0,No,-0.9861,large
Pure-AE,siVAE,CAL,12,-787.718616,0,12,1.0,No,-1.0,large
Pure-AE,siVAE,COR,12,-3.536767,0,12,1.0,No,-1.0,large
Pure-AE,siVAE,DRE_umap_overall_quality,12,-0.206501,0,12,1.0,No,-1.0,large
Pure-AE,siVAE,DRE_umap_distance_correlation,12,-0.29534,0,12,1.0,No,-1.0,large
Pure-AE,siVAE,DRE_umap_Q_local,12,-0.175263,0,12,1.0,No,-0.9583,large
Pure-AE,siVAE,DRE_umap_Q_global,12,-0.148901,0,12,1.0,No,-1.0,large
Pure-AE,siVAE,DRE_tsne_overall_quality,12,-0.198254,0,12,1.0,No,-1.0,large
Pure-AE,siVAE,DRE_tsne_distance_correlation,12,-0.281569,0,12,1.0,No,-1.0,large
Pure-AE,siVAE,DRE_tsne_Q_local,12,-0.167391,0,12,1.0,No,-0.9167,large
Pure-AE,siVAE,DRE_tsne_Q_global,12,-0.145801,0,12,1.0,No,-1.0,large
Pure-AE,siVAE,LSE_overall_quality,12,-0.246409,1,11,0.999756,No,-0.8611,large
Pure-AE,siVAE,LSE_core_quality,12,0.000126,10,2,0.116699,No,0.3889,medium
Pure-AE,siVAE,LSE_manifold_dimensionality,12,-0.414822,0,12,1.0,No,-1.0,large
Pure-AE,siVAE,LSE_spectral_decay_rate,12,-0.332577,0,12,1.0,No,-1.0,large
Pure-AE,siVAE,LSE_participation_ratio,12,0.393356,10,2,0.013428,Yes,0.6389,large
Pure-AE,siVAE,LSE_anisotropy_score,12,-0.354549,2,10,0.98291,No,-0.7361,large
Pure-AE,siVAE,LSE_trajectory_directionality,12,-0.611929,0,12,1.0,No,-1.0,large
Pure-AE,siVAE,LSE_noise_resilience,12,-0.814842,0,12,1.0,No,-1.0,large
Pure-AE,siVAE,DREX_overall_quality,12,-0.090629,0,12,1.0,No,-0.9583,large
Pure-AE,siVAE,DREX_trustworthiness,12,-0.071283,0,12,1.0,No,-0.9444,large
Pure-AE,siVAE,DREX_continuity,12,-0.064087,0,12,1.0,No,-0.9722,large
Pure-AE,siVAE,DREX_distance_spearman,12,-0.190735,0,12,1.0,No,-0.9583,large
Pure-AE,siVAE,DREX_distance_pearson,12,-0.156776,0,12,1.0,No,-0.8889,large
Pure-AE,siVAE,DREX_local_scale_quality,12,0.006789,7,5,0.169678,No,0.2083,small
Pure-AE,siVAE,DREX_neighborhood_symmetry,12,-0.067685,0,12,1.0,No,-0.9583,large
Pure-AE,siVAE,LSEX_overall_quality,12,-0.056789,0,12,1.0,No,-0.9722,large
Pure-AE,siVAE,LSEX_two_hop_connectivity,12,0.043701,12,0,0.000244,Yes,0.9444,large
Pure-AE,siVAE,LSEX_radial_concentration,12,-0.234242,0,12,1.0,No,-0.9722,large
Pure-AE,siVAE,LSEX_local_curvature,12,-0.040394,0,12,1.0,No,-0.8611,large
Pure-AE,siVAE,LSEX_entropy_stability,12,0.003779,12,0,0.000244,Yes,0.8194,large
Pure-AE,siVAE,SecPerEpoch,0,0.0,0,0,,No,-0.0,negligible
Pure-AE,siVAE,PeakGPU_MB,0,0.0,0,0,,No,-0.0,negligible
Pure-AE,siVAE,NumParams,0,0.0,0,0,,No,-0.0,negligible
Pure-AE,scSMD,NMI,12,0.426988,12,0,0.000244,Yes,0.8611,large
Pure-AE,scSMD,ARI,12,0.356376,11,1,0.000488,Yes,0.8333,large
Pure-AE,scSMD,ASW,12,-0.144721,0,12,1.0,No,-0.9861,large
Pure-AE,scSMD,DAV,12,-0.699383,0,12,1.0,No,-1.0,large
Pure-AE,scSMD,CAL,12,-1029.562439,0,12,1.0,No,-1.0,large
Pure-AE,scSMD,COR,12,-5.328701,0,12,1.0,No,-1.0,large
Pure-AE,scSMD,DRE_umap_overall_quality,12,-0.220993,0,12,1.0,No,-1.0,large
Pure-AE,scSMD,DRE_umap_distance_correlation,12,-0.300092,0,12,1.0,No,-1.0,large
Pure-AE,scSMD,DRE_umap_Q_local,12,-0.208635,0,12,1.0,No,-1.0,large
Pure-AE,scSMD,DRE_umap_Q_global,12,-0.15425,0,12,1.0,No,-1.0,large
Pure-AE,scSMD,DRE_tsne_overall_quality,12,-0.230458,0,12,1.0,No,-1.0,large
Pure-AE,scSMD,DRE_tsne_distance_correlation,12,-0.314933,0,12,1.0,No,-1.0,large
Pure-AE,scSMD,DRE_tsne_Q_local,12,-0.202428,0,12,1.0,No,-0.9861,large
Pure-AE,scSMD,DRE_tsne_Q_global,12,-0.174012,0,12,1.0,No,-1.0,large
Pure-AE,scSMD,LSE_overall_quality,12,-0.28879,0,12,1.0,No,-1.0,large
Pure-AE,scSMD,LSE_core_quality,12,-0.01173,10,2,0.116699,No,0.3889,medium
Pure-AE,scSMD,LSE_manifold_dimensionality,12,-0.455722,0,12,1.0,No,-1.0,large
Pure-AE,scSMD,LSE_spectral_decay_rate,12,-0.354816,0,12,1.0,No,-1.0,large
Pure-AE,scSMD,LSE_participation_ratio,12,0.417663,10,2,0.010498,Yes,0.6667,large
Pure-AE,scSMD,LSE_anisotropy_score,12,-0.345955,2,10,0.968018,No,-0.5278,large
Pure-AE,scSMD,LSE_trajectory_directionality,12,-0.646462,0,12,1.0,No,-1.0,large
Pure-AE,scSMD,LSE_noise_resilience,12,-0.927181,0,12,1.0,No,-1.0,large
Pure-AE,scSMD,DREX_overall_quality,12,-0.07822,0,12,1.0,No,-0.9167,large
Pure-AE,scSMD,DREX_trustworthiness,12,-0.074734,0,12,1.0,No,-1.0,large
Pure-AE,scSMD,DREX_continuity,12,-0.066832,0,12,1.0,No,-1.0,large
Pure-AE,scSMD,DREX_distance_spearman,12,-0.195529,0,12,1.0,No,-1.0,large
Pure-AE,scSMD,DREX_distance_pearson,12,-0.082841,2,10,0.97876,No,-0.625,large
Pure-AE,scSMD,DREX_local_scale_quality,12,0.021398,12,0,0.000244,Yes,1.0,large
Pure-AE,scSMD,DREX_neighborhood_symmetry,12,-0.070783,0,12,1.0,No,-1.0,large
Pure-AE,scSMD,LSEX_overall_quality,12,-0.05572,1,11,0.999268,No,-0.7917,large
Pure-AE,scSMD,LSEX_two_hop_connectivity,12,0.051809,12,0,0.000244,Yes,1.0,large
Pure-AE,scSMD,LSEX_radial_concentration,12,-0.22546,2,10,0.998779,No,-0.7222,large
Pure-AE,scSMD,LSEX_local_curvature,12,-0.054101,0,12,1.0,No,-1.0,large
Pure-AE,scSMD,LSEX_entropy_stability,12,0.004873,11,1,0.000488,Yes,0.9028,large
Pure-AE,scSMD,SecPerEpoch,0,0.0,0,0,,No,-0.0,negligible
Pure-AE,scSMD,PeakGPU_MB,0,0.0,0,0,,No,-0.0,negligible
Pure-AE,scSMD,NumParams,0,0.0,0,0,,No,-0.0,negligible
Pure-AE,scDiffusion,NMI,12,0.480012,12,0,0.000244,Yes,0.8611,large
Pure-AE,scDiffusion,ARI,12,0.392602,12,0,0.000244,Yes,0.8611,large
Pure-AE,scDiffusion,ASW,12,0.014067,8,4,0.101807,No,0.3472,medium
Pure-AE,scDiffusion,DAV,12,-0.120683,4,8,0.898193,No,-0.4167,medium
Pure-AE,scDiffusion,CAL,12,-25.093023,3,9,0.993896,No,-0.5417,large
Pure-AE,scDiffusion,COR,12,-0.62513,0,12,1.0,No,-0.8611,large
Pure-AE,scDiffusion,DRE_umap_overall_quality,12,-0.103515,2,10,0.998779,No,-0.7639,large
Pure-AE,scDiffusion,DRE_umap_distance_correlation,12,-0.190049,2,10,0.999268,No,-0.8056,large
Pure-AE,scDiffusion,DRE_umap_Q_local,12,-0.033872,4,8,0.830322,No,-0.3056,small
Pure-AE,scDiffusion,DRE_umap_Q_global,12,-0.086624,0,12,1.0,No,-0.9028,large
Pure-AE,scDiffusion,DRE_tsne_overall_quality,12,-0.053362,4,8,0.98291,No,-0.5139,large
Pure-AE,scDiffusion,DRE_tsne_distance_correlation,12,-0.147284,0,12,1.0,No,-0.8611,large
Pure-AE,scDiffusion,DRE_tsne_Q_local,12,0.028626,9,3,0.075684,No,0.3333,medium
Pure-AE,scDiffusion,DRE_tsne_Q_global,12,-0.041427,4,8,0.989502,No,-0.4861,large
Pure-AE,scDiffusion,LSE_overall_quality,12,-0.036057,8,4,0.604492,No,0.1111,negligible
Pure-AE,scDiffusion,LSE_core_quality,12,0.043333,10,2,0.116699,No,0.3889,medium
Pure-AE,scDiffusion,LSE_manifold_dimensionality,12,-0.151357,0,12,1.0,No,-0.9306,large
Pure-AE,scDiffusion,LSE_spectral_decay_rate,12,-0.177361,0,12,1.0,No,-1.0,large
Pure-AE,scDiffusion,LSE_participation_ratio,12,0.256989,10,2,0.046143,Yes,0.6528,large
Pure-AE,scDiffusion,LSE_anisotropy_score,12,-0.245061,2,10,0.986572,No,-0.6667,large
Pure-AE,scDiffusion,LSE_trajectory_directionality,12,-0.233953,0,12,1.0,No,-1.0,large
Pure-AE,scDiffusion,LSE_noise_resilience,12,-0.212827,0,12,1.0,No,-1.0,large
Pure-AE,scDiffusion,DREX_overall_quality,12,-0.031631,5,7,0.935303,No,-0.4028,medium
Pure-AE,scDiffusion,DREX_trustworthiness,12,-0.013778,7,5,0.545166,No,-0.0833,negligible
Pure-AE,scDiffusion,DREX_continuity,12,-0.025946,3,9,0.973877,No,-0.5417,large
Pure-AE,scDiffusion,DREX_distance_spearman,12,-0.084724,4,8,0.97876,No,-0.5,large
Pure-AE,scDiffusion,DREX_distance_pearson,12,-0.091497,4,8,0.97876,No,-0.5139,large
Pure-AE,scDiffusion,DREX_local_scale_quality,12,0.046021,12,0,0.000244,Yes,1.0,large
Pure-AE,scDiffusion,DREX_neighborhood_symmetry,12,-0.019862,6,6,0.849365,No,-0.2778,small
Pure-AE,scDiffusion,LSEX_overall_quality,12,-0.011304,1,11,0.999756,No,-0.7639,large
Pure-AE,scDiffusion,LSEX_two_hop_connectivity,12,-0.010864,2,10,0.973877,No,-0.5139,large
Pure-AE,scDiffusion,LSEX_radial_concentration,12,-0.047215,1,11,0.999756,No,-0.75,large
Pure-AE,scDiffusion,LSEX_local_curvature,12,0.013572,10,2,0.010498,Yes,0.7361,large
Pure-AE,scDiffusion,LSEX_entropy_stability,12,-0.000709,4,8,0.898193,No,-0.3194,small
Pure-AE,scDiffusion,SecPerEpoch,0,0.0,0,0,,No,-0.0,negligible
Pure-AE,scDiffusion,PeakGPU_MB,0,0.0,0,0,,No,-0.0,negligible
Pure-AE,scDiffusion,NumParams,0,0.0,0,0,,No,-0.0,negligible
Pure-AE,CellBLAST,NMI,12,0.458537,12,0,0.000244,Yes,0.8611,large
Pure-AE,CellBLAST,ARI,12,0.376736,12,0,0.000244,Yes,0.8472,large
Pure-AE,CellBLAST,ASW,12,0.084097,12,0,0.000244,Yes,1.0,large
Pure-AE,CellBLAST,DAV,12,0.334257,12,0,0.000244,Yes,0.9028,large
Pure-AE,CellBLAST,CAL,12,24.581412,12,0,0.000244,Yes,0.9444,large
Pure-AE,CellBLAST,COR,12,0.312186,10,2,0.002441,Yes,0.6111,large
Pure-AE,CellBLAST,DRE_umap_overall_quality,12,0.062282,11,1,0.001709,Yes,0.6806,large
Pure-AE,CellBLAST,DRE_umap_distance_correlation,12,0.056294,10,2,0.026123,Yes,0.375,medium
Pure-AE,CellBLAST,DRE_umap_Q_local,12,0.121778,11,1,0.000488,Yes,0.9444,large
Pure-AE,CellBLAST,DRE_umap_Q_global,12,0.008776,6,6,0.234863,No,0.1806,small
Pure-AE,CellBLAST,DRE_tsne_overall_quality,12,0.099903,11,1,0.000488,Yes,0.9444,large
Pure-AE,CellBLAST,DRE_tsne_distance_correlation,12,0.054716,9,3,0.031982,Yes,0.5,large
Pure-AE,CellBLAST,DRE_tsne_Q_local,12,0.189583,12,0,0.000244,Yes,0.9722,large
Pure-AE,CellBLAST,DRE_tsne_Q_global,12,0.05541,10,2,0.001221,Yes,0.875,large
Pure-AE,CellBLAST,LSE_overall_quality,12,-0.002732,5,7,0.765137,No,0.0417,negligible
Pure-AE,CellBLAST,LSE_core_quality,12,-0.000917,6,6,0.661377,No,0.0833,negligible
Pure-AE,CellBLAST,LSE_manifold_dimensionality,12,-0.021638,6,6,0.788086,No,-0.25,small
Pure-AE,CellBLAST,LSE_spectral_decay_rate,12,-0.009663,7,5,0.809814,No,-0.1806,small
Pure-AE,CellBLAST,LSE_participation_ratio,12,0.014607,6,6,0.425049,No,0.0694,negligible
Pure-AE,CellBLAST,LSE_anisotropy_score,12,-0.013024,7,5,0.661377,No,-0.0972,negligible
Pure-AE,CellBLAST,LSE_trajectory_directionality,12,-0.023863,7,5,0.809814,No,-0.2361,small
Pure-AE,CellBLAST,LSE_noise_resilience,12,-0.004614,6,6,0.633301,No,-0.1667,small
Pure-AE,CellBLAST,DREX_overall_quality,12,0.098056,12,0,0.000244,Yes,0.9583,large
Pure-AE,CellBLAST,DREX_trustworthiness,12,0.093387,11,1,0.000488,Yes,0.8611,large
Pure-AE,CellBLAST,DREX_continuity,12,0.049302,11,1,0.001709,Yes,0.7639,large
Pure-AE,CellBLAST,DREX_distance_spearman,12,0.163281,12,0,0.000244,Yes,0.9444,large
Pure-AE,CellBLAST,DREX_distance_pearson,12,0.143483,11,1,0.000488,Yes,0.9167,large
Pure-AE,CellBLAST,DREX_local_scale_quality,12,0.067539,12,0,0.000244,Yes,1.0,large
Pure-AE,CellBLAST,DREX_neighborhood_symmetry,12,0.071345,11,1,0.000732,Yes,0.8611,large
Pure-AE,CellBLAST,LSEX_overall_quality,12,-0.005679,3,9,0.989502,No,-0.3472,medium
Pure-AE,CellBLAST,LSEX_two_hop_connectivity,12,-0.053698,0,12,1.0,No,-0.9861,large
Pure-AE,CellBLAST,LSEX_radial_concentration,12,-0.001202,4,8,0.515137,No,0.0694,negligible
Pure-AE,CellBLAST,LSEX_local_curvature,12,0.033897,12,0,0.000244,Yes,0.9861,large
Pure-AE,CellBLAST,LSEX_entropy_stability,12,-0.001712,0,12,1.0,No,-1.0,large
Pure-AE,CellBLAST,SecPerEpoch,0,0.0,0,0,,No,-0.0,negligible
Pure-AE,CellBLAST,PeakGPU_MB,0,0.0,0,0,,No,-0.0,negligible
Pure-AE,CellBLAST,NumParams,0,0.0,0,0,,No,-0.0,negligible
Pure-AE,SCALEX,NMI,12,0.48012,12,0,0.000244,Yes,0.875,large
Pure-AE,SCALEX,ARI,12,0.367968,10,2,0.001221,Yes,0.8333,large
Pure-AE,SCALEX,ASW,12,0.098925,12,0,0.000244,Yes,1.0,large
Pure-AE,SCALEX,DAV,12,0.332584,11,1,0.000488,Yes,0.8611,large
Pure-AE,SCALEX,CAL,12,30.859459,12,0,0.000244,Yes,1.0,large
Pure-AE,SCALEX,COR,12,0.552796,12,0,0.000244,Yes,0.9722,large
Pure-AE,SCALEX,DRE_umap_overall_quality,12,0.159908,12,0,0.000244,Yes,1.0,large
Pure-AE,SCALEX,DRE_umap_distance_correlation,12,0.229128,12,0,0.000244,Yes,0.9861,large
Pure-AE,SCALEX,DRE_umap_Q_local,12,0.182581,12,0,0.000244,Yes,1.0,large
Pure-AE,SCALEX,DRE_umap_Q_global,12,0.068015,12,0,0.000244,Yes,1.0,large
Pure-AE,SCALEX,DRE_tsne_overall_quality,12,0.14942,12,0,0.000244,Yes,1.0,large
Pure-AE,SCALEX,DRE_tsne_distance_correlation,12,0.117426,10,2,0.001221,Yes,0.8333,large
Pure-AE,SCALEX,DRE_tsne_Q_local,12,0.236953,12,0,0.000244,Yes,1.0,large
Pure-AE,SCALEX,DRE_tsne_Q_global,12,0.093882,12,0,0.000244,Yes,1.0,large
Pure-AE,SCALEX,LSE_overall_quality,12,0.007639,5,7,0.661377,No,-0.3056,small
Pure-AE,SCALEX,LSE_core_quality,12,0.003726,4,8,0.765137,No,-0.4444,medium
Pure-AE,SCALEX,LSE_manifold_dimensionality,12,0.079493,10,2,0.002441,Yes,0.7361,large
Pure-AE,SCALEX,LSE_spectral_decay_rate,12,0.032167,10,2,0.001221,Yes,0.9444,large
Pure-AE,SCALEX,LSE_participation_ratio,12,-0.067601,4,8,0.935303,No,-0.6111,large
Pure-AE,SCALEX,LSE_anisotropy_score,12,0.029157,8,4,0.088135,No,0.5833,large
Pure-AE,SCALEX,LSE_trajectory_directionality,12,0.059429,10,2,0.001221,Yes,0.9444,large
Pure-AE,SCALEX,LSE_noise_resilience,12,0.018443,11,1,0.000732,Yes,0.9306,large
Pure-AE,SCALEX,DREX_overall_quality,12,0.182529,12,0,0.000244,Yes,1.0,large
Pure-AE,SCALEX,DREX_trustworthiness,12,0.144791,12,0,0.000244,Yes,1.0,large
Pure-AE,SCALEX,DREX_continuity,12,0.088477,11,1,0.000488,Yes,0.9861,large
Pure-AE,SCALEX,DREX_distance_spearman,12,0.3373,12,0,0.000244,Yes,1.0,large
Pure-AE,SCALEX,DREX_distance_pearson,12,0.335517,12,0,0.000244,Yes,1.0,large
Pure-AE,SCALEX,DREX_local_scale_quality,12,0.072451,12,0,0.000244,Yes,1.0,large
Pure-AE,SCALEX,DREX_neighborhood_symmetry,12,0.116634,12,0,0.000244,Yes,1.0,large
Pure-AE,SCALEX,LSEX_overall_quality,12,-0.017717,1,11,0.999756,No,-0.9028,large
Pure-AE,SCALEX,LSEX_two_hop_connectivity,12,-0.054463,1,11,0.999756,No,-0.9583,large
Pure-AE,SCALEX,LSEX_radial_concentration,12,-0.048992,1,11,0.998291,No,-0.5972,large
Pure-AE,SCALEX,LSEX_local_curvature,12,0.034318,12,0,0.000244,Yes,0.9861,large
Pure-AE,SCALEX,LSEX_entropy_stability,12,-0.001731,0,12,1.0,No,-1.0,large
Pure-AE,SCALEX,SecPerEpoch,0,0.0,0,0,,No,-0.0,negligible
Pure-AE,SCALEX,PeakGPU_MB,0,0.0,0,0,,No,-0.0,negligible
Pure-AE,SCALEX,NumParams,0,0.0,0,0,,No,-0.0,negligible
Pure-AE,GMVAE,NMI,12,0.486056,12,0,0.000244,Yes,0.8889,large
Pure-AE,GMVAE,ARI,12,0.395009,12,0,0.000244,Yes,0.8889,large
Pure-AE,GMVAE,ASW,12,0.123594,12,0,0.000244,Yes,1.0,large
Pure-AE,GMVAE,DAV,12,1.142466,12,0,0.000244,Yes,1.0,large
Pure-AE,GMVAE,CAL,12,42.818479,12,0,0.000244,Yes,1.0,large
Pure-AE,GMVAE,COR,12,0.575915,12,0,0.000244,Yes,1.0,large
Pure-AE,GMVAE,DRE_umap_overall_quality,12,0.251476,12,0,0.000244,Yes,1.0,large
Pure-AE,GMVAE,DRE_umap_distance_correlation,12,0.362423,12,0,0.000244,Yes,1.0,large
Pure-AE,GMVAE,DRE_umap_Q_local,12,0.265917,12,0,0.000244,Yes,1.0,large
Pure-AE,GMVAE,DRE_umap_Q_global,12,0.126088,12,0,0.000244,Yes,1.0,large
Pure-AE,GMVAE,DRE_tsne_overall_quality,12,0.237537,12,0,0.000244,Yes,1.0,large
Pure-AE,GMVAE,DRE_tsne_distance_correlation,12,0.267032,12,0,0.000244,Yes,1.0,large
Pure-AE,GMVAE,DRE_tsne_Q_local,12,0.296691,12,0,0.000244,Yes,1.0,large
Pure-AE,GMVAE,DRE_tsne_Q_global,12,0.148889,12,0,0.000244,Yes,1.0,large
Pure-AE,GMVAE,LSE_overall_quality,12,0.026369,8,4,0.038574,Yes,0.3333,medium
Pure-AE,GMVAE,LSE_core_quality,12,0.013705,5,7,0.740723,No,-0.2917,small
Pure-AE,GMVAE,LSE_manifold_dimensionality,12,0.161104,11,1,0.000488,Yes,0.9583,large
Pure-AE,GMVAE,LSE_spectral_decay_rate,12,0.085121,12,0,0.000244,Yes,1.0,large
Pure-AE,GMVAE,LSE_participation_ratio,12,-0.125722,2,10,0.968018,No,-0.6667,large
Pure-AE,GMVAE,LSE_anisotropy_score,12,0.065683,10,2,0.038574,Yes,0.6667,large
Pure-AE,GMVAE,LSE_trajectory_directionality,12,0.158335,12,0,0.000244,Yes,1.0,large
Pure-AE,GMVAE,LSE_noise_resilience,12,0.048632,12,0,0.000244,Yes,1.0,large
Pure-AE,GMVAE,DREX_overall_quality,12,0.268232,12,0,0.000244,Yes,1.0,large
Pure-AE,GMVAE,DREX_trustworthiness,12,0.211214,12,0,0.000244,Yes,1.0,large
Pure-AE,GMVAE,DREX_continuity,12,0.176997,12,0,0.000244,Yes,1.0,large
Pure-AE,GMVAE,DREX_distance_spearman,12,0.471497,12,0,0.000244,Yes,1.0,large
Pure-AE,GMVAE,DREX_distance_pearson,12,0.463241,12,0,0.000244,Yes,1.0,large
Pure-AE,GMVAE,DREX_local_scale_quality,12,0.092335,12,0,0.000244,Yes,1.0,large
Pure-AE,GMVAE,DREX_neighborhood_symmetry,12,0.194105,12,0,0.000244,Yes,1.0,large
Pure-AE,GMVAE,LSEX_overall_quality,12,0.008357,9,3,0.02124,Yes,0.5694,large
Pure-AE,GMVAE,LSEX_two_hop_connectivity,12,-0.11087,0,12,1.0,No,-1.0,large
Pure-AE,GMVAE,LSEX_radial_concentration,12,0.091473,12,0,0.000244,Yes,1.0,large
Pure-AE,GMVAE,LSEX_local_curvature,12,0.055321,12,0,0.000244,Yes,1.0,large
Pure-AE,GMVAE,LSEX_entropy_stability,12,-0.002497,0,12,1.0,No,-1.0,large
Pure-AE,GMVAE,SecPerEpoch,0,0.0,0,0,,No,-0.0,negligible
Pure-AE,GMVAE,PeakGPU_MB,0,0.0,0,0,,No,-0.0,negligible
Pure-AE,GMVAE,NumParams,0,0.0,0,0,,No,-0.0,negligible
Pure-Transformer-AE,scDHMap,NMI,12,0.040468,11,1,0.001221,Yes,0.5139,large
Pure-Transformer-AE,scDHMap,ARI,12,0.051296,10,2,0.004639,Yes,0.3056,small
Pure-Transformer-AE,scDHMap,ASW,12,-0.17233,0,12,1.0,No,-1.0,large
Pure-Transformer-AE,scDHMap,DAV,12,-0.719334,0,12,1.0,No,-1.0,large
Pure-Transformer-AE,scDHMap,CAL,12,-255.747302,0,12,1.0,No,-1.0,large
Pure-Transformer-AE,scDHMap,COR,12,-2.380637,0,12,1.0,No,-1.0,large
Pure-Transformer-AE,scDHMap,DRE_umap_overall_quality,12,-0.133177,0,12,1.0,No,-0.9583,large
Pure-Transformer-AE,scDHMap,DRE_umap_distance_correlation,12,-0.146381,0,12,1.0,No,-0.8611,large
Pure-Transformer-AE,scDHMap,DRE_umap_Q_local,12,-0.176691,0,12,1.0,No,-0.9861,large
Pure-Transformer-AE,scDHMap,DRE_umap_Q_global,12,-0.07646,0,12,1.0,No,-0.9306,large
Pure-Transformer-AE,scDHMap,DRE_tsne_overall_quality,12,-0.135181,0,12,1.0,No,-0.9444,large
Pure-Transformer-AE,scDHMap,DRE_tsne_distance_correlation,12,-0.151057,0,12,1.0,No,-0.875,large
Pure-Transformer-AE,scDHMap,DRE_tsne_Q_local,12,-0.170549,0,12,1.0,No,-0.9722,large
Pure-Transformer-AE,scDHMap,DRE_tsne_Q_global,12,-0.083936,0,12,1.0,No,-0.9306,large
Pure-Transformer-AE,scDHMap,LSE_overall_quality,12,-0.108796,2,10,0.995361,No,-0.5972,large
Pure-Transformer-AE,scDHMap,LSE_core_quality,12,0.016225,9,3,0.150635,No,0.3611,medium
Pure-Transformer-AE,scDHMap,LSE_manifold_dimensionality,12,-0.374791,0,12,1.0,No,-1.0,large
Pure-Transformer-AE,scDHMap,LSE_spectral_decay_rate,12,-0.287733,0,12,1.0,No,-1.0,large
Pure-Transformer-AE,scDHMap,LSE_participation_ratio,12,0.319371,10,2,0.001709,Yes,0.8056,large
Pure-Transformer-AE,scDHMap,LSE_anisotropy_score,12,-0.408053,2,10,0.995361,No,-0.7778,large
Pure-Transformer-AE,scDHMap,LSE_trajectory_directionality,12,-0.214265,0,12,1.0,No,-0.9306,large
Pure-Transformer-AE,scDHMap,LSE_noise_resilience,12,-0.432704,0,12,1.0,No,-0.9861,large
Pure-Transformer-AE,scDHMap,DREX_overall_quality,12,-0.100932,0,12,1.0,No,-0.9306,large
Pure-Transformer-AE,scDHMap,DREX_trustworthiness,12,-0.089226,0,12,1.0,No,-1.0,large
Pure-Transformer-AE,scDHMap,DREX_continuity,12,-0.087437,0,12,1.0,No,-0.9861,large
Pure-Transformer-AE,scDHMap,DREX_distance_spearman,12,-0.176042,0,12,1.0,No,-0.8611,large
Pure-Transformer-AE,scDHMap,DREX_distance_pearson,12,-0.154263,1,11,0.999756,No,-0.7639,large
Pure-Transformer-AE,scDHMap,DREX_local_scale_quality,12,-0.010295,1,11,0.991943,No,-0.6806,large
Pure-Transformer-AE,scDHMap,DREX_neighborhood_symmetry,12,-0.088331,0,12,1.0,No,-1.0,large
Pure-Transformer-AE,scDHMap,LSEX_overall_quality,12,-0.024714,0,12,1.0,No,-1.0,large
Pure-Transformer-AE,scDHMap,LSEX_two_hop_connectivity,12,0.050437,12,0,0.000244,Yes,1.0,large
Pure-Transformer-AE,scDHMap,LSEX_radial_concentration,12,-0.112135,0,12,1.0,No,-1.0,large
Pure-Transformer-AE,scDHMap,LSEX_local_curvature,12,-0.044898,0,12,1.0,No,-0.9722,large
Pure-Transformer-AE,scDHMap,LSEX_entropy_stability,12,0.00774,12,0,0.000244,Yes,0.9583,large
Pure-Transformer-AE,scDHMap,SecPerEpoch,0,0.0,0,0,,No,-0.0,negligible
Pure-Transformer-AE,scDHMap,PeakGPU_MB,0,0.0,0,0,,No,-0.0,negligible
Pure-Transformer-AE,scDHMap,NumParams,0,0.0,0,0,,No,-0.0,negligible
Pure-Transformer-AE,CLEAR,NMI,12,0.002727,8,4,0.425049,No,0.0972,negligible
Pure-Transformer-AE,CLEAR,ARI,12,0.015073,8,4,0.234863,No,0.0972,negligible
Pure-Transformer-AE,CLEAR,ASW,12,0.096593,12,0,0.000244,Yes,1.0,large
Pure-Transformer-AE,CLEAR,DAV,12,1.318735,12,0,0.000244,Yes,1.0,large
Pure-Transformer-AE,CLEAR,CAL,12,44.688635,12,0,0.000244,Yes,1.0,large
Pure-Transformer-AE,CLEAR,COR,12,-11.409799,0,12,1.0,No,-1.0,large
Pure-Transformer-AE,CLEAR,DRE_umap_overall_quality,12,0.11739,12,0,0.000244,Yes,0.9444,large
Pure-Transformer-AE,CLEAR,DRE_umap_distance_correlation,12,0.208757,12,0,0.000244,Yes,0.9861,large
Pure-Transformer-AE,CLEAR,DRE_umap_Q_local,12,0.070352,11,1,0.000488,Yes,0.5556,large
Pure-Transformer-AE,CLEAR,DRE_umap_Q_global,12,0.073062,12,0,0.000244,Yes,0.9444,large
Pure-Transformer-AE,CLEAR,DRE_tsne_overall_quality,12,0.113733,12,0,0.000244,Yes,0.9167,large
Pure-Transformer-AE,CLEAR,DRE_tsne_distance_correlation,12,0.195444,12,0,0.000244,Yes,0.9722,large
Pure-Transformer-AE,CLEAR,DRE_tsne_Q_local,12,0.08049,12,0,0.000244,Yes,0.5556,large
Pure-Transformer-AE,CLEAR,DRE_tsne_Q_global,12,0.065264,12,0,0.000244,Yes,0.8889,large
Pure-Transformer-AE,CLEAR,LSE_overall_quality,12,0.084475,11,1,0.000488,Yes,0.8333,large
Pure-Transformer-AE,CLEAR,LSE_core_quality,12,0.075612,11,1,0.013428,Yes,0.75,large
Pure-Transformer-AE,CLEAR,LSE_manifold_dimensionality,12,-0.14828,1,11,0.999268,No,-0.8472,large
Pure-Transformer-AE,CLEAR,LSE_spectral_decay_rate,12,0.118874,12,0,0.000244,Yes,1.0,large
Pure-Transformer-AE,CLEAR,LSE_participation_ratio,12,0.264741,10,2,0.006104,Yes,0.75,large
Pure-Transformer-AE,CLEAR,LSE_anisotropy_score,12,-0.067115,3,9,0.898193,No,-0.4167,medium
Pure-Transformer-AE,CLEAR,LSE_trajectory_directionality,12,0.191581,12,0,0.000244,Yes,1.0,large
Pure-Transformer-AE,CLEAR,LSE_noise_resilience,12,0.067039,12,0,0.000244,Yes,1.0,large
Pure-Transformer-AE,CLEAR,DREX_overall_quality,12,0.067953,12,0,0.000244,Yes,0.7361,large
Pure-Transformer-AE,CLEAR,DREX_trustworthiness,12,-0.013059,4,8,0.968018,No,-0.0972,negligible
Pure-Transformer-AE,CLEAR,DREX_continuity,12,-0.027476,1,11,0.998291,No,-0.3333,medium
Pure-Transformer-AE,CLEAR,DREX_distance_spearman,12,0.181514,12,0,0.000244,Yes,0.9444,large
Pure-Transformer-AE,CLEAR,DREX_distance_pearson,12,0.176481,12,0,0.000244,Yes,0.9583,large
Pure-Transformer-AE,CLEAR,DREX_local_scale_quality,12,0.110523,12,0,0.000244,Yes,1.0,large
Pure-Transformer-AE,CLEAR,DREX_neighborhood_symmetry,12,-0.020267,2,10,0.998291,No,-0.2361,small
Pure-Transformer-AE,CLEAR,LSEX_overall_quality,12,0.006953,11,1,0.002441,Yes,0.7778,large
Pure-Transformer-AE,CLEAR,LSEX_two_hop_connectivity,12,-0.037862,0,12,1.0,No,-0.6806,large
Pure-Transformer-AE,CLEAR,LSEX_radial_concentration,12,0.041712,12,0,0.000244,Yes,1.0,large
Pure-Transformer-AE,CLEAR,LSEX_local_curvature,12,0.026402,12,0,0.000244,Yes,0.9722,large
Pure-Transformer-AE,CLEAR,LSEX_entropy_stability,12,-0.002438,0,12,1.0,No,-0.8611,large
Pure-Transformer-AE,CLEAR,SecPerEpoch,0,0.0,0,0,,No,-0.0,negligible
Pure-Transformer-AE,CLEAR,PeakGPU_MB,0,0.0,0,0,,No,-0.0,negligible
Pure-Transformer-AE,CLEAR,NumParams,0,0.0,0,0,,No,-0.0,negligible
Pure-Transformer-AE,scDAC,NMI,12,0.194603,11,1,0.001709,Yes,0.8333,large
Pure-Transformer-AE,scDAC,ARI,12,0.166077,10,2,0.006104,Yes,0.7083,large
Pure-Transformer-AE,scDAC,ASW,12,-0.365681,0,12,1.0,No,-1.0,large
Pure-Transformer-AE,scDAC,DAV,12,-1.192041,0,12,1.0,No,-1.0,large
Pure-Transformer-AE,scDAC,CAL,12,-31984.505854,0,12,1.0,No,-1.0,large
Pure-Transformer-AE,scDAC,COR,12,-5.896187,0,12,1.0,No,-1.0,large
Pure-Transformer-AE,scDAC,DRE_umap_overall_quality,12,-0.137858,0,12,1.0,No,-1.0,large
Pure-Transformer-AE,scDAC,DRE_umap_distance_correlation,12,-0.098559,3,9,0.989502,No,-0.6389,large
Pure-Transformer-AE,scDAC,DRE_umap_Q_local,12,-0.227491,0,12,1.0,No,-1.0,large
Pure-Transformer-AE,scDAC,DRE_umap_Q_global,12,-0.087525,0,12,1.0,No,-0.9722,large
Pure-Transformer-AE,scDAC,DRE_tsne_overall_quality,12,-0.172624,0,12,1.0,No,-1.0,large
Pure-Transformer-AE,scDAC,DRE_tsne_distance_correlation,12,-0.149779,1,11,0.999756,No,-0.8056,large
Pure-Transformer-AE,scDAC,DRE_tsne_Q_local,12,-0.229685,0,12,1.0,No,-1.0,large
Pure-Transformer-AE,scDAC,DRE_tsne_Q_global,12,-0.138407,0,12,1.0,No,-1.0,large
Pure-Transformer-AE,scDAC,LSE_overall_quality,12,-0.294607,0,12,1.0,No,-1.0,large
Pure-Transformer-AE,scDAC,LSE_core_quality,12,-0.073108,3,9,0.986572,No,-0.1389,negligible
Pure-Transformer-AE,scDAC,LSE_manifold_dimensionality,12,-0.41201,0,12,1.0,No,-1.0,large
Pure-Transformer-AE,scDAC,LSE_spectral_decay_rate,12,-0.27202,0,12,1.0,No,-0.9861,large
Pure-Transformer-AE,scDAC,LSE_participation_ratio,12,0.036606,7,5,0.259277,No,0.1528,small
Pure-Transformer-AE,scDAC,LSE_anisotropy_score,12,-0.35499,3,9,0.995361,No,-0.6528,large
Pure-Transformer-AE,scDAC,LSE_trajectory_directionality,12,-0.483239,0,12,1.0,No,-1.0,large
Pure-Transformer-AE,scDAC,LSE_noise_resilience,12,-0.794061,0,12,1.0,No,-1.0,large
Pure-Transformer-AE,scDAC,DREX_overall_quality,12,-0.013505,5,7,0.765137,No,-0.0972,negligible
Pure-Transformer-AE,scDAC,DREX_trustworthiness,12,-0.085168,0,12,1.0,No,-1.0,large
Pure-Transformer-AE,scDAC,DREX_continuity,12,-0.095448,0,12,1.0,No,-1.0,large
Pure-Transformer-AE,scDAC,DREX_distance_spearman,12,-0.127866,2,10,0.993896,No,-0.6528,large
Pure-Transformer-AE,scDAC,DREX_distance_pearson,12,0.319929,10,2,0.003418,Yes,0.75,large
Pure-Transformer-AE,scDAC,DREX_local_scale_quality,12,-0.002166,6,6,0.661377,No,-0.0278,negligible
Pure-Transformer-AE,scDAC,DREX_neighborhood_symmetry,12,-0.090308,0,12,1.0,No,-1.0,large
Pure-Transformer-AE,scDAC,LSEX_overall_quality,12,0.03566,8,4,0.101807,No,0.3472,medium
Pure-Transformer-AE,scDAC,LSEX_two_hop_connectivity,12,0.071998,12,0,0.000244,Yes,1.0,large
Pure-Transformer-AE,scDAC,LSEX_radial_concentration,12,0.194374,10,2,0.046143,Yes,0.6667,large
Pure-Transformer-AE,scDAC,LSEX_local_curvature,12,-0.134935,0,12,1.0,No,-1.0,large
Pure-Transformer-AE,scDAC,LSEX_entropy_stability,12,0.011204,12,0,0.000244,Yes,1.0,large
Pure-Transformer-AE,scDAC,SecPerEpoch,0,0.0,0,0,,No,-0.0,negligible
Pure-Transformer-AE,scDAC,PeakGPU_MB,0,0.0,0,0,,No,-0.0,negligible
Pure-Transformer-AE,scDAC,NumParams,0,0.0,0,0,,No,-0.0,negligible
Pure-Transformer-AE,scDeepCluster,NMI,12,0.181336,12,0,0.000244,Yes,0.8472,large
Pure-Transformer-AE,scDeepCluster,ARI,12,0.184035,12,0,0.000244,Yes,0.75,large
Pure-Transformer-AE,scDeepCluster,ASW,12,-0.014548,2,10,0.986572,No,-0.3333,medium
Pure-Transformer-AE,scDeepCluster,DAV,12,-0.198187,1,11,0.999756,No,-0.6528,large
Pure-Transformer-AE,scDeepCluster,CAL,12,-52.889509,1,11,0.999756,No,-0.7639,large
Pure-Transformer-AE,scDeepCluster,COR,12,-1.735301,1,11,0.999756,No,-0.9583,large
Pure-Transformer-AE,scDeepCluster,DRE_umap_overall_quality,12,-0.075863,0,12,1.0,No,-0.8333,large
Pure-Transformer-AE,scDeepCluster,DRE_umap_distance_correlation,12,-0.142896,0,12,1.0,No,-0.9167,large
Pure-Transformer-AE,scDeepCluster,DRE_umap_Q_local,12,-0.019978,5,7,0.809814,No,-0.2639,small
Pure-Transformer-AE,scDeepCluster,DRE_umap_Q_global,12,-0.064715,1,11,0.999756,No,-0.875,large
Pure-Transformer-AE,scDeepCluster,DRE_tsne_overall_quality,12,-0.069949,1,11,0.999512,No,-0.7361,large
Pure-Transformer-AE,scDeepCluster,DRE_tsne_distance_correlation,12,-0.144165,1,11,0.999756,No,-0.875,large
Pure-Transformer-AE,scDeepCluster,DRE_tsne_Q_local,12,-0.008868,7,5,0.484863,No,-0.0694,negligible
Pure-Transformer-AE,scDeepCluster,DRE_tsne_Q_global,12,-0.056813,1,11,0.999268,No,-0.7639,large
Pure-Transformer-AE,scDeepCluster,LSE_overall_quality,12,-0.022818,7,5,0.574951,No,-0.0972,negligible
Pure-Transformer-AE,scDeepCluster,LSE_core_quality,12,0.052763,10,2,0.026123,Yes,0.5556,large
Pure-Transformer-AE,scDeepCluster,LSE_manifold_dimensionality,12,-0.180879,0,12,1.0,No,-0.9861,large
Pure-Transformer-AE,scDeepCluster,LSE_spectral_decay_rate,12,-0.17298,1,11,0.999756,No,-0.9306,large
Pure-Transformer-AE,scDeepCluster,LSE_participation_ratio,12,0.340005,10,2,0.003418,Yes,0.8472,large
Pure-Transformer-AE,scDeepCluster,LSE_anisotropy_score,12,-0.224908,1,11,0.989502,No,-0.75,large
Pure-Transformer-AE,scDeepCluster,LSE_trajectory_directionality,12,-0.339262,0,12,1.0,No,-1.0,large
Pure-Transformer-AE,scDeepCluster,LSE_noise_resilience,12,-0.189327,0,12,1.0,No,-0.9861,large
Pure-Transformer-AE,scDeepCluster,DREX_overall_quality,12,-0.08039,1,11,0.999756,No,-0.8472,large
Pure-Transformer-AE,scDeepCluster,DREX_trustworthiness,12,-0.046887,2,10,0.997559,No,-0.7083,large
Pure-Transformer-AE,scDeepCluster,DREX_continuity,12,-0.065022,1,11,0.999756,No,-0.875,large
Pure-Transformer-AE,scDeepCluster,DREX_distance_spearman,12,-0.172511,1,11,0.999756,No,-0.8472,large
Pure-Transformer-AE,scDeepCluster,DREX_distance_pearson,12,-0.17733,1,11,0.999756,No,-0.8611,large
Pure-Transformer-AE,scDeepCluster,DREX_local_scale_quality,12,0.035363,12,0,0.000244,Yes,1.0,large
Pure-Transformer-AE,scDeepCluster,DREX_neighborhood_symmetry,12,-0.055955,1,11,0.999512,No,-0.8333,large
Pure-Transformer-AE,scDeepCluster,LSEX_overall_quality,12,-0.043174,0,12,1.0,No,-1.0,large
Pure-Transformer-AE,scDeepCluster,LSEX_two_hop_connectivity,12,0.002191,6,6,0.311035,No,0.0833,negligible
Pure-Transformer-AE,scDeepCluster,LSEX_radial_concentration,12,-0.167667,0,12,1.0,No,-1.0,large
Pure-Transformer-AE,scDeepCluster,LSEX_local_curvature,12,-0.007296,4,8,0.991943,No,-0.5139,large
Pure-Transformer-AE,scDeepCluster,LSEX_entropy_stability,12,7.5e-05,7,5,0.234863,No,0.2639,small
Pure-Transformer-AE,scDeepCluster,SecPerEpoch,0,0.0,0,0,,No,-0.0,negligible
Pure-Transformer-AE,scDeepCluster,PeakGPU_MB,0,0.0,0,0,,No,-0.0,negligible
Pure-Transformer-AE,scDeepCluster,NumParams,0,0.0,0,0,,No,-0.0,negligible
Pure-Transformer-AE,scGNN,NMI,12,0.278238,12,0,0.000244,Yes,0.8472,large
Pure-Transformer-AE,scGNN,ARI,12,0.265291,12,0,0.000244,Yes,0.8472,large
Pure-Transformer-AE,scGNN,ASW,12,-0.137302,0,12,1.0,No,-0.9583,large
Pure-Transformer-AE,scGNN,DAV,12,-0.606138,0,12,1.0,No,-0.9861,large
Pure-Transformer-AE,scGNN,CAL,12,-126.05881,0,12,1.0,No,-1.0,large
Pure-Transformer-AE,scGNN,COR,12,-2.078625,0,12,1.0,No,-0.9583,large
Pure-Transformer-AE,scGNN,DRE_umap_overall_quality,12,-0.082198,2,10,0.998291,No,-0.6667,large
Pure-Transformer-AE,scGNN,DRE_umap_distance_correlation,12,-0.118176,3,9,0.993896,No,-0.6667,large
Pure-Transformer-AE,scGNN,DRE_umap_Q_local,12,-0.08922,1,11,0.999756,No,-0.6528,large
Pure-Transformer-AE,scGNN,DRE_umap_Q_global,12,-0.039197,4,8,0.968018,No,-0.4167,medium
Pure-Transformer-AE,scGNN,DRE_tsne_overall_quality,12,-0.097128,0,12,1.0,No,-0.8611,large
Pure-Transformer-AE,scGNN,DRE_tsne_distance_correlation,12,-0.129016,2,10,0.998779,No,-0.6944,large
Pure-Transformer-AE,scGNN,DRE_tsne_Q_local,12,-0.10801,0,12,1.0,No,-0.8611,large
Pure-Transformer-AE,scGNN,DRE_tsne_Q_global,12,-0.054357,1,11,0.998779,No,-0.6667,large
Pure-Transformer-AE,scGNN,LSE_overall_quality,12,-0.078219,5,7,0.945068,No,-0.2222,small
Pure-Transformer-AE,scGNN,LSE_core_quality,12,0.022904,10,2,0.116699,No,0.3472,medium
Pure-Transformer-AE,scGNN,LSE_manifold_dimensionality,12,-0.207739,0,12,1.0,No,-0.9861,large
Pure-Transformer-AE,scGNN,LSE_spectral_decay_rate,12,-0.239068,0,12,1.0,No,-0.9583,large
Pure-Transformer-AE,scGNN,LSE_participation_ratio,12,0.212777,10,2,0.006104,Yes,0.7361,large
Pure-Transformer-AE,scGNN,LSE_anisotropy_score,12,-0.325645,2,10,0.991943,No,-0.75,large
Pure-Transformer-AE,scGNN,LSE_trajectory_directionality,12,-0.205032,0,12,1.0,No,-0.9167,large
Pure-Transformer-AE,scGNN,LSE_noise_resilience,12,-0.313627,0,12,1.0,No,-0.9722,large
Pure-Transformer-AE,scGNN,DREX_overall_quality,12,-0.068143,2,10,0.998779,No,-0.6806,large
Pure-Transformer-AE,scGNN,DREX_trustworthiness,12,-0.074563,0,12,1.0,No,-0.9167,large
Pure-Transformer-AE,scGNN,DREX_continuity,12,-0.075848,0,12,1.0,No,-0.9444,large
Pure-Transformer-AE,scGNN,DREX_distance_spearman,12,-0.147638,2,10,0.998291,No,-0.7361,large
Pure-Transformer-AE,scGNN,DREX_distance_pearson,12,-0.107386,3,9,0.989502,No,-0.5278,large
Pure-Transformer-AE,scGNN,DREX_local_scale_quality,12,0.071785,11,1,0.000488,Yes,0.8472,large
Pure-Transformer-AE,scGNN,DREX_neighborhood_symmetry,12,-0.075206,0,12,1.0,No,-0.9444,large
Pure-Transformer-AE,scGNN,LSEX_overall_quality,12,-0.043185,0,12,1.0,No,-1.0,large
Pure-Transformer-AE,scGNN,LSEX_two_hop_connectivity,12,0.038652,12,0,0.000244,Yes,0.8472,large
Pure-Transformer-AE,scGNN,LSEX_radial_concentration,12,-0.184558,0,12,1.0,No,-1.0,large
Pure-Transformer-AE,scGNN,LSEX_local_curvature,12,-0.040361,0,12,1.0,No,-0.8889,large
Pure-Transformer-AE,scGNN,LSEX_entropy_stability,12,0.013526,12,0,0.000244,Yes,0.9444,large
Pure-Transformer-AE,scGNN,SecPerEpoch,0,0.0,0,0,,No,-0.0,negligible
Pure-Transformer-AE,scGNN,PeakGPU_MB,0,0.0,0,0,,No,-0.0,negligible
Pure-Transformer-AE,scGNN,NumParams,0,0.0,0,0,,No,-0.0,negligible
Pure-Transformer-AE,siVAE,NMI,12,0.352733,12,0,0.000244,Yes,0.8472,large
Pure-Transformer-AE,siVAE,ARI,12,0.29944,12,0,0.000244,Yes,0.8472,large
Pure-Transformer-AE,siVAE,ASW,12,-0.119971,0,12,1.0,No,-0.9444,large
Pure-Transformer-AE,siVAE,DAV,12,-0.627475,0,12,1.0,No,-0.9861,large
Pure-Transformer-AE,siVAE,CAL,12,-782.919148,0,12,1.0,No,-0.9861,large
Pure-Transformer-AE,siVAE,COR,12,-3.314865,0,12,1.0,No,-0.9861,large
Pure-Transformer-AE,siVAE,DRE_umap_overall_quality,12,-0.157307,0,12,1.0,No,-0.9722,large
Pure-Transformer-AE,siVAE,DRE_umap_distance_correlation,12,-0.210947,0,12,1.0,No,-0.9583,large
Pure-Transformer-AE,siVAE,DRE_umap_Q_local,12,-0.14078,0,12,1.0,No,-0.875,large
Pure-Transformer-AE,siVAE,DRE_umap_Q_global,12,-0.120194,0,12,1.0,No,-0.9583,large
Pure-Transformer-AE,siVAE,DRE_tsne_overall_quality,12,-0.157547,0,12,1.0,No,-0.9722,large
Pure-Transformer-AE,siVAE,DRE_tsne_distance_correlation,12,-0.213574,0,12,1.0,No,-0.9583,large
Pure-Transformer-AE,siVAE,DRE_tsne_Q_local,12,-0.132149,0,12,1.0,No,-0.8889,large
Pure-Transformer-AE,siVAE,DRE_tsne_Q_global,12,-0.126918,0,12,1.0,No,-0.9722,large
Pure-Transformer-AE,siVAE,LSE_overall_quality,12,-0.24602,1,11,0.999756,No,-0.875,large
Pure-Transformer-AE,siVAE,LSE_core_quality,12,-0.005016,8,4,0.169678,No,0.2778,small
Pure-Transformer-AE,siVAE,LSE_manifold_dimensionality,12,-0.426716,0,12,1.0,No,-0.9861,large
Pure-Transformer-AE,siVAE,LSE_spectral_decay_rate,12,-0.298501,0,12,1.0,No,-0.9583,large
Pure-Transformer-AE,siVAE,LSE_participation_ratio,12,0.374237,10,2,0.004639,Yes,0.6528,large
Pure-Transformer-AE,siVAE,LSE_anisotropy_score,12,-0.330917,2,10,0.995361,No,-0.7639,large
Pure-Transformer-AE,siVAE,LSE_trajectory_directionality,12,-0.579421,0,12,1.0,No,-0.9583,large
Pure-Transformer-AE,siVAE,LSE_noise_resilience,12,-0.797408,0,12,1.0,No,-0.9861,large
Pure-Transformer-AE,siVAE,DREX_overall_quality,12,-0.113925,0,12,1.0,No,-0.9444,large
Pure-Transformer-AE,siVAE,DREX_trustworthiness,12,-0.07774,0,12,1.0,No,-0.9583,large
Pure-Transformer-AE,siVAE,DREX_continuity,12,-0.087475,0,12,1.0,No,-0.9722,large
Pure-Transformer-AE,siVAE,DREX_distance_spearman,12,-0.241028,0,12,1.0,No,-0.9444,large
Pure-Transformer-AE,siVAE,DREX_distance_pearson,12,-0.205102,0,12,1.0,No,-0.8611,large
Pure-Transformer-AE,siVAE,DREX_local_scale_quality,12,0.010405,7,5,0.150635,No,0.3194,small
Pure-Transformer-AE,siVAE,DREX_neighborhood_symmetry,12,-0.082608,0,12,1.0,No,-0.9722,large
Pure-Transformer-AE,siVAE,LSEX_overall_quality,12,-0.088043,0,12,1.0,No,-1.0,large
Pure-Transformer-AE,siVAE,LSEX_two_hop_connectivity,12,0.040323,12,0,0.000244,Yes,0.9444,large
Pure-Transformer-AE,siVAE,LSEX_radial_concentration,12,-0.353311,0,12,1.0,No,-1.0,large
Pure-Transformer-AE,siVAE,LSEX_local_curvature,12,-0.04213,0,12,1.0,No,-0.9306,large
Pure-Transformer-AE,siVAE,LSEX_entropy_stability,12,0.002945,10,2,0.001221,Yes,0.6944,large
Pure-Transformer-AE,siVAE,SecPerEpoch,0,0.0,0,0,,No,-0.0,negligible
Pure-Transformer-AE,siVAE,PeakGPU_MB,0,0.0,0,0,,No,-0.0,negligible
Pure-Transformer-AE,siVAE,NumParams,0,0.0,0,0,,No,-0.0,negligible
Pure-Transformer-AE,scSMD,NMI,12,0.418905,12,0,0.000244,Yes,0.8611,large
Pure-Transformer-AE,scSMD,ARI,12,0.327516,12,0,0.000244,Yes,0.8611,large
Pure-Transformer-AE,scSMD,ASW,12,-0.138144,0,12,1.0,No,-0.9861,large
Pure-Transformer-AE,scSMD,DAV,12,-0.732823,0,12,1.0,No,-1.0,large
Pure-Transformer-AE,scSMD,CAL,12,-1024.762971,0,12,1.0,No,-1.0,large
Pure-Transformer-AE,scSMD,COR,12,-5.106799,0,12,1.0,No,-1.0,large
Pure-Transformer-AE,scSMD,DRE_umap_overall_quality,12,-0.171798,0,12,1.0,No,-1.0,large
Pure-Transformer-AE,scSMD,DRE_umap_distance_correlation,12,-0.215699,0,12,1.0,No,-1.0,large
Pure-Transformer-AE,scSMD,DRE_umap_Q_local,12,-0.174153,0,12,1.0,No,-0.9722,large
Pure-Transformer-AE,scSMD,DRE_umap_Q_global,12,-0.125544,0,12,1.0,No,-1.0,large
Pure-Transformer-AE,scSMD,DRE_tsne_overall_quality,12,-0.189751,0,12,1.0,No,-1.0,large
Pure-Transformer-AE,scSMD,DRE_tsne_distance_correlation,12,-0.246938,0,12,1.0,No,-1.0,large
Pure-Transformer-AE,scSMD,DRE_tsne_Q_local,12,-0.167185,0,12,1.0,No,-0.9722,large
Pure-Transformer-AE,scSMD,DRE_tsne_Q_global,12,-0.155129,0,12,1.0,No,-1.0,large
Pure-Transformer-AE,scSMD,LSE_overall_quality,12,-0.288401,0,12,1.0,No,-1.0,large
Pure-Transformer-AE,scSMD,LSE_core_quality,12,-0.016872,8,4,0.169678,No,0.25,small
Pure-Transformer-AE,scSMD,LSE_manifold_dimensionality,12,-0.467615,0,12,1.0,No,-1.0,large
Pure-Transformer-AE,scSMD,LSE_spectral_decay_rate,12,-0.320739,0,12,1.0,No,-1.0,large
Pure-Transformer-AE,scSMD,LSE_participation_ratio,12,0.398544,10,2,0.003418,Yes,0.6667,large
Pure-Transformer-AE,scSMD,LSE_anisotropy_score,12,-0.322323,2,10,0.995361,No,-0.6389,large
Pure-Transformer-AE,scSMD,LSE_trajectory_directionality,12,-0.613953,0,12,1.0,No,-1.0,large
Pure-Transformer-AE,scSMD,LSE_noise_resilience,12,-0.909747,0,12,1.0,No,-1.0,large
Pure-Transformer-AE,scSMD,DREX_overall_quality,12,-0.101516,0,12,1.0,No,-0.9583,large
Pure-Transformer-AE,scSMD,DREX_trustworthiness,12,-0.081192,0,12,1.0,No,-1.0,large
Pure-Transformer-AE,scSMD,DREX_continuity,12,-0.090221,0,12,1.0,No,-1.0,large
Pure-Transformer-AE,scSMD,DREX_distance_spearman,12,-0.245823,0,12,1.0,No,-0.9861,large
Pure-Transformer-AE,scSMD,DREX_distance_pearson,12,-0.131167,3,9,0.97876,No,-0.6111,large
Pure-Transformer-AE,scSMD,DREX_local_scale_quality,12,0.025014,12,0,0.000244,Yes,1.0,large
Pure-Transformer-AE,scSMD,DREX_neighborhood_symmetry,12,-0.085706,0,12,1.0,No,-1.0,large
Pure-Transformer-AE,scSMD,LSEX_overall_quality,12,-0.086974,1,11,0.999756,No,-0.8333,large
Pure-Transformer-AE,scSMD,LSEX_two_hop_connectivity,12,0.04843,12,0,0.000244,Yes,0.9861,large
Pure-Transformer-AE,scSMD,LSEX_radial_concentration,12,-0.34453,1,11,0.999756,No,-0.8333,large
Pure-Transformer-AE,scSMD,LSEX_local_curvature,12,-0.055837,0,12,1.0,No,-0.9861,large
Pure-Transformer-AE,scSMD,LSEX_entropy_stability,12,0.00404,11,1,0.001221,Yes,0.8889,large
Pure-Transformer-AE,scSMD,SecPerEpoch,0,0.0,0,0,,No,-0.0,negligible
Pure-Transformer-AE,scSMD,PeakGPU_MB,0,0.0,0,0,,No,-0.0,negligible
Pure-Transformer-AE,scSMD,NumParams,0,0.0,0,0,,No,-0.0,negligible
Pure-Transformer-AE,scDiffusion,NMI,12,0.471929,12,0,0.000244,Yes,0.8611,large
Pure-Transformer-AE,scDiffusion,ARI,12,0.363742,12,0,0.000244,Yes,0.9444,large
Pure-Transformer-AE,scDiffusion,ASW,12,0.020644,10,2,0.031982,Yes,0.5694,large
Pure-Transformer-AE,scDiffusion,DAV,12,-0.154123,2,10,0.993896,No,-0.6667,large
Pure-Transformer-AE,scDiffusion,CAL,12,-20.293554,4,8,0.968018,No,-0.3472,medium
Pure-Transformer-AE,scDiffusion,COR,12,-0.403228,2,10,0.995361,No,-0.5972,large
Pure-Transformer-AE,scDiffusion,DRE_umap_overall_quality,12,-0.054321,4,8,0.986572,No,-0.4583,medium
Pure-Transformer-AE,scDiffusion,DRE_umap_distance_correlation,12,-0.105656,4,8,0.989502,No,-0.5556,large
Pure-Transformer-AE,scDiffusion,DRE_umap_Q_local,12,0.00061,7,5,0.395508,No,0.0278,negligible
Pure-Transformer-AE,scDiffusion,DRE_umap_Q_global,12,-0.057917,2,10,0.998779,No,-0.6528,large
Pure-Transformer-AE,scDiffusion,DRE_tsne_overall_quality,12,-0.012655,5,7,0.633301,No,-0.0556,negligible
Pure-Transformer-AE,scDiffusion,DRE_tsne_distance_correlation,12,-0.079289,3,9,0.989502,No,-0.5417,large
Pure-Transformer-AE,scDiffusion,DRE_tsne_Q_local,12,0.063869,10,2,0.02124,Yes,0.5556,large
Pure-Transformer-AE,scDiffusion,DRE_tsne_Q_global,12,-0.022544,5,7,0.924316,No,-0.1806,small
Pure-Transformer-AE,scDiffusion,LSE_overall_quality,12,-0.035668,5,7,0.849365,No,-0.0278,negligible
Pure-Transformer-AE,scDiffusion,LSE_core_quality,12,0.038191,10,2,0.031982,Yes,0.4167,medium
Pure-Transformer-AE,scDiffusion,LSE_manifold_dimensionality,12,-0.16325,0,12,1.0,No,-0.9306,large
Pure-Transformer-AE,scDiffusion,LSE_spectral_decay_rate,12,-0.143285,0,12,1.0,No,-0.8611,large
Pure-Transformer-AE,scDiffusion,LSE_participation_ratio,12,0.23787,10,2,0.008057,Yes,0.6806,large
Pure-Transformer-AE,scDiffusion,LSE_anisotropy_score,12,-0.221429,1,11,0.996582,No,-0.7222,large
Pure-Transformer-AE,scDiffusion,LSE_trajectory_directionality,12,-0.201445,0,12,1.0,No,-0.8889,large
Pure-Transformer-AE,scDiffusion,LSE_noise_resilience,12,-0.195392,0,12,1.0,No,-0.9583,large
Pure-Transformer-AE,scDiffusion,DREX_overall_quality,12,-0.054927,2,10,0.997559,No,-0.5833,large
Pure-Transformer-AE,scDiffusion,DREX_trustworthiness,12,-0.020236,6,6,0.661377,No,-0.0833,negligible
Pure-Transformer-AE,scDiffusion,DREX_continuity,12,-0.049335,1,11,0.998291,No,-0.6528,large
Pure-Transformer-AE,scDiffusion,DREX_distance_spearman,12,-0.135017,1,11,0.999756,No,-0.6667,large
Pure-Transformer-AE,scDiffusion,DREX_distance_pearson,12,-0.139824,0,12,1.0,No,-0.7222,large
Pure-Transformer-AE,scDiffusion,DREX_local_scale_quality,12,0.049637,12,0,0.000244,Yes,1.0,large
Pure-Transformer-AE,scDiffusion,DREX_neighborhood_symmetry,12,-0.034785,6,6,0.924316,No,-0.4444,medium
Pure-Transformer-AE,scDiffusion,LSEX_overall_quality,12,-0.042558,0,12,1.0,No,-1.0,large
Pure-Transformer-AE,scDiffusion,LSEX_two_hop_connectivity,12,-0.014242,2,10,0.98291,No,-0.5972,large
Pure-Transformer-AE,scDiffusion,LSEX_radial_concentration,12,-0.166284,0,12,1.0,No,-1.0,large
Pure-Transformer-AE,scDiffusion,LSEX_local_curvature,12,0.011836,11,1,0.008057,Yes,0.7083,large
Pure-Transformer-AE,scDiffusion,LSEX_entropy_stability,12,-0.001542,1,11,0.998291,No,-0.9028,large
Pure-Transformer-AE,scDiffusion,SecPerEpoch,0,0.0,0,0,,No,-0.0,negligible
Pure-Transformer-AE,scDiffusion,PeakGPU_MB,0,0.0,0,0,,No,-0.0,negligible
Pure-Transformer-AE,scDiffusion,NumParams,0,0.0,0,0,,No,-0.0,negligible
Pure-Transformer-AE,CellBLAST,NMI,12,0.450454,12,0,0.000244,Yes,0.8611,large
Pure-Transformer-AE,CellBLAST,ARI,12,0.347876,12,0,0.000244,Yes,0.875,large
Pure-Transformer-AE,CellBLAST,ASW,12,0.090674,12,0,0.000244,Yes,1.0,large
Pure-Transformer-AE,CellBLAST,DAV,12,0.300817,12,0,0.000244,Yes,0.9583,large
Pure-Transformer-AE,CellBLAST,CAL,12,29.380881,12,0,0.000244,Yes,0.9167,large
Pure-Transformer-AE,CellBLAST,COR,12,0.534088,12,0,0.000244,Yes,0.8056,large
Pure-Transformer-AE,CellBLAST,DRE_umap_overall_quality,12,0.111477,12,0,0.000244,Yes,0.9861,large
Pure-Transformer-AE,CellBLAST,DRE_umap_distance_correlation,12,0.140687,12,0,0.000244,Yes,0.8889,large
Pure-Transformer-AE,CellBLAST,DRE_umap_Q_local,12,0.15626,12,0,0.000244,Yes,1.0,large
Pure-Transformer-AE,CellBLAST,DRE_umap_Q_global,12,0.037483,11,1,0.001709,Yes,0.6528,large
Pure-Transformer-AE,CellBLAST,DRE_tsne_overall_quality,12,0.14061,12,0,0.000244,Yes,1.0,large
Pure-Transformer-AE,CellBLAST,DRE_tsne_distance_correlation,12,0.122711,11,1,0.000732,Yes,0.8472,large
Pure-Transformer-AE,CellBLAST,DRE_tsne_Q_local,12,0.224826,12,0,0.000244,Yes,1.0,large
Pure-Transformer-AE,CellBLAST,DRE_tsne_Q_global,12,0.074293,12,0,0.000244,Yes,0.9444,large
Pure-Transformer-AE,CellBLAST,LSE_overall_quality,12,-0.002343,5,7,0.898193,No,-0.2083,small
Pure-Transformer-AE,CellBLAST,LSE_core_quality,12,-0.006059,4,8,0.866943,No,-0.3056,small
Pure-Transformer-AE,CellBLAST,LSE_manifold_dimensionality,12,-0.033531,2,10,0.961426,No,-0.4306,medium
Pure-Transformer-AE,CellBLAST,LSE_spectral_decay_rate,12,0.024413,7,5,0.150635,No,0.0972,negligible
Pure-Transformer-AE,CellBLAST,LSE_participation_ratio,12,-0.004512,5,7,0.688965,No,-0.1111,negligible
Pure-Transformer-AE,CellBLAST,LSE_anisotropy_score,12,0.010608,6,6,0.338623,No,0.0833,negligible
Pure-Transformer-AE,CellBLAST,LSE_trajectory_directionality,12,0.008645,7,5,0.425049,No,-0.0278,negligible
Pure-Transformer-AE,CellBLAST,LSE_noise_resilience,12,0.012821,7,5,0.116699,No,0.1944,small
Pure-Transformer-AE,CellBLAST,DREX_overall_quality,12,0.074761,11,1,0.000732,Yes,0.8056,large
Pure-Transformer-AE,CellBLAST,DREX_trustworthiness,12,0.086929,10,2,0.001221,Yes,0.7778,large
Pure-Transformer-AE,CellBLAST,DREX_continuity,12,0.025914,8,4,0.075684,No,0.3472,medium
Pure-Transformer-AE,CellBLAST,DREX_distance_spearman,12,0.112988,11,1,0.000732,Yes,0.7778,large
Pure-Transformer-AE,CellBLAST,DREX_distance_pearson,12,0.095157,9,3,0.008057,Yes,0.5833,large
Pure-Transformer-AE,CellBLAST,DREX_local_scale_quality,12,0.071156,12,0,0.000244,Yes,1.0,large
Pure-Transformer-AE,CellBLAST,DREX_neighborhood_symmetry,12,0.056422,10,2,0.003418,Yes,0.6528,large
Pure-Transformer-AE,CellBLAST,LSEX_overall_quality,12,-0.036933,0,12,1.0,No,-1.0,large
Pure-Transformer-AE,CellBLAST,LSEX_two_hop_connectivity,12,-0.057076,0,12,1.0,No,-0.9861,large
Pure-Transformer-AE,CellBLAST,LSEX_radial_concentration,12,-0.120272,0,12,1.0,No,-1.0,large
Pure-Transformer-AE,CellBLAST,LSEX_local_curvature,12,0.032161,12,0,0.000244,Yes,1.0,large
Pure-Transformer-AE,CellBLAST,LSEX_entropy_stability,12,-0.002545,0,12,1.0,No,-1.0,large
Pure-Transformer-AE,CellBLAST,SecPerEpoch,0,0.0,0,0,,No,-0.0,negligible
Pure-Transformer-AE,CellBLAST,PeakGPU_MB,0,0.0,0,0,,No,-0.0,negligible
Pure-Transformer-AE,CellBLAST,NumParams,0,0.0,0,0,,No,-0.0,negligible
Pure-Transformer-AE,SCALEX,NMI,12,0.472037,12,0,0.000244,Yes,0.875,large
Pure-Transformer-AE,SCALEX,ARI,12,0.339108,11,1,0.000732,Yes,0.875,large
Pure-Transformer-AE,SCALEX,ASW,12,0.105503,12,0,0.000244,Yes,1.0,large
Pure-Transformer-AE,SCALEX,DAV,12,0.299144,11,1,0.000732,Yes,0.8889,large
Pure-Transformer-AE,SCALEX,CAL,12,35.658928,12,0,0.000244,Yes,1.0,large
Pure-Transformer-AE,SCALEX,COR,12,0.774698,12,0,0.000244,Yes,1.0,large
Pure-Transformer-AE,SCALEX,DRE_umap_overall_quality,12,0.209102,12,0,0.000244,Yes,1.0,large
Pure-Transformer-AE,SCALEX,DRE_umap_distance_correlation,12,0.313522,12,0,0.000244,Yes,1.0,large
Pure-Transformer-AE,SCALEX,DRE_umap_Q_local,12,0.217063,12,0,0.000244,Yes,1.0,large
Pure-Transformer-AE,SCALEX,DRE_umap_Q_global,12,0.096721,12,0,0.000244,Yes,1.0,large
Pure-Transformer-AE,SCALEX,DRE_tsne_overall_quality,12,0.190127,12,0,0.000244,Yes,1.0,large
Pure-Transformer-AE,SCALEX,DRE_tsne_distance_correlation,12,0.185421,12,0,0.000244,Yes,1.0,large
Pure-Transformer-AE,SCALEX,DRE_tsne_Q_local,12,0.272195,12,0,0.000244,Yes,1.0,large
Pure-Transformer-AE,SCALEX,DRE_tsne_Q_global,12,0.112765,12,0,0.000244,Yes,1.0,large
Pure-Transformer-AE,SCALEX,LSE_overall_quality,12,0.008028,4,8,0.830322,No,-0.4167,medium
Pure-Transformer-AE,SCALEX,LSE_core_quality,12,-0.001416,3,9,0.883301,No,-0.5556,large
Pure-Transformer-AE,SCALEX,LSE_manifold_dimensionality,12,0.067599,9,3,0.02124,Yes,0.6111,large
Pure-Transformer-AE,SCALEX,LSE_spectral_decay_rate,12,0.066244,11,1,0.000488,Yes,0.9861,large
Pure-Transformer-AE,SCALEX,LSE_participation_ratio,12,-0.086719,2,10,0.935303,No,-0.6667,large
Pure-Transformer-AE,SCALEX,LSE_anisotropy_score,12,0.052789,10,2,0.064697,No,0.6528,large
Pure-Transformer-AE,SCALEX,LSE_trajectory_directionality,12,0.091937,11,1,0.000488,Yes,0.9722,large
Pure-Transformer-AE,SCALEX,LSE_noise_resilience,12,0.035877,12,0,0.000244,Yes,0.9861,large
Pure-Transformer-AE,SCALEX,DREX_overall_quality,12,0.159233,12,0,0.000244,Yes,1.0,large
Pure-Transformer-AE,SCALEX,DREX_trustworthiness,12,0.138334,12,0,0.000244,Yes,0.9722,large
Pure-Transformer-AE,SCALEX,DREX_continuity,12,0.065089,10,2,0.003418,Yes,0.6944,large
Pure-Transformer-AE,SCALEX,DREX_distance_spearman,12,0.287007,12,0,0.000244,Yes,1.0,large
Pure-Transformer-AE,SCALEX,DREX_distance_pearson,12,0.28719,12,0,0.000244,Yes,1.0,large
Pure-Transformer-AE,SCALEX,DREX_local_scale_quality,12,0.076067,12,0,0.000244,Yes,1.0,large
Pure-Transformer-AE,SCALEX,DREX_neighborhood_symmetry,12,0.101712,11,1,0.000488,Yes,0.9444,large
Pure-Transformer-AE,SCALEX,LSEX_overall_quality,12,-0.048971,0,12,1.0,No,-1.0,large
Pure-Transformer-AE,SCALEX,LSEX_two_hop_connectivity,12,-0.057842,0,12,1.0,No,-1.0,large
Pure-Transformer-AE,SCALEX,LSEX_radial_concentration,12,-0.168062,0,12,1.0,No,-1.0,large
Pure-Transformer-AE,SCALEX,LSEX_local_curvature,12,0.032582,12,0,0.000244,Yes,1.0,large
Pure-Transformer-AE,SCALEX,LSEX_entropy_stability,12,-0.002564,0,12,1.0,No,-1.0,large
Pure-Transformer-AE,SCALEX,SecPerEpoch,0,0.0,0,0,,No,-0.0,negligible
Pure-Transformer-AE,SCALEX,PeakGPU_MB,0,0.0,0,0,,No,-0.0,negligible
Pure-Transformer-AE,SCALEX,NumParams,0,0.0,0,0,,No,-0.0,negligible
Pure-Transformer-AE,GMVAE,NMI,12,0.477973,12,0,0.000244,Yes,0.8889,large
Pure-Transformer-AE,GMVAE,ARI,12,0.366149,12,0,0.000244,Yes,0.9306,large
Pure-Transformer-AE,GMVAE,ASW,12,0.130171,12,0,0.000244,Yes,1.0,large
Pure-Transformer-AE,GMVAE,DAV,12,1.109026,12,0,0.000244,Yes,1.0,large
Pure-Transformer-AE,GMVAE,CAL,12,47.617947,12,0,0.000244,Yes,1.0,large
Pure-Transformer-AE,GMVAE,COR,12,0.797817,12,0,0.000244,Yes,1.0,large
Pure-Transformer-AE,GMVAE,DRE_umap_overall_quality,12,0.30067,12,0,0.000244,Yes,1.0,large
Pure-Transformer-AE,GMVAE,DRE_umap_distance_correlation,12,0.446817,12,0,0.000244,Yes,1.0,large
Pure-Transformer-AE,GMVAE,DRE_umap_Q_local,12,0.300399,12,0,0.000244,Yes,1.0,large
Pure-Transformer-AE,GMVAE,DRE_umap_Q_global,12,0.154794,12,0,0.000244,Yes,1.0,large
Pure-Transformer-AE,GMVAE,DRE_tsne_overall_quality,12,0.278244,12,0,0.000244,Yes,1.0,large
Pure-Transformer-AE,GMVAE,DRE_tsne_distance_correlation,12,0.335027,12,0,0.000244,Yes,1.0,large
Pure-Transformer-AE,GMVAE,DRE_tsne_Q_local,12,0.331934,12,0,0.000244,Yes,1.0,large
Pure-Transformer-AE,GMVAE,DRE_tsne_Q_global,12,0.167772,12,0,0.000244,Yes,1.0,large
Pure-Transformer-AE,GMVAE,LSE_overall_quality,12,0.026758,5,7,0.688965,No,-0.125,negligible
Pure-Transformer-AE,GMVAE,LSE_core_quality,12,0.008563,2,10,0.898193,No,-0.5694,large
Pure-Transformer-AE,GMVAE,LSE_manifold_dimensionality,12,0.14921,10,2,0.001221,Yes,0.9028,large
Pure-Transformer-AE,GMVAE,LSE_spectral_decay_rate,12,0.119197,12,0,0.000244,Yes,1.0,large
Pure-Transformer-AE,GMVAE,LSE_participation_ratio,12,-0.144841,2,10,0.935303,No,-0.6667,large
Pure-Transformer-AE,GMVAE,LSE_anisotropy_score,12,0.089314,10,2,0.064697,No,0.6667,large
Pure-Transformer-AE,GMVAE,LSE_trajectory_directionality,12,0.190843,12,0,0.000244,Yes,1.0,large
Pure-Transformer-AE,GMVAE,LSE_noise_resilience,12,0.066067,12,0,0.000244,Yes,1.0,large
Pure-Transformer-AE,GMVAE,DREX_overall_quality,12,0.244936,12,0,0.000244,Yes,1.0,large
Pure-Transformer-AE,GMVAE,DREX_trustworthiness,12,0.204756,12,0,0.000244,Yes,1.0,large
Pure-Transformer-AE,GMVAE,DREX_continuity,12,0.153609,12,0,0.000244,Yes,1.0,large
Pure-Transformer-AE,GMVAE,DREX_distance_spearman,12,0.421204,12,0,0.000244,Yes,1.0,large
Pure-Transformer-AE,GMVAE,DREX_distance_pearson,12,0.414914,12,0,0.000244,Yes,1.0,large
Pure-Transformer-AE,GMVAE,DREX_local_scale_quality,12,0.095951,12,0,0.000244,Yes,1.0,large
Pure-Transformer-AE,GMVAE,DREX_neighborhood_symmetry,12,0.179182,12,0,0.000244,Yes,1.0,large
Pure-Transformer-AE,GMVAE,LSEX_overall_quality,12,-0.022897,0,12,1.0,No,-1.0,large
Pure-Transformer-AE,GMVAE,LSEX_two_hop_connectivity,12,-0.114248,0,12,1.0,No,-1.0,large
Pure-Transformer-AE,GMVAE,LSEX_radial_concentration,12,-0.027596,1,11,0.999512,No,-0.7778,large
Pure-Transformer-AE,GMVAE,LSEX_local_curvature,12,0.053586,12,0,0.000244,Yes,1.0,large
Pure-Transformer-AE,GMVAE,LSEX_entropy_stability,12,-0.00333,0,12,1.0,No,-1.0,large
Pure-Transformer-AE,GMVAE,SecPerEpoch,0,0.0,0,0,,No,-0.0,negligible
Pure-Transformer-AE,GMVAE,PeakGPU_MB,0,0.0,0,0,,No,-0.0,negligible
Pure-Transformer-AE,GMVAE,NumParams,0,0.0,0,0,,No,-0.0,negligible
Pure-Contrastive-AE,scDHMap,NMI,12,0.038704,11,1,0.000488,Yes,0.3333,medium
Pure-Contrastive-AE,scDHMap,ARI,12,0.07041,11,1,0.000488,Yes,0.3333,medium
Pure-Contrastive-AE,scDHMap,ASW,12,-0.143022,0,12,1.0,No,-0.9722,large
Pure-Contrastive-AE,scDHMap,DAV,12,-0.494535,0,12,1.0,No,-0.9861,large
Pure-Contrastive-AE,scDHMap,CAL,12,-238.049837,0,12,1.0,No,-0.9861,large
Pure-Contrastive-AE,scDHMap,COR,12,-2.13012,0,12,1.0,No,-1.0,large
Pure-Contrastive-AE,scDHMap,DRE_umap_overall_quality,12,-0.151297,0,12,1.0,No,-0.9722,large
Pure-Contrastive-AE,scDHMap,DRE_umap_distance_correlation,12,-0.203572,1,11,0.999756,No,-0.9167,large
Pure-Contrastive-AE,scDHMap,DRE_umap_Q_local,12,-0.16298,0,12,1.0,No,-0.9444,large
Pure-Contrastive-AE,scDHMap,DRE_umap_Q_global,12,-0.08734,0,12,1.0,No,-0.9583,large
Pure-Contrastive-AE,scDHMap,DRE_tsne_overall_quality,12,-0.150476,0,12,1.0,No,-0.9583,large
Pure-Contrastive-AE,scDHMap,DRE_tsne_distance_correlation,12,-0.206541,0,12,1.0,No,-0.9444,large
Pure-Contrastive-AE,scDHMap,DRE_tsne_Q_local,12,-0.160452,0,12,1.0,No,-0.9583,large
Pure-Contrastive-AE,scDHMap,DRE_tsne_Q_global,12,-0.084436,0,12,1.0,No,-0.9306,large
Pure-Contrastive-AE,scDHMap,LSE_overall_quality,12,-0.104669,3,9,0.993896,No,-0.6944,large
Pure-Contrastive-AE,scDHMap,LSE_core_quality,12,0.011071,10,2,0.116699,No,0.5278,large
Pure-Contrastive-AE,scDHMap,LSE_manifold_dimensionality,12,-0.311158,0,12,1.0,No,-1.0,large
Pure-Contrastive-AE,scDHMap,LSE_spectral_decay_rate,12,-0.278456,0,12,1.0,No,-1.0,large
Pure-Contrastive-AE,scDHMap,LSE_participation_ratio,12,0.245634,10,2,0.004639,Yes,0.7083,large
Pure-Contrastive-AE,scDHMap,LSE_anisotropy_score,12,-0.388265,2,10,0.991943,No,-0.7083,large
Pure-Contrastive-AE,scDHMap,LSE_trajectory_directionality,12,-0.173489,0,12,1.0,No,-0.875,large
Pure-Contrastive-AE,scDHMap,LSE_noise_resilience,12,-0.412291,0,12,1.0,No,-0.9722,large
Pure-Contrastive-AE,scDHMap,DREX_overall_quality,12,-0.11032,0,12,1.0,No,-1.0,large
Pure-Contrastive-AE,scDHMap,DREX_trustworthiness,12,-0.093944,0,12,1.0,No,-1.0,large
Pure-Contrastive-AE,scDHMap,DREX_continuity,12,-0.092248,0,12,1.0,No,-1.0,large
Pure-Contrastive-AE,scDHMap,DREX_distance_spearman,12,-0.186453,0,12,1.0,No,-0.9583,large
Pure-Contrastive-AE,scDHMap,DREX_distance_pearson,12,-0.177432,0,12,1.0,No,-0.9444,large
Pure-Contrastive-AE,scDHMap,DREX_local_scale_quality,12,-0.018747,1,11,0.999756,No,-0.8333,large
Pure-Contrastive-AE,scDHMap,DREX_neighborhood_symmetry,12,-0.093096,0,12,1.0,No,-1.0,large
Pure-Contrastive-AE,scDHMap,LSEX_overall_quality,12,0.013061,10,2,0.004639,Yes,0.7361,large
Pure-Contrastive-AE,scDHMap,LSEX_two_hop_connectivity,12,0.037904,12,0,0.000244,Yes,0.9722,large
Pure-Contrastive-AE,scDHMap,LSEX_radial_concentration,12,0.03796,10,2,0.008057,Yes,0.6806,large
Pure-Contrastive-AE,scDHMap,LSEX_local_curvature,12,-0.031215,1,11,0.999756,No,-0.75,large
Pure-Contrastive-AE,scDHMap,LSEX_entropy_stability,12,0.007596,12,0,0.000244,Yes,0.9861,large
Pure-Contrastive-AE,scDHMap,SecPerEpoch,0,0.0,0,0,,No,-0.0,negligible
Pure-Contrastive-AE,scDHMap,PeakGPU_MB,0,0.0,0,0,,No,-0.0,negligible
Pure-Contrastive-AE,scDHMap,NumParams,0,0.0,0,0,,No,-0.0,negligible
Pure-Contrastive-AE,CLEAR,NMI,12,0.000963,6,6,0.545166,No,0.0139,negligible
Pure-Contrastive-AE,CLEAR,ARI,12,0.034187,9,3,0.013428,Yes,0.1389,negligible
Pure-Contrastive-AE,CLEAR,ASW,12,0.125901,12,0,0.000244,Yes,1.0,large
Pure-Contrastive-AE,CLEAR,DAV,12,1.543534,12,0,0.000244,Yes,1.0,large
Pure-Contrastive-AE,CLEAR,CAL,12,62.386099,12,0,0.000244,Yes,1.0,large
Pure-Contrastive-AE,CLEAR,COR,12,-11.159282,0,12,1.0,No,-1.0,large
Pure-Contrastive-AE,CLEAR,DRE_umap_overall_quality,12,0.09927,12,0,0.000244,Yes,0.8333,large
Pure-Contrastive-AE,CLEAR,DRE_umap_distance_correlation,12,0.151566,11,1,0.000732,Yes,0.7778,large
Pure-Contrastive-AE,CLEAR,DRE_umap_Q_local,12,0.084063,12,0,0.000244,Yes,0.625,large
Pure-Contrastive-AE,CLEAR,DRE_umap_Q_global,12,0.062183,12,0,0.000244,Yes,0.8611,large
Pure-Contrastive-AE,CLEAR,DRE_tsne_overall_quality,12,0.098437,12,0,0.000244,Yes,0.8472,large
Pure-Contrastive-AE,CLEAR,DRE_tsne_distance_correlation,12,0.13996,11,1,0.000488,Yes,0.7778,large
Pure-Contrastive-AE,CLEAR,DRE_tsne_Q_local,12,0.090587,12,0,0.000244,Yes,0.5833,large
Pure-Contrastive-AE,CLEAR,DRE_tsne_Q_global,12,0.064764,12,0,0.000244,Yes,0.875,large
Pure-Contrastive-AE,CLEAR,LSE_overall_quality,12,0.088603,12,0,0.000244,Yes,0.8611,large
Pure-Contrastive-AE,CLEAR,LSE_core_quality,12,0.070459,11,1,0.006104,Yes,0.8333,large
Pure-Contrastive-AE,CLEAR,LSE_manifold_dimensionality,12,-0.084647,2,10,0.989502,No,-0.5556,large
Pure-Contrastive-AE,CLEAR,LSE_spectral_decay_rate,12,0.128151,12,0,0.000244,Yes,1.0,large
Pure-Contrastive-AE,CLEAR,LSE_participation_ratio,12,0.191004,10,2,0.013428,Yes,0.6389,large
Pure-Contrastive-AE,CLEAR,LSE_anisotropy_score,12,-0.047327,2,10,0.991943,No,-0.5417,large
Pure-Contrastive-AE,CLEAR,LSE_trajectory_directionality,12,0.232357,12,0,0.000244,Yes,1.0,large
Pure-Contrastive-AE,CLEAR,LSE_noise_resilience,12,0.087452,12,0,0.000244,Yes,1.0,large
Pure-Contrastive-AE,CLEAR,DREX_overall_quality,12,0.058565,12,0,0.000244,Yes,0.8056,large
Pure-Contrastive-AE,CLEAR,DREX_trustworthiness,12,-0.017777,1,11,0.998779,No,-0.2639,small
Pure-Contrastive-AE,CLEAR,DREX_continuity,12,-0.032287,1,11,0.999268,No,-0.4444,medium
Pure-Contrastive-AE,CLEAR,DREX_distance_spearman,12,0.171103,12,0,0.000244,Yes,0.9444,large
Pure-Contrastive-AE,CLEAR,DREX_distance_pearson,12,0.153313,12,0,0.000244,Yes,0.9861,large
Pure-Contrastive-AE,CLEAR,DREX_local_scale_quality,12,0.102072,12,0,0.000244,Yes,1.0,large
Pure-Contrastive-AE,CLEAR,DREX_neighborhood_symmetry,12,-0.025032,1,11,0.999756,No,-0.3194,small
Pure-Contrastive-AE,CLEAR,LSEX_overall_quality,12,0.044729,12,0,0.000244,Yes,1.0,large
Pure-Contrastive-AE,CLEAR,LSEX_two_hop_connectivity,12,-0.050395,0,12,1.0,No,-0.8889,large
Pure-Contrastive-AE,CLEAR,LSEX_radial_concentration,12,0.191807,12,0,0.000244,Yes,1.0,large
Pure-Contrastive-AE,CLEAR,LSEX_local_curvature,12,0.040084,12,0,0.000244,Yes,1.0,large
Pure-Contrastive-AE,CLEAR,LSEX_entropy_stability,12,-0.002582,0,12,1.0,No,-0.8611,large
Pure-Contrastive-AE,CLEAR,SecPerEpoch,0,0.0,0,0,,No,-0.0,negligible
Pure-Contrastive-AE,CLEAR,PeakGPU_MB,0,0.0,0,0,,No,-0.0,negligible
Pure-Contrastive-AE,CLEAR,NumParams,0,0.0,0,0,,No,-0.0,negligible
Pure-Contrastive-AE,scDAC,NMI,12,0.192839,11,1,0.002441,Yes,0.8333,large
Pure-Contrastive-AE,scDAC,ARI,12,0.185191,10,2,0.006104,Yes,0.7083,large
Pure-Contrastive-AE,scDAC,ASW,12,-0.336373,0,12,1.0,No,-1.0,large
Pure-Contrastive-AE,scDAC,DAV,12,-0.967242,0,12,1.0,No,-1.0,large
Pure-Contrastive-AE,scDAC,CAL,12,-31966.80839,0,12,1.0,No,-1.0,large
Pure-Contrastive-AE,scDAC,COR,12,-5.64567,0,12,1.0,No,-1.0,large
Pure-Contrastive-AE,scDAC,DRE_umap_overall_quality,12,-0.155978,0,12,1.0,No,-1.0,large
Pure-Contrastive-AE,scDAC,DRE_umap_distance_correlation,12,-0.15575,2,10,0.997559,No,-0.7639,large
Pure-Contrastive-AE,scDAC,DRE_umap_Q_local,12,-0.21378,0,12,1.0,No,-1.0,large
Pure-Contrastive-AE,scDAC,DRE_umap_Q_global,12,-0.098405,0,12,1.0,No,-0.9861,large
Pure-Contrastive-AE,scDAC,DRE_tsne_overall_quality,12,-0.187919,0,12,1.0,No,-1.0,large
Pure-Contrastive-AE,scDAC,DRE_tsne_distance_correlation,12,-0.205263,1,11,0.999756,No,-0.875,large
Pure-Contrastive-AE,scDAC,DRE_tsne_Q_local,12,-0.219588,0,12,1.0,No,-1.0,large
Pure-Contrastive-AE,scDAC,DRE_tsne_Q_global,12,-0.138907,0,12,1.0,No,-1.0,large
Pure-Contrastive-AE,scDAC,LSE_overall_quality,12,-0.29048,0,12,1.0,No,-1.0,large
Pure-Contrastive-AE,scDAC,LSE_core_quality,12,-0.078262,2,10,0.98291,No,-0.3889,medium
Pure-Contrastive-AE,scDAC,LSE_manifold_dimensionality,12,-0.348377,0,12,1.0,No,-1.0,large
Pure-Contrastive-AE,scDAC,LSE_spectral_decay_rate,12,-0.262743,0,12,1.0,No,-1.0,large
Pure-Contrastive-AE,scDAC,LSE_participation_ratio,12,-0.037131,5,7,0.740723,No,-0.0556,negligible
Pure-Contrastive-AE,scDAC,LSE_anisotropy_score,12,-0.335201,3,9,0.991943,No,-0.625,large
Pure-Contrastive-AE,scDAC,LSE_trajectory_directionality,12,-0.442462,0,12,1.0,No,-1.0,large
Pure-Contrastive-AE,scDAC,LSE_noise_resilience,12,-0.773649,0,12,1.0,No,-1.0,large
Pure-Contrastive-AE,scDAC,DREX_overall_quality,12,-0.022892,3,9,0.924316,No,-0.2222,small
Pure-Contrastive-AE,scDAC,DREX_trustworthiness,12,-0.089887,0,12,1.0,No,-1.0,large
Pure-Contrastive-AE,scDAC,DREX_continuity,12,-0.100259,0,12,1.0,No,-1.0,large
Pure-Contrastive-AE,scDAC,DREX_distance_spearman,12,-0.138277,2,10,0.996582,No,-0.7778,large
Pure-Contrastive-AE,scDAC,DREX_distance_pearson,12,0.29676,11,1,0.002441,Yes,0.7083,large
Pure-Contrastive-AE,scDAC,DREX_local_scale_quality,12,-0.010618,2,10,0.989502,No,-0.5833,large
Pure-Contrastive-AE,scDAC,DREX_neighborhood_symmetry,12,-0.095073,0,12,1.0,No,-1.0,large
Pure-Contrastive-AE,scDAC,LSEX_overall_quality,12,0.073435,10,2,0.010498,Yes,0.6667,large
Pure-Contrastive-AE,scDAC,LSEX_two_hop_connectivity,12,0.059465,12,0,0.000244,Yes,1.0,large
Pure-Contrastive-AE,scDAC,LSEX_radial_concentration,12,0.344469,10,2,0.004639,Yes,0.6667,large
Pure-Contrastive-AE,scDAC,LSEX_local_curvature,12,-0.121253,0,12,1.0,No,-1.0,large
Pure-Contrastive-AE,scDAC,LSEX_entropy_stability,12,0.011061,12,0,0.000244,Yes,1.0,large
Pure-Contrastive-AE,scDAC,SecPerEpoch,0,0.0,0,0,,No,-0.0,negligible
Pure-Contrastive-AE,scDAC,PeakGPU_MB,0,0.0,0,0,,No,-0.0,negligible
Pure-Contrastive-AE,scDAC,NumParams,0,0.0,0,0,,No,-0.0,negligible
Pure-Contrastive-AE,scDeepCluster,NMI,12,0.179572,12,0,0.000244,Yes,0.8472,large
Pure-Contrastive-AE,scDeepCluster,ARI,12,0.203149,11,1,0.000488,Yes,0.75,large
Pure-Contrastive-AE,scDeepCluster,ASW,12,0.01476,8,4,0.064697,No,0.2083,small
Pure-Contrastive-AE,scDeepCluster,DAV,12,0.026612,4,8,0.425049,No,0.0556,negligible
Pure-Contrastive-AE,scDeepCluster,CAL,12,-35.192045,4,8,0.98291,No,-0.4722,medium
Pure-Contrastive-AE,scDeepCluster,COR,12,-1.484784,1,11,0.999756,No,-0.9583,large
Pure-Contrastive-AE,scDeepCluster,DRE_umap_overall_quality,12,-0.093983,2,10,0.999268,No,-0.8194,large
Pure-Contrastive-AE,scDeepCluster,DRE_umap_distance_correlation,12,-0.200087,0,12,1.0,No,-0.9306,large
Pure-Contrastive-AE,scDeepCluster,DRE_umap_Q_local,12,-0.006267,6,6,0.574951,No,-0.0972,negligible
Pure-Contrastive-AE,scDeepCluster,DRE_umap_Q_global,12,-0.075595,0,12,1.0,No,-0.9167,large
Pure-Contrastive-AE,scDeepCluster,DRE_tsne_overall_quality,12,-0.085244,2,10,0.999268,No,-0.7917,large
Pure-Contrastive-AE,scDeepCluster,DRE_tsne_distance_correlation,12,-0.19965,0,12,1.0,No,-0.9444,large
Pure-Contrastive-AE,scDeepCluster,DRE_tsne_Q_local,12,0.00123,7,5,0.366699,No,0.0556,negligible
Pure-Contrastive-AE,scDeepCluster,DRE_tsne_Q_global,12,-0.057313,2,10,0.998779,No,-0.75,large
Pure-Contrastive-AE,scDeepCluster,LSE_overall_quality,12,-0.01869,6,6,0.688965,No,0.0139,negligible
Pure-Contrastive-AE,scDeepCluster,LSE_core_quality,12,0.04761,10,2,0.02124,Yes,0.6389,large
Pure-Contrastive-AE,scDeepCluster,LSE_manifold_dimensionality,12,-0.117246,1,11,0.998291,No,-0.7222,large
Pure-Contrastive-AE,scDeepCluster,LSE_spectral_decay_rate,12,-0.163703,0,12,1.0,No,-1.0,large
Pure-Contrastive-AE,scDeepCluster,LSE_participation_ratio,12,0.266268,10,2,0.003418,Yes,0.7639,large
Pure-Contrastive-AE,scDeepCluster,LSE_anisotropy_score,12,-0.205119,2,10,0.98291,No,-0.6806,large
Pure-Contrastive-AE,scDeepCluster,LSE_trajectory_directionality,12,-0.298486,0,12,1.0,No,-1.0,large
Pure-Contrastive-AE,scDeepCluster,LSE_noise_resilience,12,-0.168914,1,11,0.999756,No,-0.9444,large
Pure-Contrastive-AE,scDeepCluster,DREX_overall_quality,12,-0.089778,0,12,1.0,No,-1.0,large
Pure-Contrastive-AE,scDeepCluster,DREX_trustworthiness,12,-0.051606,1,11,0.999756,No,-0.7778,large
Pure-Contrastive-AE,scDeepCluster,DREX_continuity,12,-0.069833,0,12,1.0,No,-0.9583,large
Pure-Contrastive-AE,scDeepCluster,DREX_distance_spearman,12,-0.182922,0,12,1.0,No,-1.0,large
Pure-Contrastive-AE,scDeepCluster,DREX_distance_pearson,12,-0.200499,0,12,1.0,No,-1.0,large
Pure-Contrastive-AE,scDeepCluster,DREX_local_scale_quality,12,0.026911,12,0,0.000244,Yes,1.0,large
Pure-Contrastive-AE,scDeepCluster,DREX_neighborhood_symmetry,12,-0.06072,1,11,0.999756,No,-0.8889,large
Pure-Contrastive-AE,scDeepCluster,LSEX_overall_quality,12,-0.005399,5,7,0.866943,No,-0.1528,small
Pure-Contrastive-AE,scDeepCluster,LSEX_two_hop_connectivity,12,-0.010341,1,11,0.997559,No,-0.5417,large
Pure-Contrastive-AE,scDeepCluster,LSEX_radial_concentration,12,-0.017572,6,6,0.788086,No,-0.0972,negligible
Pure-Contrastive-AE,scDeepCluster,LSEX_local_curvature,12,0.006387,9,3,0.031982,Yes,0.4583,medium
Pure-Contrastive-AE,scDeepCluster,LSEX_entropy_stability,12,-6.8e-05,8,4,0.311035,No,0.0972,negligible
Pure-Contrastive-AE,scDeepCluster,SecPerEpoch,0,0.0,0,0,,No,-0.0,negligible
Pure-Contrastive-AE,scDeepCluster,PeakGPU_MB,0,0.0,0,0,,No,-0.0,negligible
Pure-Contrastive-AE,scDeepCluster,NumParams,0,0.0,0,0,,No,-0.0,negligible
Pure-Contrastive-AE,scGNN,NMI,12,0.276474,12,0,0.000244,Yes,0.8472,large
Pure-Contrastive-AE,scGNN,ARI,12,0.284405,11,1,0.000488,Yes,0.8333,large
Pure-Contrastive-AE,scGNN,ASW,12,-0.107994,0,12,1.0,No,-0.8472,large
Pure-Contrastive-AE,scGNN,DAV,12,-0.381339,0,12,1.0,No,-0.875,large
Pure-Contrastive-AE,scGNN,CAL,12,-108.361346,0,12,1.0,No,-0.9306,large
Pure-Contrastive-AE,scGNN,COR,12,-1.828107,0,12,1.0,No,-0.9583,large
Pure-Contrastive-AE,scGNN,DRE_umap_overall_quality,12,-0.100318,0,12,1.0,No,-0.7778,large
Pure-Contrastive-AE,scGNN,DRE_umap_distance_correlation,12,-0.175367,1,11,0.999756,No,-0.7778,large
Pure-Contrastive-AE,scGNN,DRE_umap_Q_local,12,-0.075509,2,10,0.999268,No,-0.5417,large
Pure-Contrastive-AE,scGNN,DRE_umap_Q_global,12,-0.050076,3,9,0.995361,No,-0.5139,large
Pure-Contrastive-AE,scGNN,DRE_tsne_overall_quality,12,-0.112424,0,12,1.0,No,-0.8194,large
Pure-Contrastive-AE,scGNN,DRE_tsne_distance_correlation,12,-0.184501,0,12,1.0,No,-0.8611,large
Pure-Contrastive-AE,scGNN,DRE_tsne_Q_local,12,-0.097913,1,11,0.999756,No,-0.75,large
Pure-Contrastive-AE,scGNN,DRE_tsne_Q_global,12,-0.054857,2,10,0.998291,No,-0.6528,large
Pure-Contrastive-AE,scGNN,LSE_overall_quality,12,-0.074092,6,6,0.924316,No,-0.0833,negligible
Pure-Contrastive-AE,scGNN,LSE_core_quality,12,0.01775,10,2,0.101807,No,0.4028,medium
Pure-Contrastive-AE,scGNN,LSE_manifold_dimensionality,12,-0.144106,0,12,1.0,No,-0.7917,large
Pure-Contrastive-AE,scGNN,LSE_spectral_decay_rate,12,-0.22979,0,12,1.0,No,-0.9722,large
Pure-Contrastive-AE,scGNN,LSE_participation_ratio,12,0.13904,9,3,0.01709,Yes,0.5417,large
Pure-Contrastive-AE,scGNN,LSE_anisotropy_score,12,-0.305856,1,11,0.991943,No,-0.7639,large
Pure-Contrastive-AE,scGNN,LSE_trajectory_directionality,12,-0.164255,0,12,1.0,No,-0.8194,large
Pure-Contrastive-AE,scGNN,LSE_noise_resilience,12,-0.293214,0,12,1.0,No,-0.875,large
Pure-Contrastive-AE,scGNN,DREX_overall_quality,12,-0.07753,1,11,0.999756,No,-0.8056,large
Pure-Contrastive-AE,scGNN,DREX_trustworthiness,12,-0.079282,0,12,1.0,No,-0.9583,large
Pure-Contrastive-AE,scGNN,DREX_continuity,12,-0.080659,0,12,1.0,No,-0.9861,large
Pure-Contrastive-AE,scGNN,DREX_distance_spearman,12,-0.158048,2,10,0.998291,No,-0.7361,large
Pure-Contrastive-AE,scGNN,DREX_distance_pearson,12,-0.130555,2,10,0.993896,No,-0.6389,large
Pure-Contrastive-AE,scGNN,DREX_local_scale_quality,12,0.063333,10,2,0.001221,Yes,0.6806,large
Pure-Contrastive-AE,scGNN,DREX_neighborhood_symmetry,12,-0.079971,0,12,1.0,No,-0.9583,large
Pure-Contrastive-AE,scGNN,LSEX_overall_quality,12,-0.00541,5,7,0.849365,No,-0.2222,small
Pure-Contrastive-AE,scGNN,LSEX_two_hop_connectivity,12,0.02612,12,0,0.000244,Yes,0.8056,large
Pure-Contrastive-AE,scGNN,LSEX_radial_concentration,12,-0.034463,5,7,0.935303,No,-0.3194,small
Pure-Contrastive-AE,scGNN,LSEX_local_curvature,12,-0.026679,0,12,1.0,No,-0.7778,large
Pure-Contrastive-AE,scGNN,LSEX_entropy_stability,12,0.013382,12,0,0.000244,Yes,0.9306,large
Pure-Contrastive-AE,scGNN,SecPerEpoch,0,0.0,0,0,,No,-0.0,negligible
Pure-Contrastive-AE,scGNN,PeakGPU_MB,0,0.0,0,0,,No,-0.0,negligible
Pure-Contrastive-AE,scGNN,NumParams,0,0.0,0,0,,No,-0.0,negligible
Pure-Contrastive-AE,siVAE,NMI,12,0.350969,12,0,0.000244,Yes,0.8472,large
Pure-Contrastive-AE,siVAE,ARI,12,0.318554,12,0,0.000244,Yes,0.8472,large
Pure-Contrastive-AE,siVAE,ASW,12,-0.090662,1,11,0.999756,No,-0.7639,large
Pure-Contrastive-AE,siVAE,DAV,12,-0.402677,1,11,0.999756,No,-0.8472,large
Pure-Contrastive-AE,siVAE,CAL,12,-765.221684,0,12,1.0,No,-0.9583,large
Pure-Contrastive-AE,siVAE,COR,12,-3.064347,0,12,1.0,No,-0.9444,large
Pure-Contrastive-AE,siVAE,DRE_umap_overall_quality,12,-0.175427,0,12,1.0,No,-0.9583,large
Pure-Contrastive-AE,siVAE,DRE_umap_distance_correlation,12,-0.268138,0,12,1.0,No,-0.9722,large
Pure-Contrastive-AE,siVAE,DRE_umap_Q_local,12,-0.127069,0,12,1.0,No,-0.8333,large
Pure-Contrastive-AE,siVAE,DRE_umap_Q_global,12,-0.131074,0,12,1.0,No,-0.9861,large
Pure-Contrastive-AE,siVAE,DRE_tsne_overall_quality,12,-0.172843,0,12,1.0,No,-0.9583,large
Pure-Contrastive-AE,siVAE,DRE_tsne_distance_correlation,12,-0.269059,0,12,1.0,No,-0.9722,large
Pure-Contrastive-AE,siVAE,DRE_tsne_Q_local,12,-0.122051,0,12,1.0,No,-0.8194,large
Pure-Contrastive-AE,siVAE,DRE_tsne_Q_global,12,-0.127418,0,12,1.0,No,-0.9722,large
Pure-Contrastive-AE,siVAE,LSE_overall_quality,12,-0.241893,1,11,0.999756,No,-0.8472,large
Pure-Contrastive-AE,siVAE,LSE_core_quality,12,-0.01017,10,2,0.116699,No,0.4722,medium
Pure-Contrastive-AE,siVAE,LSE_manifold_dimensionality,12,-0.363083,1,11,0.999756,No,-0.9306,large
Pure-Contrastive-AE,siVAE,LSE_spectral_decay_rate,12,-0.289223,0,12,1.0,No,-0.9583,large
Pure-Contrastive-AE,siVAE,LSE_participation_ratio,12,0.3005,10,2,0.010498,Yes,0.625,large
Pure-Contrastive-AE,siVAE,LSE_anisotropy_score,12,-0.311128,2,10,0.993896,No,-0.7778,large
Pure-Contrastive-AE,siVAE,LSE_trajectory_directionality,12,-0.538644,1,11,0.999756,No,-0.9167,large
Pure-Contrastive-AE,siVAE,LSE_noise_resilience,12,-0.776995,0,12,1.0,No,-0.9444,large
Pure-Contrastive-AE,siVAE,DREX_overall_quality,12,-0.123312,0,12,1.0,No,-1.0,large
Pure-Contrastive-AE,siVAE,DREX_trustworthiness,12,-0.082459,0,12,1.0,No,-0.9583,large
Pure-Contrastive-AE,siVAE,DREX_continuity,12,-0.092287,0,12,1.0,No,-1.0,large
Pure-Contrastive-AE,siVAE,DREX_distance_spearman,12,-0.251439,0,12,1.0,No,-1.0,large
Pure-Contrastive-AE,siVAE,DREX_distance_pearson,12,-0.228271,0,12,1.0,No,-1.0,large
Pure-Contrastive-AE,siVAE,DREX_local_scale_quality,12,0.001954,7,5,0.366699,No,0.1389,negligible
Pure-Contrastive-AE,siVAE,DREX_neighborhood_symmetry,12,-0.087373,0,12,1.0,No,-0.9861,large
Pure-Contrastive-AE,siVAE,LSEX_overall_quality,12,-0.050268,1,11,0.999756,No,-0.9028,large
Pure-Contrastive-AE,siVAE,LSEX_two_hop_connectivity,12,0.02779,12,0,0.000244,Yes,0.7361,large
Pure-Contrastive-AE,siVAE,LSEX_radial_concentration,12,-0.203216,0,12,1.0,No,-0.9028,large
Pure-Contrastive-AE,siVAE,LSEX_local_curvature,12,-0.028447,1,11,0.999512,No,-0.6667,large
Pure-Contrastive-AE,siVAE,LSEX_entropy_stability,12,0.002802,11,1,0.001709,Yes,0.5833,large
Pure-Contrastive-AE,siVAE,SecPerEpoch,0,0.0,0,0,,No,-0.0,negligible
Pure-Contrastive-AE,siVAE,PeakGPU_MB,0,0.0,0,0,,No,-0.0,negligible
Pure-Contrastive-AE,siVAE,NumParams,0,0.0,0,0,,No,-0.0,negligible
Pure-Contrastive-AE,scSMD,NMI,12,0.417141,12,0,0.000244,Yes,0.8611,large
Pure-Contrastive-AE,scSMD,ARI,12,0.34663,11,1,0.000488,Yes,0.8333,large
Pure-Contrastive-AE,scSMD,ASW,12,-0.108835,0,12,1.0,No,-0.8611,large
Pure-Contrastive-AE,scSMD,DAV,12,-0.508025,0,12,1.0,No,-0.9722,large
Pure-Contrastive-AE,scSMD,CAL,12,-1007.065507,0,12,1.0,No,-1.0,large
Pure-Contrastive-AE,scSMD,COR,12,-4.856282,0,12,1.0,No,-1.0,large
Pure-Contrastive-AE,scSMD,DRE_umap_overall_quality,12,-0.189918,0,12,1.0,No,-1.0,large
Pure-Contrastive-AE,scSMD,DRE_umap_distance_correlation,12,-0.27289,0,12,1.0,No,-1.0,large
Pure-Contrastive-AE,scSMD,DRE_umap_Q_local,12,-0.160442,0,12,1.0,No,-0.9306,large
Pure-Contrastive-AE,scSMD,DRE_umap_Q_global,12,-0.136423,0,12,1.0,No,-1.0,large
Pure-Contrastive-AE,scSMD,DRE_tsne_overall_quality,12,-0.205047,0,12,1.0,No,-1.0,large
Pure-Contrastive-AE,scSMD,DRE_tsne_distance_correlation,12,-0.302423,0,12,1.0,No,-1.0,large
Pure-Contrastive-AE,scSMD,DRE_tsne_Q_local,12,-0.157088,0,12,1.0,No,-0.9444,large
Pure-Contrastive-AE,scSMD,DRE_tsne_Q_global,12,-0.155629,0,12,1.0,No,-1.0,large
Pure-Contrastive-AE,scSMD,LSE_overall_quality,12,-0.284273,0,12,1.0,No,-1.0,large
Pure-Contrastive-AE,scSMD,LSE_core_quality,12,-0.022026,10,2,0.116699,No,0.5,large
Pure-Contrastive-AE,scSMD,LSE_manifold_dimensionality,12,-0.403983,0,12,1.0,No,-1.0,large
Pure-Contrastive-AE,scSMD,LSE_spectral_decay_rate,12,-0.311462,0,12,1.0,No,-1.0,large
Pure-Contrastive-AE,scSMD,LSE_participation_ratio,12,0.324807,10,2,0.013428,Yes,0.6667,large
Pure-Contrastive-AE,scSMD,LSE_anisotropy_score,12,-0.302535,2,10,0.973877,No,-0.625,large
Pure-Contrastive-AE,scSMD,LSE_trajectory_directionality,12,-0.573177,0,12,1.0,No,-1.0,large
Pure-Contrastive-AE,scSMD,LSE_noise_resilience,12,-0.889334,0,12,1.0,No,-1.0,large
Pure-Contrastive-AE,scSMD,DREX_overall_quality,12,-0.110903,0,12,1.0,No,-0.9861,large
Pure-Contrastive-AE,scSMD,DREX_trustworthiness,12,-0.08591,0,12,1.0,No,-1.0,large
Pure-Contrastive-AE,scSMD,DREX_continuity,12,-0.095032,0,12,1.0,No,-1.0,large
Pure-Contrastive-AE,scSMD,DREX_distance_spearman,12,-0.256233,0,12,1.0,No,-1.0,large
Pure-Contrastive-AE,scSMD,DREX_distance_pearson,12,-0.154336,1,11,0.998779,No,-0.7639,large
Pure-Contrastive-AE,scSMD,DREX_local_scale_quality,12,0.016563,12,0,0.000244,Yes,1.0,large
Pure-Contrastive-AE,scSMD,DREX_neighborhood_symmetry,12,-0.090471,0,12,1.0,No,-1.0,large
Pure-Contrastive-AE,scSMD,LSEX_overall_quality,12,-0.049199,1,11,0.998291,No,-0.7222,large
Pure-Contrastive-AE,scSMD,LSEX_two_hop_connectivity,12,0.035898,12,0,0.000244,Yes,0.9583,large
Pure-Contrastive-AE,scSMD,LSEX_radial_concentration,12,-0.194435,2,10,0.997559,No,-0.6806,large
Pure-Contrastive-AE,scSMD,LSEX_local_curvature,12,-0.042154,0,12,1.0,No,-0.9167,large
Pure-Contrastive-AE,scSMD,LSEX_entropy_stability,12,0.003896,11,1,0.000732,Yes,0.8333,large
Pure-Contrastive-AE,scSMD,SecPerEpoch,0,0.0,0,0,,No,-0.0,negligible
Pure-Contrastive-AE,scSMD,PeakGPU_MB,0,0.0,0,0,,No,-0.0,negligible
Pure-Contrastive-AE,scSMD,NumParams,0,0.0,0,0,,No,-0.0,negligible
Pure-Contrastive-AE,scDiffusion,NMI,12,0.470165,12,0,0.000244,Yes,0.8611,large
Pure-Contrastive-AE,scDiffusion,ARI,12,0.382856,11,1,0.000488,Yes,0.8333,large
Pure-Contrastive-AE,scDiffusion,ASW,12,0.049953,10,2,0.008057,Yes,0.6806,large
Pure-Contrastive-AE,scDiffusion,DAV,12,0.070676,8,4,0.116699,No,0.3889,medium
Pure-Contrastive-AE,scDiffusion,CAL,12,-2.59609,7,5,0.454834,No,0.0278,negligible
Pure-Contrastive-AE,scDiffusion,COR,12,-0.15271,6,6,0.765137,No,-0.2639,small
Pure-Contrastive-AE,scDiffusion,DRE_umap_overall_quality,12,-0.072441,3,9,0.986572,No,-0.5278,large
Pure-Contrastive-AE,scDiffusion,DRE_umap_distance_correlation,12,-0.162847,3,9,0.997559,No,-0.7361,large
Pure-Contrastive-AE,scDiffusion,DRE_umap_Q_local,12,0.014321,8,4,0.259277,No,0.1667,small
Pure-Contrastive-AE,scDiffusion,DRE_umap_Q_global,12,-0.068797,2,10,0.998291,No,-0.7083,large
Pure-Contrastive-AE,scDiffusion,DRE_tsne_overall_quality,12,-0.027951,4,8,0.866943,No,-0.2778,small
Pure-Contrastive-AE,scDiffusion,DRE_tsne_distance_correlation,12,-0.134774,2,10,0.999268,No,-0.6944,large
Pure-Contrastive-AE,scDiffusion,DRE_tsne_Q_local,12,0.073966,10,2,0.01709,Yes,0.5417,large
Pure-Contrastive-AE,scDiffusion,DRE_tsne_Q_global,12,-0.023044,4,8,0.924316,No,-0.2639,small
Pure-Contrastive-AE,scDiffusion,LSE_overall_quality,12,-0.03154,8,4,0.604492,No,0.1806,small
Pure-Contrastive-AE,scDiffusion,LSE_core_quality,12,0.033037,10,2,0.101807,No,0.5139,large
Pure-Contrastive-AE,scDiffusion,LSE_manifold_dimensionality,12,-0.099617,3,9,0.995361,No,-0.6667,large
Pure-Contrastive-AE,scDiffusion,LSE_spectral_decay_rate,12,-0.134008,0,12,1.0,No,-0.9444,large
Pure-Contrastive-AE,scDiffusion,LSE_participation_ratio,12,0.164133,10,2,0.01709,Yes,0.6111,large
Pure-Contrastive-AE,scDiffusion,LSE_anisotropy_score,12,-0.201641,2,10,0.986572,No,-0.6667,large
Pure-Contrastive-AE,scDiffusion,LSE_trajectory_directionality,12,-0.160668,1,11,0.999512,No,-0.7778,large
Pure-Contrastive-AE,scDiffusion,LSE_noise_resilience,12,-0.17498,1,11,0.999756,No,-0.8611,large
Pure-Contrastive-AE,scDiffusion,DREX_overall_quality,12,-0.064314,1,11,0.999756,No,-0.6944,large
Pure-Contrastive-AE,scDiffusion,DREX_trustworthiness,12,-0.024955,5,7,0.740723,No,-0.2361,small
Pure-Contrastive-AE,scDiffusion,DREX_continuity,12,-0.054146,1,11,0.999756,No,-0.75,large
Pure-Contrastive-AE,scDiffusion,DREX_distance_spearman,12,-0.145427,3,9,0.996582,No,-0.6667,large
Pure-Contrastive-AE,scDiffusion,DREX_distance_pearson,12,-0.162992,2,10,0.998779,No,-0.75,large
Pure-Contrastive-AE,scDiffusion,DREX_local_scale_quality,12,0.041185,12,0,0.000244,Yes,1.0,large
Pure-Contrastive-AE,scDiffusion,DREX_neighborhood_symmetry,12,-0.03955,4,8,0.973877,No,-0.5417,large
Pure-Contrastive-AE,scDiffusion,LSEX_overall_quality,12,-0.004783,4,8,0.961426,No,-0.3472,medium
Pure-Contrastive-AE,scDiffusion,LSEX_two_hop_connectivity,12,-0.026775,2,10,0.996582,No,-0.8194,large
Pure-Contrastive-AE,scDiffusion,LSEX_radial_concentration,12,-0.016189,4,8,0.898193,No,-0.25,small
Pure-Contrastive-AE,scDiffusion,LSEX_local_curvature,12,0.025519,11,1,0.000732,Yes,0.9444,large
Pure-Contrastive-AE,scDiffusion,LSEX_entropy_stability,12,-0.001686,1,11,0.998291,No,-0.8056,large
Pure-Contrastive-AE,scDiffusion,SecPerEpoch,0,0.0,0,0,,No,-0.0,negligible
Pure-Contrastive-AE,scDiffusion,PeakGPU_MB,0,0.0,0,0,,No,-0.0,negligible
Pure-Contrastive-AE,scDiffusion,NumParams,0,0.0,0,0,,No,-0.0,negligible
Pure-Contrastive-AE,CellBLAST,NMI,12,0.44869,12,0,0.000244,Yes,0.8611,large
Pure-Contrastive-AE,CellBLAST,ARI,12,0.36699,11,1,0.000488,Yes,0.8333,large
Pure-Contrastive-AE,CellBLAST,ASW,12,0.119983,12,0,0.000244,Yes,1.0,large
Pure-Contrastive-AE,CellBLAST,DAV,12,0.525615,12,0,0.000244,Yes,1.0,large
Pure-Contrastive-AE,CellBLAST,CAL,12,47.078345,12,0,0.000244,Yes,1.0,large
Pure-Contrastive-AE,CellBLAST,COR,12,0.784606,12,0,0.000244,Yes,0.9444,large
Pure-Contrastive-AE,CellBLAST,DRE_umap_overall_quality,12,0.093357,11,1,0.000488,Yes,0.8472,large
Pure-Contrastive-AE,CellBLAST,DRE_umap_distance_correlation,12,0.083496,9,3,0.013428,Yes,0.5417,large
Pure-Contrastive-AE,CellBLAST,DRE_umap_Q_local,12,0.169971,12,0,0.000244,Yes,1.0,large
Pure-Contrastive-AE,CellBLAST,DRE_umap_Q_global,12,0.026603,8,4,0.02124,Yes,0.4444,medium
Pure-Contrastive-AE,CellBLAST,DRE_tsne_overall_quality,12,0.125314,12,0,0.000244,Yes,0.9861,large
Pure-Contrastive-AE,CellBLAST,DRE_tsne_distance_correlation,12,0.067227,9,3,0.01709,Yes,0.4444,medium
Pure-Contrastive-AE,CellBLAST,DRE_tsne_Q_local,12,0.234923,12,0,0.000244,Yes,1.0,large
Pure-Contrastive-AE,CellBLAST,DRE_tsne_Q_global,12,0.073793,12,0,0.000244,Yes,0.9167,large
Pure-Contrastive-AE,CellBLAST,LSE_overall_quality,12,0.001785,2,10,0.98291,No,-0.4861,large
Pure-Contrastive-AE,CellBLAST,LSE_core_quality,12,-0.011213,3,9,0.973877,No,-0.4861,large
Pure-Contrastive-AE,CellBLAST,LSE_manifold_dimensionality,12,0.030102,7,5,0.211914,No,0.2361,small
Pure-Contrastive-AE,CellBLAST,LSE_spectral_decay_rate,12,0.03369,9,3,0.013428,Yes,0.5694,large
Pure-Contrastive-AE,CellBLAST,LSE_participation_ratio,12,-0.078249,4,8,0.924316,No,-0.3611,medium
Pure-Contrastive-AE,CellBLAST,LSE_anisotropy_score,12,0.030396,8,4,0.075684,No,0.3889,medium
Pure-Contrastive-AE,CellBLAST,LSE_trajectory_directionality,12,0.049422,9,3,0.054932,No,0.4444,medium
Pure-Contrastive-AE,CellBLAST,LSE_noise_resilience,12,0.033233,10,2,0.003418,Yes,0.6528,large
Pure-Contrastive-AE,CellBLAST,DREX_overall_quality,12,0.065373,11,1,0.001221,Yes,0.8611,large
Pure-Contrastive-AE,CellBLAST,DREX_trustworthiness,12,0.082211,10,2,0.001221,Yes,0.7639,large
Pure-Contrastive-AE,CellBLAST,DREX_continuity,12,0.021103,9,3,0.116699,No,0.5139,large
Pure-Contrastive-AE,CellBLAST,DREX_distance_spearman,12,0.102578,11,1,0.001709,Yes,0.6806,large
Pure-Contrastive-AE,CellBLAST,DREX_distance_pearson,12,0.071988,9,3,0.013428,Yes,0.5278,large
Pure-Contrastive-AE,CellBLAST,DREX_local_scale_quality,12,0.062704,12,0,0.000244,Yes,1.0,large
Pure-Contrastive-AE,CellBLAST,DREX_neighborhood_symmetry,12,0.051657,10,2,0.004639,Yes,0.6111,large
Pure-Contrastive-AE,CellBLAST,LSEX_overall_quality,12,0.000842,7,5,0.311035,No,0.1528,small
Pure-Contrastive-AE,CellBLAST,LSEX_two_hop_connectivity,12,-0.069609,0,12,1.0,No,-1.0,large
Pure-Contrastive-AE,CellBLAST,LSEX_radial_concentration,12,0.029823,10,2,0.008057,Yes,0.625,large
Pure-Contrastive-AE,CellBLAST,LSEX_local_curvature,12,0.045844,12,0,0.000244,Yes,1.0,large
Pure-Contrastive-AE,CellBLAST,LSEX_entropy_stability,12,-0.002689,0,12,1.0,No,-1.0,large
Pure-Contrastive-AE,CellBLAST,SecPerEpoch,0,0.0,0,0,,No,-0.0,negligible
Pure-Contrastive-AE,CellBLAST,PeakGPU_MB,0,0.0,0,0,,No,-0.0,negligible
Pure-Contrastive-AE,CellBLAST,NumParams,0,0.0,0,0,,No,-0.0,negligible
Pure-Contrastive-AE,SCALEX,NMI,12,0.470273,12,0,0.000244,Yes,0.875,large
Pure-Contrastive-AE,SCALEX,ARI,12,0.358222,10,2,0.001221,Yes,0.8056,large
Pure-Contrastive-AE,SCALEX,ASW,12,0.134811,12,0,0.000244,Yes,1.0,large
Pure-Contrastive-AE,SCALEX,DAV,12,0.523943,12,0,0.000244,Yes,0.9722,large
Pure-Contrastive-AE,SCALEX,CAL,12,53.356392,12,0,0.000244,Yes,1.0,large
Pure-Contrastive-AE,SCALEX,COR,12,1.025216,12,0,0.000244,Yes,1.0,large
Pure-Contrastive-AE,SCALEX,DRE_umap_overall_quality,12,0.190982,12,0,0.000244,Yes,1.0,large
Pure-Contrastive-AE,SCALEX,DRE_umap_distance_correlation,12,0.25633,12,0,0.000244,Yes,0.9861,large
Pure-Contrastive-AE,SCALEX,DRE_umap_Q_local,12,0.230774,12,0,0.000244,Yes,1.0,large
Pure-Contrastive-AE,SCALEX,DRE_umap_Q_global,12,0.085842,12,0,0.000244,Yes,0.9861,large
Pure-Contrastive-AE,SCALEX,DRE_tsne_overall_quality,12,0.174831,12,0,0.000244,Yes,1.0,large
Pure-Contrastive-AE,SCALEX,DRE_tsne_distance_correlation,12,0.129937,12,0,0.000244,Yes,0.7917,large
Pure-Contrastive-AE,SCALEX,DRE_tsne_Q_local,12,0.282293,12,0,0.000244,Yes,1.0,large
Pure-Contrastive-AE,SCALEX,DRE_tsne_Q_global,12,0.112265,12,0,0.000244,Yes,1.0,large
Pure-Contrastive-AE,SCALEX,LSE_overall_quality,12,0.012156,3,9,0.883301,No,-0.6111,large
Pure-Contrastive-AE,SCALEX,LSE_core_quality,12,-0.00657,2,10,0.898193,No,-0.6528,large
Pure-Contrastive-AE,SCALEX,LSE_manifold_dimensionality,12,0.131232,11,1,0.000488,Yes,0.8611,large
Pure-Contrastive-AE,SCALEX,LSE_spectral_decay_rate,12,0.075521,12,0,0.000244,Yes,1.0,large
Pure-Contrastive-AE,SCALEX,LSE_participation_ratio,12,-0.160456,2,10,0.935303,No,-0.6667,large
Pure-Contrastive-AE,SCALEX,LSE_anisotropy_score,12,0.072578,10,2,0.064697,No,0.6667,large
Pure-Contrastive-AE,SCALEX,LSE_trajectory_directionality,12,0.132713,12,0,0.000244,Yes,1.0,large
Pure-Contrastive-AE,SCALEX,LSE_noise_resilience,12,0.05629,12,0,0.000244,Yes,1.0,large
Pure-Contrastive-AE,SCALEX,DREX_overall_quality,12,0.149846,12,0,0.000244,Yes,1.0,large
Pure-Contrastive-AE,SCALEX,DREX_trustworthiness,12,0.133615,12,0,0.000244,Yes,0.9583,large
Pure-Contrastive-AE,SCALEX,DREX_continuity,12,0.060278,10,2,0.006104,Yes,0.7083,large
Pure-Contrastive-AE,SCALEX,DREX_distance_spearman,12,0.276597,12,0,0.000244,Yes,1.0,large
Pure-Contrastive-AE,SCALEX,DREX_distance_pearson,12,0.264022,12,0,0.000244,Yes,1.0,large
Pure-Contrastive-AE,SCALEX,DREX_local_scale_quality,12,0.067616,12,0,0.000244,Yes,1.0,large
Pure-Contrastive-AE,SCALEX,DREX_neighborhood_symmetry,12,0.096947,11,1,0.000488,Yes,0.9306,large
Pure-Contrastive-AE,SCALEX,LSEX_overall_quality,12,-0.011196,1,11,0.999756,No,-0.7222,large
Pure-Contrastive-AE,SCALEX,LSEX_two_hop_connectivity,12,-0.070374,0,12,1.0,No,-1.0,large
Pure-Contrastive-AE,SCALEX,LSEX_radial_concentration,12,-0.017967,5,7,0.809814,No,-0.125,negligible
Pure-Contrastive-AE,SCALEX,LSEX_local_curvature,12,0.046265,12,0,0.000244,Yes,1.0,large
Pure-Contrastive-AE,SCALEX,LSEX_entropy_stability,12,-0.002708,0,12,1.0,No,-1.0,large
Pure-Contrastive-AE,SCALEX,SecPerEpoch,0,0.0,0,0,,No,-0.0,negligible
Pure-Contrastive-AE,SCALEX,PeakGPU_MB,0,0.0,0,0,,No,-0.0,negligible
Pure-Contrastive-AE,SCALEX,NumParams,0,0.0,0,0,,No,-0.0,negligible
Pure-Contrastive-AE,GMVAE,NMI,12,0.47621,12,0,0.000244,Yes,0.8889,large
Pure-Contrastive-AE,GMVAE,ARI,12,0.385263,11,1,0.000488,Yes,0.8611,large
Pure-Contrastive-AE,GMVAE,ASW,12,0.15948,12,0,0.000244,Yes,1.0,large
Pure-Contrastive-AE,GMVAE,DAV,12,1.333825,12,0,0.000244,Yes,1.0,large
Pure-Contrastive-AE,GMVAE,CAL,12,65.315411,12,0,0.000244,Yes,1.0,large
Pure-Contrastive-AE,GMVAE,COR,12,1.048334,12,0,0.000244,Yes,1.0,large
Pure-Contrastive-AE,GMVAE,DRE_umap_overall_quality,12,0.28255,12,0,0.000244,Yes,1.0,large
Pure-Contrastive-AE,GMVAE,DRE_umap_distance_correlation,12,0.389625,12,0,0.000244,Yes,1.0,large
Pure-Contrastive-AE,GMVAE,DRE_umap_Q_local,12,0.31411,12,0,0.000244,Yes,1.0,large
Pure-Contrastive-AE,GMVAE,DRE_umap_Q_global,12,0.143915,12,0,0.000244,Yes,1.0,large
Pure-Contrastive-AE,GMVAE,DRE_tsne_overall_quality,12,0.262948,12,0,0.000244,Yes,1.0,large
Pure-Contrastive-AE,GMVAE,DRE_tsne_distance_correlation,12,0.279542,12,0,0.000244,Yes,1.0,large
Pure-Contrastive-AE,GMVAE,DRE_tsne_Q_local,12,0.342031,12,0,0.000244,Yes,1.0,large
Pure-Contrastive-AE,GMVAE,DRE_tsne_Q_global,12,0.167272,12,0,0.000244,Yes,1.0,large
Pure-Contrastive-AE,GMVAE,LSE_overall_quality,12,0.030885,4,8,0.830322,No,-0.4028,medium
Pure-Contrastive-AE,GMVAE,LSE_core_quality,12,0.003409,2,10,0.898193,No,-0.6667,large
Pure-Contrastive-AE,GMVAE,LSE_manifold_dimensionality,12,0.212843,12,0,0.000244,Yes,0.9722,large
Pure-Contrastive-AE,GMVAE,LSE_spectral_decay_rate,12,0.128474,12,0,0.000244,Yes,1.0,large
Pure-Contrastive-AE,GMVAE,LSE_participation_ratio,12,-0.218578,2,10,0.968018,No,-0.6667,large
Pure-Contrastive-AE,GMVAE,LSE_anisotropy_score,12,0.109103,10,2,0.046143,Yes,0.6667,large
Pure-Contrastive-AE,GMVAE,LSE_trajectory_directionality,12,0.231619,12,0,0.000244,Yes,1.0,large
Pure-Contrastive-AE,GMVAE,LSE_noise_resilience,12,0.086479,12,0,0.000244,Yes,1.0,large
Pure-Contrastive-AE,GMVAE,DREX_overall_quality,12,0.235549,12,0,0.000244,Yes,1.0,large
Pure-Contrastive-AE,GMVAE,DREX_trustworthiness,12,0.200038,12,0,0.000244,Yes,1.0,large
Pure-Contrastive-AE,GMVAE,DREX_continuity,12,0.148797,12,0,0.000244,Yes,1.0,large
Pure-Contrastive-AE,GMVAE,DREX_distance_spearman,12,0.410794,12,0,0.000244,Yes,1.0,large
Pure-Contrastive-AE,GMVAE,DREX_distance_pearson,12,0.391746,12,0,0.000244,Yes,1.0,large
Pure-Contrastive-AE,GMVAE,DREX_local_scale_quality,12,0.0875,12,0,0.000244,Yes,1.0,large
Pure-Contrastive-AE,GMVAE,DREX_neighborhood_symmetry,12,0.174418,12,0,0.000244,Yes,1.0,large
Pure-Contrastive-AE,GMVAE,LSEX_overall_quality,12,0.014878,11,1,0.000488,Yes,0.9722,large
Pure-Contrastive-AE,GMVAE,LSEX_two_hop_connectivity,12,-0.126781,0,12,1.0,No,-1.0,large
Pure-Contrastive-AE,GMVAE,LSEX_radial_concentration,12,0.122499,12,0,0.000244,Yes,1.0,large
Pure-Contrastive-AE,GMVAE,LSEX_local_curvature,12,0.067269,12,0,0.000244,Yes,1.0,large
Pure-Contrastive-AE,GMVAE,LSEX_entropy_stability,12,-0.003474,0,12,1.0,No,-1.0,large
Pure-Contrastive-AE,GMVAE,SecPerEpoch,0,0.0,0,0,,No,-0.0,negligible
Pure-Contrastive-AE,GMVAE,PeakGPU_MB,0,0.0,0,0,,No,-0.0,negligible
Pure-Contrastive-AE,GMVAE,NumParams,0,0.0,0,0,,No,-0.0,negligible
Pure-VAE,scDHMap,NMI,12,-0.105309,3,9,0.997559,No,-0.6528,large
Pure-VAE,scDHMap,ARI,12,-0.095572,2,10,0.998779,No,-0.4861,large
Pure-VAE,scDHMap,ASW,12,0.015,5,7,0.311035,No,0.0417,negligible
Pure-VAE,scDHMap,DAV,12,0.082992,9,3,0.010498,Yes,0.4583,medium
Pure-VAE,scDHMap,CAL,12,509.946673,11,1,0.000488,Yes,0.875,large
Pure-VAE,scDHMap,COR,12,1.204874,11,1,0.001221,Yes,0.6389,large
Pure-VAE,scDHMap,DRE_umap_overall_quality,12,0.045368,10,2,0.003418,Yes,0.5,large
Pure-VAE,scDHMap,DRE_umap_distance_correlation,12,0.080423,10,2,0.004639,Yes,0.625,large
Pure-VAE,scDHMap,DRE_umap_Q_local,12,0.018949,6,6,0.150635,No,0.2361,small
Pure-VAE,scDHMap,DRE_umap_Q_global,12,0.03673,10,2,0.003418,Yes,0.5278,large
Pure-VAE,scDHMap,DRE_tsne_overall_quality,12,0.065711,10,2,0.004639,Yes,0.6389,large
Pure-VAE,scDHMap,DRE_tsne_distance_correlation,12,0.112339,11,1,0.001221,Yes,0.6944,large
Pure-VAE,scDHMap,DRE_tsne_Q_local,12,0.022219,7,5,0.190186,No,0.2917,small
Pure-VAE,scDHMap,DRE_tsne_Q_global,12,0.062577,11,1,0.000488,Yes,0.7361,large
Pure-VAE,scDHMap,LSE_overall_quality,12,0.102846,9,3,0.006104,Yes,0.5,large
Pure-VAE,scDHMap,LSE_core_quality,12,0.006679,10,2,0.075684,No,0.4306,medium
Pure-VAE,scDHMap,LSE_manifold_dimensionality,12,-0.076806,1,11,0.999756,No,-0.7639,large
Pure-VAE,scDHMap,LSE_spectral_decay_rate,12,0.038693,10,2,0.02124,Yes,0.3889,medium
Pure-VAE,scDHMap,LSE_participation_ratio,12,-0.028534,4,8,0.849365,No,-0.2917,small
Pure-VAE,scDHMap,LSE_anisotropy_score,12,-0.093361,2,10,0.97876,No,-0.5556,large
Pure-VAE,scDHMap,LSE_trajectory_directionality,12,0.265132,11,1,0.000732,Yes,0.8194,large
Pure-VAE,scDHMap,LSE_noise_resilience,12,0.291521,9,2,0.006836,Yes,0.5556,large
Pure-VAE,scDHMap,DREX_overall_quality,12,-0.128873,0,12,1.0,No,-0.9861,large
Pure-VAE,scDHMap,DREX_trustworthiness,12,-0.116042,0,12,1.0,No,-1.0,large
Pure-VAE,scDHMap,DREX_continuity,12,-0.170322,0,12,1.0,No,-1.0,large
Pure-VAE,scDHMap,DREX_distance_spearman,12,-0.150018,1,11,0.999268,No,-0.6111,large
Pure-VAE,scDHMap,DREX_distance_pearson,12,-0.147019,2,10,0.995361,No,-0.4722,medium
Pure-VAE,scDHMap,DREX_local_scale_quality,12,-0.046652,0,12,1.0,No,-0.9861,large
Pure-VAE,scDHMap,DREX_neighborhood_symmetry,12,-0.143182,0,12,1.0,No,-1.0,large
Pure-VAE,scDHMap,LSEX_overall_quality,12,0.05843,12,0,0.000244,Yes,0.9722,large
Pure-VAE,scDHMap,LSEX_two_hop_connectivity,12,-0.006945,5,7,0.935303,No,-0.4444,medium
Pure-VAE,scDHMap,LSEX_radial_concentration,12,0.212012,12,0,0.000244,Yes,1.0,large
Pure-VAE,scDHMap,LSEX_local_curvature,12,0.028711,10,2,0.010498,Yes,0.625,large
Pure-VAE,scDHMap,LSEX_entropy_stability,12,-5.8e-05,8,4,0.234863,No,0.125,negligible
Pure-VAE,scDHMap,SecPerEpoch,0,0.0,0,0,,No,-0.0,negligible
Pure-VAE,scDHMap,PeakGPU_MB,0,0.0,0,0,,No,-0.0,negligible
Pure-VAE,scDHMap,NumParams,0,0.0,0,0,,No,-0.0,negligible
Pure-VAE,CLEAR,NMI,12,-0.14305,0,12,1.0,No,-0.7778,large
Pure-VAE,CLEAR,ARI,12,-0.131795,2,10,0.999268,No,-0.5278,large
Pure-VAE,CLEAR,ASW,12,0.283923,12,0,0.000244,Yes,1.0,large
Pure-VAE,CLEAR,DAV,12,2.121061,12,0,0.000244,Yes,1.0,large
Pure-VAE,CLEAR,CAL,12,810.382609,12,0,0.000244,Yes,1.0,large
Pure-VAE,CLEAR,COR,12,-7.824288,0,12,1.0,No,-1.0,large
Pure-VAE,CLEAR,DRE_umap_overall_quality,12,0.295935,12,0,0.000244,Yes,1.0,large
Pure-VAE,CLEAR,DRE_umap_distance_correlation,12,0.435561,12,0,0.000244,Yes,1.0,large
Pure-VAE,CLEAR,DRE_umap_Q_local,12,0.265992,12,0,0.000244,Yes,1.0,large
Pure-VAE,CLEAR,DRE_umap_Q_global,12,0.186253,12,0,0.000244,Yes,1.0,large
Pure-VAE,CLEAR,DRE_tsne_overall_quality,12,0.314625,12,0,0.000244,Yes,1.0,large
Pure-VAE,CLEAR,DRE_tsne_distance_correlation,12,0.45884,12,0,0.000244,Yes,1.0,large
Pure-VAE,CLEAR,DRE_tsne_Q_local,12,0.273258,12,0,0.000244,Yes,1.0,large
Pure-VAE,CLEAR,DRE_tsne_Q_global,12,0.211776,12,0,0.000244,Yes,1.0,large
Pure-VAE,CLEAR,LSE_overall_quality,12,0.296118,12,0,0.000244,Yes,1.0,large
Pure-VAE,CLEAR,LSE_core_quality,12,0.066066,10,2,0.001221,Yes,0.7778,large
Pure-VAE,CLEAR,LSE_manifold_dimensionality,12,0.149705,11,1,0.000488,Yes,0.9583,large
Pure-VAE,CLEAR,LSE_spectral_decay_rate,12,0.4453,12,0,0.000244,Yes,1.0,large
Pure-VAE,CLEAR,LSE_participation_ratio,12,-0.083165,3,9,0.968018,No,-0.5278,large
Pure-VAE,CLEAR,LSE_anisotropy_score,12,0.247576,10,2,0.013428,Yes,0.7778,large
Pure-VAE,CLEAR,LSE_trajectory_directionality,12,0.670978,12,0,0.000244,Yes,1.0,large
Pure-VAE,CLEAR,LSE_noise_resilience,12,0.791264,12,0,0.000244,Yes,1.0,large
Pure-VAE,CLEAR,DREX_overall_quality,12,0.040013,9,3,0.02124,Yes,0.2917,small
Pure-VAE,CLEAR,DREX_trustworthiness,12,-0.039876,0,12,1.0,No,-0.5139,large
Pure-VAE,CLEAR,DREX_continuity,12,-0.110361,0,12,1.0,No,-0.7222,large
Pure-VAE,CLEAR,DREX_distance_spearman,12,0.207538,11,1,0.000488,Yes,0.7083,large
Pure-VAE,CLEAR,DREX_distance_pearson,12,0.183726,11,1,0.002441,Yes,0.625,large
Pure-VAE,CLEAR,DREX_local_scale_quality,12,0.074167,12,0,0.000244,Yes,0.9167,large
Pure-VAE,CLEAR,DREX_neighborhood_symmetry,12,-0.075118,0,12,1.0,No,-0.625,large
Pure-VAE,CLEAR,LSEX_overall_quality,12,0.090097,12,0,0.000244,Yes,1.0,large
Pure-VAE,CLEAR,LSEX_two_hop_connectivity,12,-0.095245,0,12,1.0,No,-1.0,large
Pure-VAE,CLEAR,LSEX_radial_concentration,12,0.365859,12,0,0.000244,Yes,1.0,large
Pure-VAE,CLEAR,LSEX_local_curvature,12,0.100011,12,0,0.000244,Yes,1.0,large
Pure-VAE,CLEAR,LSEX_entropy_stability,12,-0.010236,0,12,1.0,No,-1.0,large
Pure-VAE,CLEAR,SecPerEpoch,0,0.0,0,0,,No,-0.0,negligible
Pure-VAE,CLEAR,PeakGPU_MB,0,0.0,0,0,,No,-0.0,negligible
Pure-VAE,CLEAR,NumParams,0,0.0,0,0,,No,-0.0,negligible
Pure-VAE,scDAC,NMI,12,0.048825,7,5,0.190186,No,0.3472,medium
Pure-VAE,scDAC,ARI,12,0.01921,7,5,0.366699,No,0.125,negligible
Pure-VAE,scDAC,ASW,12,-0.178351,0,12,1.0,No,-0.875,large
Pure-VAE,scDAC,DAV,12,-0.389715,0,12,1.0,No,-0.9583,large
Pure-VAE,scDAC,CAL,12,-31218.811879,0,12,1.0,No,-0.9583,large
Pure-VAE,scDAC,COR,12,-2.310676,0,12,1.0,No,-0.7083,large
Pure-VAE,scDAC,DRE_umap_overall_quality,12,0.040687,10,2,0.01709,Yes,0.5694,large
Pure-VAE,scDAC,DRE_umap_distance_correlation,12,0.128246,11,1,0.001221,Yes,0.8333,large
Pure-VAE,scDAC,DRE_umap_Q_local,12,-0.031851,2,10,0.989502,No,-0.4306,medium
Pure-VAE,scDAC,DRE_umap_Q_global,12,0.025665,9,3,0.026123,Yes,0.4861,large
Pure-VAE,scDAC,DRE_tsne_overall_quality,12,0.028268,8,4,0.088135,No,0.3889,medium
Pure-VAE,scDAC,DRE_tsne_distance_correlation,12,0.113617,10,2,0.003418,Yes,0.7083,large
Pure-VAE,scDAC,DRE_tsne_Q_local,12,-0.036917,3,9,0.986572,No,-0.5139,large
Pure-VAE,scDAC,DRE_tsne_Q_global,12,0.008106,7,5,0.190186,No,0.1667,small
Pure-VAE,scDAC,LSE_overall_quality,12,-0.082964,2,10,0.97876,No,-0.4583,medium
Pure-VAE,scDAC,LSE_core_quality,12,-0.082655,2,10,0.986572,No,-0.6944,large
Pure-VAE,scDAC,LSE_manifold_dimensionality,12,-0.114024,1,11,0.999512,No,-0.9167,large
Pure-VAE,scDAC,LSE_spectral_decay_rate,12,0.054406,8,4,0.02124,Yes,0.5,large
Pure-VAE,scDAC,LSE_participation_ratio,12,-0.311299,2,10,0.97876,No,-0.6111,large
Pure-VAE,scDAC,LSE_anisotropy_score,12,-0.040298,5,7,0.883301,No,-0.3333,medium
Pure-VAE,scDAC,LSE_trajectory_directionality,12,-0.003842,6,6,0.454834,No,0.0278,negligible
Pure-VAE,scDAC,LSE_noise_resilience,12,-0.069836,2,5,0.710938,No,-0.1667,small
Pure-VAE,scDAC,DREX_overall_quality,12,-0.041445,6,6,0.788086,No,-0.1111,negligible
Pure-VAE,scDAC,DREX_trustworthiness,12,-0.111985,0,12,1.0,No,-1.0,large
Pure-VAE,scDAC,DREX_continuity,12,-0.178333,0,12,1.0,No,-1.0,large
Pure-VAE,scDAC,DREX_distance_spearman,12,-0.101842,4,8,0.898193,No,-0.4722,medium
Pure-VAE,scDAC,DREX_distance_pearson,12,0.327173,10,2,0.008057,Yes,0.6944,large
Pure-VAE,scDAC,DREX_local_scale_quality,12,-0.038523,1,11,0.999756,No,-0.9028,large
Pure-VAE,scDAC,DREX_neighborhood_symmetry,12,-0.145159,0,12,1.0,No,-1.0,large
Pure-VAE,scDAC,LSEX_overall_quality,12,0.118804,11,1,0.000488,Yes,0.7778,large
Pure-VAE,scDAC,LSEX_two_hop_connectivity,12,0.014616,11,1,0.000732,Yes,0.875,large
Pure-VAE,scDAC,LSEX_radial_concentration,12,0.518521,11,1,0.000732,Yes,0.7639,large
Pure-VAE,scDAC,LSEX_local_curvature,12,-0.061327,4,8,0.97876,No,-0.5694,large
Pure-VAE,scDAC,LSEX_entropy_stability,12,0.003406,10,2,0.054932,No,0.5139,large
Pure-VAE,scDAC,SecPerEpoch,0,0.0,0,0,,No,-0.0,negligible
Pure-VAE,scDAC,PeakGPU_MB,0,0.0,0,0,,No,-0.0,negligible
Pure-VAE,scDAC,NumParams,0,0.0,0,0,,No,-0.0,negligible
Pure-VAE,scDeepCluster,NMI,12,0.035559,9,3,0.088135,No,0.3194,small
Pure-VAE,scDeepCluster,ARI,12,0.037168,9,3,0.054932,No,0.3056,small
Pure-VAE,scDeepCluster,ASW,12,0.172782,12,0,0.000244,Yes,1.0,large
Pure-VAE,scDeepCluster,DAV,12,0.604139,12,0,0.000244,Yes,1.0,large
Pure-VAE,scDeepCluster,CAL,12,712.804466,12,0,0.000244,Yes,1.0,large
Pure-VAE,scDeepCluster,COR,12,1.85021,12,0,0.000244,Yes,0.8333,large
Pure-VAE,scDeepCluster,DRE_umap_overall_quality,12,0.102682,12,0,0.000244,Yes,0.9306,large
Pure-VAE,scDeepCluster,DRE_umap_distance_correlation,12,0.083909,12,0,0.000244,Yes,0.7222,large
Pure-VAE,scDeepCluster,DRE_umap_Q_local,12,0.175663,12,0,0.000244,Yes,1.0,large
Pure-VAE,scDeepCluster,DRE_umap_Q_global,12,0.048476,12,0,0.000244,Yes,0.7083,large
Pure-VAE,scDeepCluster,DRE_tsne_overall_quality,12,0.130943,12,0,0.000244,Yes,0.9722,large
Pure-VAE,scDeepCluster,DRE_tsne_distance_correlation,12,0.119231,12,0,0.000244,Yes,0.8194,large
Pure-VAE,scDeepCluster,DRE_tsne_Q_local,12,0.1839,12,0,0.000244,Yes,1.0,large
Pure-VAE,scDeepCluster,DRE_tsne_Q_global,12,0.089699,12,0,0.000244,Yes,0.8889,large
Pure-VAE,scDeepCluster,LSE_overall_quality,12,0.188825,12,0,0.000244,Yes,0.9306,large
Pure-VAE,scDeepCluster,LSE_core_quality,12,0.043217,8,4,0.01709,Yes,0.3611,medium
Pure-VAE,scDeepCluster,LSE_manifold_dimensionality,12,0.117106,12,0,0.000244,Yes,0.7639,large
Pure-VAE,scDeepCluster,LSE_spectral_decay_rate,12,0.153446,12,0,0.000244,Yes,0.9861,large
Pure-VAE,scDeepCluster,LSE_participation_ratio,12,-0.0079,5,7,0.661377,No,-0.2083,small
Pure-VAE,scDeepCluster,LSE_anisotropy_score,12,0.089784,10,2,0.006104,Yes,0.5,large
Pure-VAE,scDeepCluster,LSE_trajectory_directionality,12,0.140135,9,3,0.008057,Yes,0.5,large
Pure-VAE,scDeepCluster,LSE_noise_resilience,12,0.534898,12,0,0.000244,Yes,0.9444,large
Pure-VAE,scDeepCluster,DREX_overall_quality,12,-0.108331,1,11,0.999756,No,-0.9167,large
Pure-VAE,scDeepCluster,DREX_trustworthiness,12,-0.073704,0,12,1.0,No,-0.9583,large
Pure-VAE,scDeepCluster,DREX_continuity,12,-0.147908,0,12,1.0,No,-1.0,large
Pure-VAE,scDeepCluster,DREX_distance_spearman,12,-0.146487,4,8,0.986572,No,-0.5556,large
Pure-VAE,scDeepCluster,DREX_distance_pearson,12,-0.170086,2,10,0.996582,No,-0.7083,large
Pure-VAE,scDeepCluster,DREX_local_scale_quality,12,-0.000994,8,4,0.259277,No,0.25,small
Pure-VAE,scDeepCluster,DREX_neighborhood_symmetry,12,-0.110806,0,12,1.0,No,-1.0,large
Pure-VAE,scDeepCluster,LSEX_overall_quality,12,0.03997,12,0,0.000244,Yes,0.8056,large
Pure-VAE,scDeepCluster,LSEX_two_hop_connectivity,12,-0.055191,0,12,1.0,No,-1.0,large
Pure-VAE,scDeepCluster,LSEX_radial_concentration,12,0.15648,12,0,0.000244,Yes,0.7917,large
Pure-VAE,scDeepCluster,LSEX_local_curvature,12,0.066313,12,0,0.000244,Yes,1.0,large
Pure-VAE,scDeepCluster,LSEX_entropy_stability,12,-0.007723,0,12,1.0,No,-0.9861,large
Pure-VAE,scDeepCluster,SecPerEpoch,0,0.0,0,0,,No,-0.0,negligible
Pure-VAE,scDeepCluster,PeakGPU_MB,0,0.0,0,0,,No,-0.0,negligible
Pure-VAE,scDeepCluster,NumParams,0,0.0,0,0,,No,-0.0,negligible
Pure-VAE,scGNN,NMI,12,0.132461,11,1,0.010498,Yes,0.6389,large
Pure-VAE,scGNN,ARI,12,0.118424,11,1,0.004639,Yes,0.6944,large
Pure-VAE,scGNN,ASW,12,0.050028,8,4,0.026123,Yes,0.5556,large
Pure-VAE,scGNN,DAV,12,0.196188,10,2,0.004639,Yes,0.7639,large
Pure-VAE,scGNN,CAL,12,639.635165,12,0,0.000244,Yes,1.0,large
Pure-VAE,scGNN,COR,12,1.506887,9,3,0.006104,Yes,0.6944,large
Pure-VAE,scGNN,DRE_umap_overall_quality,12,0.096347,11,1,0.001221,Yes,0.7639,large
Pure-VAE,scGNN,DRE_umap_distance_correlation,12,0.108628,10,2,0.006104,Yes,0.6111,large
Pure-VAE,scGNN,DRE_umap_Q_local,12,0.10642,10,2,0.001709,Yes,0.8056,large
Pure-VAE,scGNN,DRE_umap_Q_global,12,0.073994,11,1,0.001221,Yes,0.7639,large
Pure-VAE,scGNN,DRE_tsne_overall_quality,12,0.103764,12,0,0.000244,Yes,0.875,large
Pure-VAE,scGNN,DRE_tsne_distance_correlation,12,0.134379,9,3,0.003418,Yes,0.7778,large
Pure-VAE,scGNN,DRE_tsne_Q_local,12,0.084758,11,1,0.002441,Yes,0.8056,large
Pure-VAE,scGNN,DRE_tsne_Q_global,12,0.092155,12,0,0.000244,Yes,0.9167,large
Pure-VAE,scGNN,LSE_overall_quality,12,0.133423,9,3,0.010498,Yes,0.625,large
Pure-VAE,scGNN,LSE_core_quality,12,0.013357,6,6,0.484863,No,0.0,negligible
Pure-VAE,scGNN,LSE_manifold_dimensionality,12,0.090246,7,5,0.031982,Yes,0.5833,large
Pure-VAE,scGNN,LSE_spectral_decay_rate,12,0.087358,8,4,0.046143,Yes,0.5556,large
Pure-VAE,scGNN,LSE_participation_ratio,12,-0.135128,2,10,0.961426,No,-0.5278,large
Pure-VAE,scGNN,LSE_anisotropy_score,12,-0.010953,6,6,0.484863,No,-0.1111,negligible
Pure-VAE,scGNN,LSE_trajectory_directionality,12,0.274366,11,1,0.000732,Yes,0.8056,large
Pure-VAE,scGNN,LSE_noise_resilience,12,0.410598,9,2,0.006836,Yes,0.7222,large
Pure-VAE,scGNN,DREX_overall_quality,12,-0.096083,1,11,0.998779,No,-0.6944,large
Pure-VAE,scGNN,DREX_trustworthiness,12,-0.10138,0,12,1.0,No,-0.9722,large
Pure-VAE,scGNN,DREX_continuity,12,-0.158734,0,12,1.0,No,-0.9861,large
Pure-VAE,scGNN,DREX_distance_spearman,12,-0.121613,2,10,0.989502,No,-0.5278,large
Pure-VAE,scGNN,DREX_distance_pearson,12,-0.100142,4,8,0.924316,No,-0.3056,small
Pure-VAE,scGNN,DREX_local_scale_quality,12,0.035428,9,3,0.046143,Yes,0.4861,large
Pure-VAE,scGNN,DREX_neighborhood_symmetry,12,-0.130057,0,12,1.0,No,-0.9861,large
Pure-VAE,scGNN,LSEX_overall_quality,12,0.039959,9,3,0.008057,Yes,0.6806,large
Pure-VAE,scGNN,LSEX_two_hop_connectivity,12,-0.01873,1,11,0.999756,No,-0.875,large
Pure-VAE,scGNN,LSEX_radial_concentration,12,0.139589,9,3,0.008057,Yes,0.6389,large
Pure-VAE,scGNN,LSEX_local_curvature,12,0.033248,12,0,0.000244,Yes,0.9028,large
Pure-VAE,scGNN,LSEX_entropy_stability,12,0.005728,9,3,0.026123,Yes,0.4444,medium
Pure-VAE,scGNN,SecPerEpoch,0,0.0,0,0,,No,-0.0,negligible
Pure-VAE,scGNN,PeakGPU_MB,0,0.0,0,0,,No,-0.0,negligible
Pure-VAE,scGNN,NumParams,0,0.0,0,0,,No,-0.0,negligible
Pure-VAE,siVAE,NMI,12,0.206956,11,1,0.000732,Yes,0.7361,large
Pure-VAE,siVAE,ARI,12,0.152573,11,1,0.000732,Yes,0.6944,large
Pure-VAE,siVAE,ASW,12,0.067359,10,2,0.008057,Yes,0.5694,large
Pure-VAE,siVAE,DAV,12,0.174851,9,3,0.01709,Yes,0.5556,large
Pure-VAE,siVAE,CAL,12,-17.225173,9,3,0.064697,No,0.4028,medium
Pure-VAE,siVAE,COR,12,0.270646,7,5,0.366699,No,0.0833,negligible
Pure-VAE,siVAE,DRE_umap_overall_quality,12,0.021238,6,6,0.259277,No,0.1667,small
Pure-VAE,siVAE,DRE_umap_distance_correlation,12,0.015858,6,6,0.366699,No,0.0556,negligible
Pure-VAE,siVAE,DRE_umap_Q_local,12,0.05486,9,3,0.02124,Yes,0.5139,large
Pure-VAE,siVAE,DRE_umap_Q_global,12,-0.007003,5,7,0.765137,No,-0.1944,small
Pure-VAE,siVAE,DRE_tsne_overall_quality,12,0.043345,8,4,0.101807,No,0.5139,large
Pure-VAE,siVAE,DRE_tsne_distance_correlation,12,0.049821,9,3,0.064697,No,0.375,medium
Pure-VAE,siVAE,DRE_tsne_Q_local,12,0.06062,9,3,0.01709,Yes,0.5694,large
Pure-VAE,siVAE,DRE_tsne_Q_global,12,0.019595,6,6,0.190186,No,0.1667,small
Pure-VAE,siVAE,LSE_overall_quality,12,-0.034377,3,9,0.924316,No,-0.375,medium
Pure-VAE,siVAE,LSE_core_quality,12,-0.014562,4,8,0.968018,No,-0.1944,small
Pure-VAE,siVAE,LSE_manifold_dimensionality,12,-0.128731,2,10,0.991943,No,-0.8056,large
Pure-VAE,siVAE,LSE_spectral_decay_rate,12,0.027925,7,5,0.259277,No,0.125,negligible
Pure-VAE,siVAE,LSE_participation_ratio,12,0.026332,8,4,0.190186,No,0.3472,medium
Pure-VAE,siVAE,LSE_anisotropy_score,12,-0.016225,4,8,0.661377,No,-0.1389,negligible
Pure-VAE,siVAE,LSE_trajectory_directionality,12,-0.100024,3,9,0.935303,No,-0.4167,medium
Pure-VAE,siVAE,LSE_noise_resilience,12,-0.073182,2,5,0.710938,No,-0.2639,small
Pure-VAE,siVAE,DREX_overall_quality,12,-0.141865,0,12,1.0,No,-0.9722,large
Pure-VAE,siVAE,DREX_trustworthiness,12,-0.104557,0,12,1.0,No,-1.0,large
Pure-VAE,siVAE,DREX_continuity,12,-0.170361,0,12,1.0,No,-1.0,large
Pure-VAE,siVAE,DREX_distance_spearman,12,-0.215003,0,12,1.0,No,-0.8611,large
Pure-VAE,siVAE,DREX_distance_pearson,12,-0.197858,1,11,0.999756,No,-0.6944,large
Pure-VAE,siVAE,DREX_local_scale_quality,12,-0.025951,2,10,0.993896,No,-0.625,large
Pure-VAE,siVAE,DREX_neighborhood_symmetry,12,-0.137459,0,12,1.0,No,-1.0,large
Pure-VAE,siVAE,LSEX_overall_quality,12,-0.004899,5,7,0.688965,No,-0.0833,negligible
Pure-VAE,siVAE,LSEX_two_hop_connectivity,12,-0.017059,2,10,0.996582,No,-0.4722,medium
Pure-VAE,siVAE,LSEX_radial_concentration,12,-0.029164,6,6,0.661377,No,-0.125,negligible
Pure-VAE,siVAE,LSEX_local_curvature,12,0.031479,10,2,0.006104,Yes,0.6944,large
Pure-VAE,siVAE,LSEX_entropy_stability,12,-0.004853,1,11,0.998779,No,-0.6806,large
Pure-VAE,siVAE,SecPerEpoch,0,0.0,0,0,,No,-0.0,negligible
Pure-VAE,siVAE,PeakGPU_MB,0,0.0,0,0,,No,-0.0,negligible
Pure-VAE,siVAE,NumParams,0,0.0,0,0,,No,-0.0,negligible
Pure-VAE,scSMD,NMI,12,0.273128,12,0,0.000244,Yes,0.7778,large
Pure-VAE,scSMD,ARI,12,0.180649,11,1,0.000732,Yes,0.75,large
Pure-VAE,scSMD,ASW,12,0.049186,9,3,0.013428,Yes,0.4028,medium
Pure-VAE,scSMD,DAV,12,0.069502,7,5,0.169678,No,0.25,small
Pure-VAE,scSMD,CAL,12,-259.068996,7,5,0.259277,No,0.2917,small
Pure-VAE,scSMD,COR,12,-1.521288,2,10,0.97876,No,-0.6389,large
Pure-VAE,scSMD,DRE_umap_overall_quality,12,0.006747,8,4,0.311035,No,0.1389,negligible
Pure-VAE,scSMD,DRE_umap_distance_correlation,12,0.011106,7,5,0.211914,No,0.1111,negligible
Pure-VAE,scSMD,DRE_umap_Q_local,12,0.021487,7,5,0.190186,No,0.2361,small
Pure-VAE,scSMD,DRE_umap_Q_global,12,-0.012353,5,7,0.830322,No,-0.1667,small
Pure-VAE,scSMD,DRE_tsne_overall_quality,12,0.011141,6,6,0.395508,No,0.1806,small
Pure-VAE,scSMD,DRE_tsne_distance_correlation,12,0.016457,6,6,0.234863,No,0.2083,small
Pure-VAE,scSMD,DRE_tsne_Q_local,12,0.025583,7,5,0.150635,No,0.25,small
Pure-VAE,scSMD,DRE_tsne_Q_global,12,-0.008616,4,8,0.809814,No,-0.1389,negligible
Pure-VAE,scSMD,LSE_overall_quality,12,-0.076758,0,12,1.0,No,-0.6806,large
Pure-VAE,scSMD,LSE_core_quality,12,-0.026418,3,9,0.989502,No,-0.4167,medium
Pure-VAE,scSMD,LSE_manifold_dimensionality,12,-0.16963,0,12,1.0,No,-1.0,large
Pure-VAE,scSMD,LSE_spectral_decay_rate,12,0.005687,5,7,0.633301,No,0.1111,negligible
Pure-VAE,scSMD,LSE_participation_ratio,12,0.050639,8,4,0.064697,No,0.4583,medium
Pure-VAE,scSMD,LSE_anisotropy_score,12,-0.007632,5,7,0.574951,No,-0.1111,negligible
Pure-VAE,scSMD,LSE_trajectory_directionality,12,-0.134556,2,10,0.968018,No,-0.5139,large
Pure-VAE,scSMD,LSE_noise_resilience,12,-0.185522,0,6,1.0,No,-0.4583,medium
Pure-VAE,scSMD,DREX_overall_quality,12,-0.129456,0,12,1.0,No,-0.9306,large
Pure-VAE,scSMD,DREX_trustworthiness,12,-0.108009,0,12,1.0,No,-1.0,large
Pure-VAE,scSMD,DREX_continuity,12,-0.173106,0,12,1.0,No,-1.0,large
Pure-VAE,scSMD,DREX_distance_spearman,12,-0.219798,0,12,1.0,No,-0.9722,large
Pure-VAE,scSMD,DREX_distance_pearson,12,-0.123923,1,11,0.995361,No,-0.5694,large
Pure-VAE,scSMD,DREX_local_scale_quality,12,-0.011342,4,8,0.911865,No,-0.3472,medium
Pure-VAE,scSMD,DREX_neighborhood_symmetry,12,-0.140557,0,12,1.0,No,-1.0,large
Pure-VAE,scSMD,LSEX_overall_quality,12,-0.00383,5,7,0.633301,No,-0.0694,negligible
Pure-VAE,scSMD,LSEX_two_hop_connectivity,12,-0.008952,2,10,0.97876,No,-0.4722,medium
Pure-VAE,scSMD,LSEX_radial_concentration,12,-0.020382,4,8,0.688965,No,-0.1944,small
Pure-VAE,scSMD,LSEX_local_curvature,12,0.017772,9,3,0.031982,Yes,0.4583,medium
Pure-VAE,scSMD,LSEX_entropy_stability,12,-0.003759,2,10,0.993896,No,-0.4583,medium
Pure-VAE,scSMD,SecPerEpoch,0,0.0,0,0,,No,-0.0,negligible
Pure-VAE,scSMD,PeakGPU_MB,0,0.0,0,0,,No,-0.0,negligible
Pure-VAE,scSMD,NumParams,0,0.0,0,0,,No,-0.0,negligible
Pure-VAE,scDiffusion,NMI,12,0.326152,12,0,0.000244,Yes,0.8333,large
Pure-VAE,scDiffusion,ARI,12,0.216875,12,0,0.000244,Yes,0.9444,large
Pure-VAE,scDiffusion,ASW,12,0.207974,12,0,0.000244,Yes,1.0,large
Pure-VAE,scDiffusion,DAV,12,0.648203,12,0,0.000244,Yes,1.0,large
Pure-VAE,scDiffusion,CAL,12,745.40042,12,0,0.000244,Yes,1.0,large
Pure-VAE,scDiffusion,COR,12,3.182284,12,0,0.000244,Yes,1.0,large
Pure-VAE,scDiffusion,DRE_umap_overall_quality,12,0.124224,12,0,0.000244,Yes,0.9444,large
Pure-VAE,scDiffusion,DRE_umap_distance_correlation,12,0.121149,11,1,0.001709,Yes,0.7639,large
Pure-VAE,scDiffusion,DRE_umap_Q_local,12,0.19625,12,0,0.000244,Yes,1.0,large
Pure-VAE,scDiffusion,DRE_umap_Q_global,12,0.055273,11,1,0.001709,Yes,0.6667,large
Pure-VAE,scDiffusion,DRE_tsne_overall_quality,12,0.188237,12,0,0.000244,Yes,1.0,large
Pure-VAE,scDiffusion,DRE_tsne_distance_correlation,12,0.184106,12,0,0.000244,Yes,0.9722,large
Pure-VAE,scDiffusion,DRE_tsne_Q_local,12,0.256637,12,0,0.000244,Yes,1.0,large
Pure-VAE,scDiffusion,DRE_tsne_Q_global,12,0.123968,12,0,0.000244,Yes,0.9722,large
Pure-VAE,scDiffusion,LSE_overall_quality,12,0.175975,12,0,0.000244,Yes,0.8611,large
Pure-VAE,scDiffusion,LSE_core_quality,12,0.028645,9,3,0.038574,Yes,0.2361,small
Pure-VAE,scDiffusion,LSE_manifold_dimensionality,12,0.134735,12,0,0.000244,Yes,0.8472,large
Pure-VAE,scDiffusion,LSE_spectral_decay_rate,12,0.183141,12,0,0.000244,Yes,0.9861,large
Pure-VAE,scDiffusion,LSE_participation_ratio,12,-0.110035,3,9,0.995361,No,-0.5417,large
Pure-VAE,scDiffusion,LSE_anisotropy_score,12,0.093262,9,3,0.031982,Yes,0.4722,medium
Pure-VAE,scDiffusion,LSE_trajectory_directionality,12,0.277952,11,1,0.000488,Yes,0.8056,large
Pure-VAE,scDiffusion,LSE_noise_resilience,12,0.528833,12,0,0.000244,Yes,0.9306,large
Pure-VAE,scDiffusion,DREX_overall_quality,12,-0.082867,3,9,0.996582,No,-0.5556,large
Pure-VAE,scDiffusion,DREX_trustworthiness,12,-0.047053,3,9,0.97876,No,-0.5694,large
Pure-VAE,scDiffusion,DREX_continuity,12,-0.13222,0,12,1.0,No,-0.9306,large
Pure-VAE,scDiffusion,DREX_distance_spearman,12,-0.108992,4,8,0.945068,No,-0.4306,medium
Pure-VAE,scDiffusion,DREX_distance_pearson,12,-0.132579,3,9,0.986572,No,-0.5139,large
Pure-VAE,scDiffusion,DREX_local_scale_quality,12,0.01328,11,1,0.01709,Yes,0.7778,large
Pure-VAE,scDiffusion,DREX_neighborhood_symmetry,12,-0.089637,1,11,0.999756,No,-0.8333,large
Pure-VAE,scDiffusion,LSEX_overall_quality,12,0.040586,12,0,0.000244,Yes,0.7778,large
Pure-VAE,scDiffusion,LSEX_two_hop_connectivity,12,-0.071624,0,12,1.0,No,-1.0,large
Pure-VAE,scDiffusion,LSEX_radial_concentration,12,0.157863,12,0,0.000244,Yes,0.7778,large
Pure-VAE,scDiffusion,LSEX_local_curvature,12,0.085445,12,0,0.000244,Yes,1.0,large
Pure-VAE,scDiffusion,LSEX_entropy_stability,12,-0.009341,0,12,1.0,No,-1.0,large
Pure-VAE,scDiffusion,SecPerEpoch,0,0.0,0,0,,No,-0.0,negligible
Pure-VAE,scDiffusion,PeakGPU_MB,0,0.0,0,0,,No,-0.0,negligible
Pure-VAE,scDiffusion,NumParams,0,0.0,0,0,,No,-0.0,negligible
Pure-VAE,CellBLAST,NMI,12,0.304677,12,0,0.000244,Yes,0.8472,large
Pure-VAE,CellBLAST,ARI,12,0.201009,11,1,0.000732,Yes,0.8611,large
Pure-VAE,CellBLAST,ASW,12,0.278004,12,0,0.000244,Yes,1.0,large
Pure-VAE,CellBLAST,DAV,12,1.103142,12,0,0.000244,Yes,1.0,large
Pure-VAE,CellBLAST,CAL,12,795.074855,12,0,0.000244,Yes,1.0,large
Pure-VAE,CellBLAST,COR,12,4.1196,12,0,0.000244,Yes,1.0,large
Pure-VAE,CellBLAST,DRE_umap_overall_quality,12,0.290022,12,0,0.000244,Yes,1.0,large
Pure-VAE,CellBLAST,DRE_umap_distance_correlation,12,0.367492,12,0,0.000244,Yes,1.0,large
Pure-VAE,CellBLAST,DRE_umap_Q_local,12,0.351901,12,0,0.000244,Yes,1.0,large
Pure-VAE,CellBLAST,DRE_umap_Q_global,12,0.150673,12,0,0.000244,Yes,1.0,large
Pure-VAE,CellBLAST,DRE_tsne_overall_quality,12,0.341502,12,0,0.000244,Yes,1.0,large
Pure-VAE,CellBLAST,DRE_tsne_distance_correlation,12,0.386107,12,0,0.000244,Yes,1.0,large
Pure-VAE,CellBLAST,DRE_tsne_Q_local,12,0.417594,12,0,0.000244,Yes,1.0,large
Pure-VAE,CellBLAST,DRE_tsne_Q_global,12,0.220806,12,0,0.000244,Yes,1.0,large
Pure-VAE,CellBLAST,LSE_overall_quality,12,0.2093,12,0,0.000244,Yes,0.9861,large
Pure-VAE,CellBLAST,LSE_core_quality,12,-0.015606,2,10,0.898193,No,-0.3889,medium
Pure-VAE,CellBLAST,LSE_manifold_dimensionality,12,0.264454,12,0,0.000244,Yes,1.0,large
Pure-VAE,CellBLAST,LSE_spectral_decay_rate,12,0.350839,12,0,0.000244,Yes,1.0,large
Pure-VAE,CellBLAST,LSE_participation_ratio,12,-0.352417,2,10,0.986572,No,-0.6806,large
Pure-VAE,CellBLAST,LSE_anisotropy_score,12,0.325299,10,2,0.01709,Yes,0.6806,large
Pure-VAE,CellBLAST,LSE_trajectory_directionality,12,0.488043,12,0,0.000244,Yes,1.0,large
Pure-VAE,CellBLAST,LSE_noise_resilience,12,0.737046,12,0,0.000244,Yes,1.0,large
Pure-VAE,CellBLAST,DREX_overall_quality,12,0.046821,8,4,0.064697,No,0.3194,small
Pure-VAE,CellBLAST,DREX_trustworthiness,12,0.060112,10,2,0.004639,Yes,0.6389,large
Pure-VAE,CellBLAST,DREX_continuity,12,-0.056971,6,6,0.866943,No,-0.0694,negligible
Pure-VAE,CellBLAST,DREX_distance_spearman,12,0.139013,9,3,0.010498,Yes,0.5139,large
Pure-VAE,CellBLAST,DREX_distance_pearson,12,0.102401,8,4,0.054932,No,0.4167,medium
Pure-VAE,CellBLAST,DREX_local_scale_quality,12,0.034799,11,1,0.001221,Yes,0.8333,large
Pure-VAE,CellBLAST,DREX_neighborhood_symmetry,12,0.00157,6,6,0.395508,No,0.1389,negligible
Pure-VAE,CellBLAST,LSEX_overall_quality,12,0.046211,12,0,0.000244,Yes,0.9306,large
Pure-VAE,CellBLAST,LSEX_two_hop_connectivity,12,-0.114458,0,12,1.0,No,-1.0,large
Pure-VAE,CellBLAST,LSEX_radial_concentration,12,0.203875,12,0,0.000244,Yes,0.9583,large
Pure-VAE,CellBLAST,LSEX_local_curvature,12,0.10577,12,0,0.000244,Yes,1.0,large
Pure-VAE,CellBLAST,LSEX_entropy_stability,12,-0.010344,0,12,1.0,No,-1.0,large
Pure-VAE,CellBLAST,SecPerEpoch,0,0.0,0,0,,No,-0.0,negligible
Pure-VAE,CellBLAST,PeakGPU_MB,0,0.0,0,0,,No,-0.0,negligible
Pure-VAE,CellBLAST,NumParams,0,0.0,0,0,,No,-0.0,negligible
Pure-VAE,SCALEX,NMI,12,0.32626,11,1,0.000488,Yes,0.8472,large
Pure-VAE,SCALEX,ARI,12,0.192241,11,1,0.008057,Yes,0.7917,large
Pure-VAE,SCALEX,ASW,12,0.292833,12,0,0.000244,Yes,1.0,large
Pure-VAE,SCALEX,DAV,12,1.10147,12,0,0.000244,Yes,1.0,large
Pure-VAE,SCALEX,CAL,12,801.352902,12,0,0.000244,Yes,1.0,large
Pure-VAE,SCALEX,COR,12,4.36021,12,0,0.000244,Yes,1.0,large
Pure-VAE,SCALEX,DRE_umap_overall_quality,12,0.387647,12,0,0.000244,Yes,1.0,large
Pure-VAE,SCALEX,DRE_umap_distance_correlation,12,0.540326,12,0,0.000244,Yes,1.0,large
Pure-VAE,SCALEX,DRE_umap_Q_local,12,0.412703,12,0,0.000244,Yes,1.0,large
Pure-VAE,SCALEX,DRE_umap_Q_global,12,0.209912,12,0,0.000244,Yes,1.0,large
Pure-VAE,SCALEX,DRE_tsne_overall_quality,12,0.391019,12,0,0.000244,Yes,1.0,large
Pure-VAE,SCALEX,DRE_tsne_distance_correlation,12,0.448817,12,0,0.000244,Yes,1.0,large
Pure-VAE,SCALEX,DRE_tsne_Q_local,12,0.464964,12,0,0.000244,Yes,1.0,large
Pure-VAE,SCALEX,DRE_tsne_Q_global,12,0.259277,12,0,0.000244,Yes,1.0,large
Pure-VAE,SCALEX,LSE_overall_quality,12,0.219671,11,1,0.000488,Yes,0.9028,large
Pure-VAE,SCALEX,LSE_core_quality,12,-0.010963,2,10,0.898193,No,-0.3889,medium
Pure-VAE,SCALEX,LSE_manifold_dimensionality,12,0.365585,12,0,0.000244,Yes,1.0,large
Pure-VAE,SCALEX,LSE_spectral_decay_rate,12,0.39267,12,0,0.000244,Yes,1.0,large
Pure-VAE,SCALEX,LSE_participation_ratio,12,-0.434624,2,10,0.924316,No,-0.5972,large
Pure-VAE,SCALEX,LSE_anisotropy_score,12,0.367481,10,2,0.026123,Yes,0.6667,large
Pure-VAE,SCALEX,LSE_trajectory_directionality,12,0.571334,12,0,0.000244,Yes,1.0,large
Pure-VAE,SCALEX,LSE_noise_resilience,12,0.760102,12,0,0.000244,Yes,1.0,large
Pure-VAE,SCALEX,DREX_overall_quality,12,0.131293,11,1,0.000732,Yes,0.8333,large
Pure-VAE,SCALEX,DREX_trustworthiness,12,0.111517,12,0,0.000244,Yes,0.9583,large
Pure-VAE,SCALEX,DREX_continuity,12,-0.017796,7,5,0.484863,No,0.1528,small
Pure-VAE,SCALEX,DREX_distance_spearman,12,0.313032,11,1,0.000488,Yes,0.9861,large
Pure-VAE,SCALEX,DREX_distance_pearson,12,0.294435,11,1,0.000488,Yes,0.9722,large
Pure-VAE,SCALEX,DREX_local_scale_quality,12,0.039711,11,1,0.000732,Yes,0.8333,large
Pure-VAE,SCALEX,DREX_neighborhood_symmetry,12,0.04686,9,3,0.046143,Yes,0.4861,large
Pure-VAE,SCALEX,LSEX_overall_quality,12,0.034172,9,3,0.006104,Yes,0.5556,large
Pure-VAE,SCALEX,LSEX_two_hop_connectivity,12,-0.115224,0,12,1.0,No,-1.0,large
Pure-VAE,SCALEX,LSEX_radial_concentration,12,0.156085,12,0,0.000244,Yes,0.7778,large
Pure-VAE,SCALEX,LSEX_local_curvature,12,0.106191,12,0,0.000244,Yes,1.0,large
Pure-VAE,SCALEX,LSEX_entropy_stability,12,-0.010363,0,12,1.0,No,-1.0,large
Pure-VAE,SCALEX,SecPerEpoch,0,0.0,0,0,,No,-0.0,negligible
Pure-VAE,SCALEX,PeakGPU_MB,0,0.0,0,0,,No,-0.0,negligible
Pure-VAE,SCALEX,NumParams,0,0.0,0,0,,No,-0.0,negligible
Pure-VAE,GMVAE,NMI,12,0.332196,12,0,0.000244,Yes,0.8472,large
Pure-VAE,GMVAE,ARI,12,0.219282,12,0,0.000244,Yes,0.9167,large
Pure-VAE,GMVAE,ASW,12,0.317501,12,0,0.000244,Yes,1.0,large
Pure-VAE,GMVAE,DAV,12,1.911352,12,0,0.000244,Yes,1.0,large
Pure-VAE,GMVAE,CAL,12,813.311921,12,0,0.000244,Yes,1.0,large
Pure-VAE,GMVAE,COR,12,4.383328,12,0,0.000244,Yes,1.0,large
Pure-VAE,GMVAE,DRE_umap_overall_quality,12,0.479215,12,0,0.000244,Yes,1.0,large
Pure-VAE,GMVAE,DRE_umap_distance_correlation,12,0.673621,12,0,0.000244,Yes,1.0,large
Pure-VAE,GMVAE,DRE_umap_Q_local,12,0.496039,12,0,0.000244,Yes,1.0,large
Pure-VAE,GMVAE,DRE_umap_Q_global,12,0.267985,12,0,0.000244,Yes,1.0,large
Pure-VAE,GMVAE,DRE_tsne_overall_quality,12,0.479136,12,0,0.000244,Yes,1.0,large
Pure-VAE,GMVAE,DRE_tsne_distance_correlation,12,0.598422,12,0,0.000244,Yes,1.0,large
Pure-VAE,GMVAE,DRE_tsne_Q_local,12,0.524702,12,0,0.000244,Yes,1.0,large
Pure-VAE,GMVAE,DRE_tsne_Q_global,12,0.314285,12,0,0.000244,Yes,1.0,large
Pure-VAE,GMVAE,LSE_overall_quality,12,0.2384,12,0,0.000244,Yes,0.9722,large
Pure-VAE,GMVAE,LSE_core_quality,12,-0.000983,2,10,0.898193,No,-0.3889,medium
Pure-VAE,GMVAE,LSE_manifold_dimensionality,12,0.447196,12,0,0.000244,Yes,1.0,large
Pure-VAE,GMVAE,LSE_spectral_decay_rate,12,0.445623,12,0,0.000244,Yes,1.0,large
Pure-VAE,GMVAE,LSE_participation_ratio,12,-0.492746,2,10,0.973877,No,-0.6667,large
Pure-VAE,GMVAE,LSE_anisotropy_score,12,0.404006,10,2,0.02124,Yes,0.6667,large
Pure-VAE,GMVAE,LSE_trajectory_directionality,12,0.67024,12,0,0.000244,Yes,1.0,large
Pure-VAE,GMVAE,LSE_noise_resilience,12,0.790292,12,0,0.000244,Yes,1.0,large
Pure-VAE,GMVAE,DREX_overall_quality,12,0.216996,12,0,0.000244,Yes,1.0,large
Pure-VAE,GMVAE,DREX_trustworthiness,12,0.177939,12,0,0.000244,Yes,1.0,large
Pure-VAE,GMVAE,DREX_continuity,12,0.070723,9,3,0.026123,Yes,0.5,large
Pure-VAE,GMVAE,DREX_distance_spearman,12,0.447229,12,0,0.000244,Yes,1.0,large
Pure-VAE,GMVAE,DREX_distance_pearson,12,0.422159,12,0,0.000244,Yes,1.0,large
Pure-VAE,GMVAE,DREX_local_scale_quality,12,0.059595,11,1,0.000488,Yes,0.8333,large
Pure-VAE,GMVAE,DREX_neighborhood_symmetry,12,0.124331,10,2,0.001221,Yes,0.7222,large
Pure-VAE,GMVAE,LSEX_overall_quality,12,0.060247,12,0,0.000244,Yes,1.0,large
Pure-VAE,GMVAE,LSEX_two_hop_connectivity,12,-0.17163,0,12,1.0,No,-1.0,large
Pure-VAE,GMVAE,LSEX_radial_concentration,12,0.296551,12,0,0.000244,Yes,1.0,large
Pure-VAE,GMVAE,LSEX_local_curvature,12,0.127195,12,0,0.000244,Yes,1.0,large
Pure-VAE,GMVAE,LSEX_entropy_stability,12,-0.011129,0,12,1.0,No,-1.0,large
Pure-VAE,GMVAE,SecPerEpoch,0,0.0,0,0,,No,-0.0,negligible
Pure-VAE,GMVAE,PeakGPU_MB,0,0.0,0,0,,No,-0.0,negligible
Pure-VAE,GMVAE,NumParams,0,0.0,0,0,,No,-0.0,negligible
Pure-Transformer-VAE,scDHMap,NMI,12,-0.103954,2,10,0.999268,No,-0.5556,large
Pure-Transformer-VAE,scDHMap,ARI,12,-0.073615,3,9,0.991943,No,-0.3611,medium
Pure-Transformer-VAE,scDHMap,ASW,12,-0.022524,3,9,0.809814,No,-0.2639,small
Pure-Transformer-VAE,scDHMap,DAV,12,0.017206,7,5,0.454834,No,0.1389,negligible
Pure-Transformer-VAE,scDHMap,CAL,12,1698.575545,11,1,0.000732,Yes,0.8333,large
Pure-Transformer-VAE,scDHMap,COR,12,1.883909,10,2,0.002441,Yes,0.7778,large
Pure-Transformer-VAE,scDHMap,DRE_umap_overall_quality,12,0.01614,8,4,0.150635,No,0.1806,small
Pure-Transformer-VAE,scDHMap,DRE_umap_distance_correlation,12,0.040102,9,3,0.054932,No,0.3056,small
Pure-Transformer-VAE,scDHMap,DRE_umap_Q_local,12,-0.024018,4,8,0.898193,No,-0.0972,negligible
Pure-Transformer-VAE,scDHMap,DRE_umap_Q_global,12,0.032336,9,3,0.01709,Yes,0.3889,medium
Pure-Transformer-VAE,scDHMap,DRE_tsne_overall_quality,12,0.033022,7,5,0.088135,No,0.2778,small
Pure-Transformer-VAE,scDHMap,DRE_tsne_distance_correlation,12,0.067664,8,4,0.046143,Yes,0.4306,medium
Pure-Transformer-VAE,scDHMap,DRE_tsne_Q_local,12,-0.023994,3,9,0.911865,No,-0.0833,negligible
Pure-Transformer-VAE,scDHMap,DRE_tsne_Q_global,12,0.055396,10,2,0.001221,Yes,0.6389,large
Pure-Transformer-VAE,scDHMap,LSE_overall_quality,12,0.066018,6,6,0.116699,No,0.3472,medium
Pure-Transformer-VAE,scDHMap,LSE_core_quality,12,-0.036982,3,9,0.97876,No,-0.375,medium
Pure-Transformer-VAE,scDHMap,LSE_manifold_dimensionality,12,-0.072747,1,11,0.997559,No,-0.8194,large
Pure-Transformer-VAE,scDHMap,LSE_spectral_decay_rate,12,-0.006392,5,7,0.633301,No,0.0139,negligible
Pure-Transformer-VAE,scDHMap,LSE_participation_ratio,12,-0.130677,1,11,0.999268,No,-0.625,large
Pure-Transformer-VAE,scDHMap,LSE_anisotropy_score,12,-0.061889,3,9,0.898193,No,-0.3889,medium
Pure-Transformer-VAE,scDHMap,LSE_trajectory_directionality,12,0.286561,11,1,0.000488,Yes,0.8611,large
Pure-Transformer-VAE,scDHMap,LSE_noise_resilience,12,0.253182,6,5,0.07373,No,0.4306,medium
Pure-Transformer-VAE,scDHMap,DREX_overall_quality,12,-0.156127,0,12,1.0,No,-0.9306,large
Pure-Transformer-VAE,scDHMap,DREX_trustworthiness,12,-0.126621,0,12,1.0,No,-1.0,large
Pure-Transformer-VAE,scDHMap,DREX_continuity,12,-0.170826,0,12,1.0,No,-1.0,large
Pure-Transformer-VAE,scDHMap,DREX_distance_spearman,12,-0.176409,2,10,0.997559,No,-0.6528,large
Pure-Transformer-VAE,scDHMap,DREX_distance_pearson,12,-0.280034,1,11,0.999756,No,-0.8611,large
Pure-Transformer-VAE,scDHMap,DREX_local_scale_quality,12,-0.03415,0,12,1.0,No,-0.9306,large
Pure-Transformer-VAE,scDHMap,DREX_neighborhood_symmetry,12,-0.148723,0,12,1.0,No,-1.0,large
Pure-Transformer-VAE,scDHMap,LSEX_overall_quality,12,0.030215,9,3,0.075684,No,0.5,large
Pure-Transformer-VAE,scDHMap,LSEX_two_hop_connectivity,12,0.004811,7,5,0.190186,No,0.1111,negligible
Pure-Transformer-VAE,scDHMap,LSEX_radial_concentration,12,0.087787,9,3,0.133057,No,0.5,large
Pure-Transformer-VAE,scDHMap,LSEX_local_curvature,12,0.025629,8,4,0.088135,No,0.3194,small
Pure-Transformer-VAE,scDHMap,LSEX_entropy_stability,12,0.002631,9,3,0.054932,No,0.4444,medium
Pure-Transformer-VAE,scDHMap,SecPerEpoch,0,0.0,0,0,,No,-0.0,negligible
Pure-Transformer-VAE,scDHMap,PeakGPU_MB,0,0.0,0,0,,No,-0.0,negligible
Pure-Transformer-VAE,scDHMap,NumParams,0,0.0,0,0,,No,-0.0,negligible
Pure-Transformer-VAE,CLEAR,NMI,12,-0.141695,0,12,1.0,No,-0.7361,large
Pure-Transformer-VAE,CLEAR,ARI,12,-0.109838,2,10,0.998291,No,-0.5,large
Pure-Transformer-VAE,CLEAR,ASW,12,0.246399,12,0,0.000244,Yes,1.0,large
Pure-Transformer-VAE,CLEAR,DAV,12,2.055275,12,0,0.000244,Yes,1.0,large
Pure-Transformer-VAE,CLEAR,CAL,12,1999.011482,12,0,0.000244,Yes,1.0,large
Pure-Transformer-VAE,CLEAR,COR,12,-7.145253,0,12,1.0,No,-1.0,large
Pure-Transformer-VAE,CLEAR,DRE_umap_overall_quality,12,0.266708,12,0,0.000244,Yes,1.0,large
Pure-Transformer-VAE,CLEAR,DRE_umap_distance_correlation,12,0.39524,12,0,0.000244,Yes,1.0,large
Pure-Transformer-VAE,CLEAR,DRE_umap_Q_local,12,0.223025,12,0,0.000244,Yes,0.9722,large
Pure-Transformer-VAE,CLEAR,DRE_umap_Q_global,12,0.181859,12,0,0.000244,Yes,1.0,large
Pure-Transformer-VAE,CLEAR,DRE_tsne_overall_quality,12,0.281935,12,0,0.000244,Yes,1.0,large
Pure-Transformer-VAE,CLEAR,DRE_tsne_distance_correlation,12,0.414165,12,0,0.000244,Yes,1.0,large
Pure-Transformer-VAE,CLEAR,DRE_tsne_Q_local,12,0.227045,12,0,0.000244,Yes,1.0,large
Pure-Transformer-VAE,CLEAR,DRE_tsne_Q_global,12,0.204596,12,0,0.000244,Yes,1.0,large
Pure-Transformer-VAE,CLEAR,LSE_overall_quality,12,0.25929,12,0,0.000244,Yes,1.0,large
Pure-Transformer-VAE,CLEAR,LSE_core_quality,12,0.022406,7,5,0.088135,No,0.1111,negligible
Pure-Transformer-VAE,CLEAR,LSE_manifold_dimensionality,12,0.153764,12,0,0.000244,Yes,0.9028,large
Pure-Transformer-VAE,CLEAR,LSE_spectral_decay_rate,12,0.400215,12,0,0.000244,Yes,1.0,large
Pure-Transformer-VAE,CLEAR,LSE_participation_ratio,12,-0.185307,0,12,1.0,No,-0.7639,large
Pure-Transformer-VAE,CLEAR,LSE_anisotropy_score,12,0.279048,9,3,0.006104,Yes,0.7778,large
Pure-Transformer-VAE,CLEAR,LSE_trajectory_directionality,12,0.692408,12,0,0.000244,Yes,1.0,large
Pure-Transformer-VAE,CLEAR,LSE_noise_resilience,12,0.752925,12,0,0.000244,Yes,1.0,large
Pure-Transformer-VAE,CLEAR,DREX_overall_quality,12,0.012758,6,6,0.311035,No,0.0417,negligible
Pure-Transformer-VAE,CLEAR,DREX_trustworthiness,12,-0.050454,0,12,1.0,No,-0.5,large
Pure-Transformer-VAE,CLEAR,DREX_continuity,12,-0.110864,0,12,1.0,No,-0.7222,large
Pure-Transformer-VAE,CLEAR,DREX_distance_spearman,12,0.181146,9,3,0.003418,Yes,0.7222,large
Pure-Transformer-VAE,CLEAR,DREX_distance_pearson,12,0.050711,8,4,0.169678,No,0.2917,small
Pure-Transformer-VAE,CLEAR,DREX_local_scale_quality,12,0.086668,12,0,0.000244,Yes,1.0,large
Pure-Transformer-VAE,CLEAR,DREX_neighborhood_symmetry,12,-0.080659,0,12,1.0,No,-0.6528,large
Pure-Transformer-VAE,CLEAR,LSEX_overall_quality,12,0.061882,10,2,0.003418,Yes,0.6528,large
Pure-Transformer-VAE,CLEAR,LSEX_two_hop_connectivity,12,-0.083488,0,12,1.0,No,-0.9861,large
Pure-Transformer-VAE,CLEAR,LSEX_radial_concentration,12,0.241634,10,2,0.003418,Yes,0.6667,large
Pure-Transformer-VAE,CLEAR,LSEX_local_curvature,12,0.096929,12,0,0.000244,Yes,1.0,large
Pure-Transformer-VAE,CLEAR,LSEX_entropy_stability,12,-0.007547,0,12,1.0,No,-0.9722,large
Pure-Transformer-VAE,CLEAR,SecPerEpoch,0,0.0,0,0,,No,-0.0,negligible
Pure-Transformer-VAE,CLEAR,PeakGPU_MB,0,0.0,0,0,,No,-0.0,negligible
Pure-Transformer-VAE,CLEAR,NumParams,0,0.0,0,0,,No,-0.0,negligible
Pure-Transformer-VAE,scDAC,NMI,12,0.050181,7,5,0.116699,No,0.3333,medium
Pure-Transformer-VAE,scDAC,ARI,12,0.041167,8,4,0.211914,No,0.1806,small
Pure-Transformer-VAE,scDAC,ASW,12,-0.215875,0,12,1.0,No,-0.8194,large
Pure-Transformer-VAE,scDAC,DAV,12,-0.455501,0,12,1.0,No,-0.9306,large
Pure-Transformer-VAE,scDAC,CAL,12,-30030.183007,3,9,0.993896,No,-0.7083,large
Pure-Transformer-VAE,scDAC,COR,12,-1.631641,2,10,0.98291,No,-0.5694,large
Pure-Transformer-VAE,scDAC,DRE_umap_overall_quality,12,0.011459,6,6,0.211914,No,0.0694,negligible
Pure-Transformer-VAE,scDAC,DRE_umap_distance_correlation,12,0.087924,9,3,0.006104,Yes,0.5,large
Pure-Transformer-VAE,scDAC,DRE_umap_Q_local,12,-0.074818,2,10,0.998779,No,-0.5139,large
Pure-Transformer-VAE,scDAC,DRE_umap_Q_global,12,0.021272,8,4,0.101807,No,0.25,small
Pure-Transformer-VAE,scDAC,DRE_tsne_overall_quality,12,-0.004421,5,7,0.661377,No,0.0,negligible
Pure-Transformer-VAE,scDAC,DRE_tsne_distance_correlation,12,0.068942,9,3,0.008057,Yes,0.4583,medium
Pure-Transformer-VAE,scDAC,DRE_tsne_Q_local,12,-0.08313,2,10,0.999268,No,-0.6528,large
Pure-Transformer-VAE,scDAC,DRE_tsne_Q_global,12,0.000925,6,6,0.484863,No,-0.0417,negligible
Pure-Transformer-VAE,scDAC,LSE_overall_quality,12,-0.119793,1,11,0.998291,No,-0.6806,large
Pure-Transformer-VAE,scDAC,LSE_core_quality,12,-0.126315,1,11,0.999756,No,-0.8056,large
Pure-Transformer-VAE,scDAC,LSE_manifold_dimensionality,12,-0.109966,2,10,0.999268,No,-0.8333,large
Pure-Transformer-VAE,scDAC,LSE_spectral_decay_rate,12,0.009321,7,5,0.338623,No,0.1389,negligible
Pure-Transformer-VAE,scDAC,LSE_participation_ratio,12,-0.413441,1,11,0.995361,No,-0.7639,large
Pure-Transformer-VAE,scDAC,LSE_anisotropy_score,12,-0.008826,5,7,0.688965,No,-0.1528,small
Pure-Transformer-VAE,scDAC,LSE_trajectory_directionality,12,0.017588,7,5,0.425049,No,0.0556,negligible
Pure-Transformer-VAE,scDAC,LSE_noise_resilience,12,-0.108176,3,6,0.875,No,-0.2639,small
Pure-Transformer-VAE,scDAC,DREX_overall_quality,12,-0.068699,2,10,0.986572,No,-0.5694,large
Pure-Transformer-VAE,scDAC,DREX_trustworthiness,12,-0.122563,0,12,1.0,No,-1.0,large
Pure-Transformer-VAE,scDAC,DREX_continuity,12,-0.178837,0,12,1.0,No,-1.0,large
Pure-Transformer-VAE,scDAC,DREX_distance_spearman,12,-0.128233,4,8,0.953857,No,-0.4861,large
Pure-Transformer-VAE,scDAC,DREX_distance_pearson,12,0.194159,8,4,0.054932,No,0.5278,large
Pure-Transformer-VAE,scDAC,DREX_local_scale_quality,12,-0.026022,1,11,0.998779,No,-0.8333,large
Pure-Transformer-VAE,scDAC,DREX_neighborhood_symmetry,12,-0.1507,0,12,1.0,No,-1.0,large
Pure-Transformer-VAE,scDAC,LSEX_overall_quality,12,0.090589,9,3,0.006104,Yes,0.6111,large
Pure-Transformer-VAE,scDAC,LSEX_two_hop_connectivity,12,0.026372,12,0,0.000244,Yes,0.8472,large
Pure-Transformer-VAE,scDAC,LSEX_radial_concentration,12,0.394296,9,3,0.006104,Yes,0.6528,large
Pure-Transformer-VAE,scDAC,LSEX_local_curvature,12,-0.064408,2,10,0.998291,No,-0.5972,large
Pure-Transformer-VAE,scDAC,LSEX_entropy_stability,12,0.006095,11,1,0.001221,Yes,0.6944,large
Pure-Transformer-VAE,scDAC,SecPerEpoch,0,0.0,0,0,,No,-0.0,negligible
Pure-Transformer-VAE,scDAC,PeakGPU_MB,0,0.0,0,0,,No,-0.0,negligible
Pure-Transformer-VAE,scDAC,NumParams,0,0.0,0,0,,No,-0.0,negligible
Pure-Transformer-VAE,scDeepCluster,NMI,12,0.036914,9,3,0.075684,No,0.25,small
Pure-Transformer-VAE,scDeepCluster,ARI,12,0.059125,9,3,0.031982,Yes,0.3472,medium
Pure-Transformer-VAE,scDeepCluster,ASW,12,0.135258,12,0,0.000244,Yes,0.8611,large
Pure-Transformer-VAE,scDeepCluster,DAV,12,0.538353,12,0,0.000244,Yes,0.875,large
Pure-Transformer-VAE,scDeepCluster,CAL,12,1901.433338,12,0,0.000244,Yes,1.0,large
Pure-Transformer-VAE,scDeepCluster,COR,12,2.529245,11,1,0.000488,Yes,0.9028,large
Pure-Transformer-VAE,scDeepCluster,DRE_umap_overall_quality,12,0.073455,11,1,0.000732,Yes,0.6806,large
Pure-Transformer-VAE,scDeepCluster,DRE_umap_distance_correlation,12,0.043587,9,3,0.054932,No,0.4167,medium
Pure-Transformer-VAE,scDeepCluster,DRE_umap_Q_local,12,0.132695,12,0,0.000244,Yes,0.8472,large
Pure-Transformer-VAE,scDeepCluster,DRE_umap_Q_global,12,0.044082,10,2,0.003418,Yes,0.5556,large
Pure-Transformer-VAE,scDeepCluster,DRE_tsne_overall_quality,12,0.098254,12,0,0.000244,Yes,0.7778,large
Pure-Transformer-VAE,scDeepCluster,DRE_tsne_distance_correlation,12,0.074556,10,2,0.001709,Yes,0.5556,large
Pure-Transformer-VAE,scDeepCluster,DRE_tsne_Q_local,12,0.137687,12,0,0.000244,Yes,0.8611,large
Pure-Transformer-VAE,scDeepCluster,DRE_tsne_Q_global,12,0.082519,12,0,0.000244,Yes,0.8194,large
Pure-Transformer-VAE,scDeepCluster,LSE_overall_quality,12,0.151997,11,1,0.000488,Yes,0.9444,large
Pure-Transformer-VAE,scDeepCluster,LSE_core_quality,12,-0.000443,6,6,0.545166,No,-0.0417,negligible
Pure-Transformer-VAE,scDeepCluster,LSE_manifold_dimensionality,12,0.121165,11,1,0.002441,Yes,0.7639,large
Pure-Transformer-VAE,scDeepCluster,LSE_spectral_decay_rate,12,0.108361,11,1,0.000732,Yes,0.8333,large
Pure-Transformer-VAE,scDeepCluster,LSE_participation_ratio,12,-0.110043,1,11,0.999756,No,-0.5417,large
Pure-Transformer-VAE,scDeepCluster,LSE_anisotropy_score,12,0.121256,9,3,0.02124,Yes,0.3889,medium
Pure-Transformer-VAE,scDeepCluster,LSE_trajectory_directionality,12,0.161564,9,3,0.006104,Yes,0.6111,large
Pure-Transformer-VAE,scDeepCluster,LSE_noise_resilience,12,0.496559,12,0,0.000244,Yes,0.8889,large
Pure-Transformer-VAE,scDeepCluster,DREX_overall_quality,12,-0.135585,0,12,1.0,No,-0.9028,large
Pure-Transformer-VAE,scDeepCluster,DREX_trustworthiness,12,-0.084283,1,11,0.999756,No,-0.8472,large
Pure-Transformer-VAE,scDeepCluster,DREX_continuity,12,-0.148411,0,12,1.0,No,-0.9583,large
Pure-Transformer-VAE,scDeepCluster,DREX_distance_spearman,12,-0.172878,3,9,0.995361,No,-0.6667,large
Pure-Transformer-VAE,scDeepCluster,DREX_distance_pearson,12,-0.3031,1,11,0.999756,No,-0.875,large
Pure-Transformer-VAE,scDeepCluster,DREX_local_scale_quality,12,0.011507,10,2,0.031982,Yes,0.5972,large
Pure-Transformer-VAE,scDeepCluster,DREX_neighborhood_symmetry,12,-0.116347,1,11,0.999756,No,-0.9028,large
Pure-Transformer-VAE,scDeepCluster,LSEX_overall_quality,12,0.011755,8,4,0.190186,No,0.4444,medium
Pure-Transformer-VAE,scDeepCluster,LSEX_two_hop_connectivity,12,-0.043434,0,12,1.0,No,-0.9306,large
Pure-Transformer-VAE,scDeepCluster,LSEX_radial_concentration,12,0.032255,9,3,0.190186,No,0.4444,medium
Pure-Transformer-VAE,scDeepCluster,LSEX_local_curvature,12,0.063231,12,0,0.000244,Yes,0.9722,large
Pure-Transformer-VAE,scDeepCluster,LSEX_entropy_stability,12,-0.005034,0,12,1.0,No,-0.8056,large
Pure-Transformer-VAE,scDeepCluster,SecPerEpoch,0,0.0,0,0,,No,-0.0,negligible
Pure-Transformer-VAE,scDeepCluster,PeakGPU_MB,0,0.0,0,0,,No,-0.0,negligible
Pure-Transformer-VAE,scDeepCluster,NumParams,0,0.0,0,0,,No,-0.0,negligible
Pure-Transformer-VAE,scGNN,NMI,12,0.133816,11,1,0.008057,Yes,0.625,large
Pure-Transformer-VAE,scGNN,ARI,12,0.14038,11,1,0.002441,Yes,0.7083,large
Pure-Transformer-VAE,scGNN,ASW,12,0.012503,4,8,0.545166,No,-0.0694,negligible
Pure-Transformer-VAE,scGNN,DAV,12,0.130401,7,5,0.133057,No,0.4167,medium
Pure-Transformer-VAE,scGNN,CAL,12,1828.264037,12,0,0.000244,Yes,0.9444,large
Pure-Transformer-VAE,scGNN,COR,12,2.185922,12,0,0.000244,Yes,0.7778,large
Pure-Transformer-VAE,scGNN,DRE_umap_overall_quality,12,0.06712,9,3,0.01709,Yes,0.5417,large
Pure-Transformer-VAE,scGNN,DRE_umap_distance_correlation,12,0.068307,8,4,0.088135,No,0.4028,medium
Pure-Transformer-VAE,scGNN,DRE_umap_Q_local,12,0.063452,9,3,0.02124,Yes,0.4167,medium
Pure-Transformer-VAE,scGNN,DRE_umap_Q_global,12,0.0696,10,2,0.001709,Yes,0.6806,large
Pure-Transformer-VAE,scGNN,DRE_tsne_overall_quality,12,0.071075,9,3,0.010498,Yes,0.5972,large
Pure-Transformer-VAE,scGNN,DRE_tsne_distance_correlation,12,0.089704,8,4,0.038574,Yes,0.5278,large
Pure-Transformer-VAE,scGNN,DRE_tsne_Q_local,12,0.038545,7,5,0.088135,No,0.2083,small
Pure-Transformer-VAE,scGNN,DRE_tsne_Q_global,12,0.084975,11,1,0.000488,Yes,0.8056,large
Pure-Transformer-VAE,scGNN,LSE_overall_quality,12,0.096595,8,4,0.026123,Yes,0.5694,large
Pure-Transformer-VAE,scGNN,LSE_core_quality,12,-0.030303,1,11,0.989502,No,-0.2917,small
Pure-Transformer-VAE,scGNN,LSE_manifold_dimensionality,12,0.094305,9,3,0.01709,Yes,0.5833,large
Pure-Transformer-VAE,scGNN,LSE_spectral_decay_rate,12,0.042273,6,6,0.211914,No,0.3056,small
Pure-Transformer-VAE,scGNN,LSE_participation_ratio,12,-0.237271,1,11,0.997559,No,-0.7222,large
Pure-Transformer-VAE,scGNN,LSE_anisotropy_score,12,0.020519,9,3,0.234863,No,0.1111,negligible
Pure-Transformer-VAE,scGNN,LSE_trajectory_directionality,12,0.295795,12,0,0.000244,Yes,0.9167,large
Pure-Transformer-VAE,scGNN,LSE_noise_resilience,12,0.372259,8,4,0.01709,Yes,0.6458,large
Pure-Transformer-VAE,scGNN,DREX_overall_quality,12,-0.123338,1,11,0.999756,No,-0.7917,large
Pure-Transformer-VAE,scGNN,DREX_trustworthiness,12,-0.111959,0,12,1.0,No,-0.9583,large
Pure-Transformer-VAE,scGNN,DREX_continuity,12,-0.159237,0,12,1.0,No,-0.9861,large
Pure-Transformer-VAE,scGNN,DREX_distance_spearman,12,-0.148005,2,10,0.993896,No,-0.5278,large
Pure-Transformer-VAE,scGNN,DREX_distance_pearson,12,-0.233157,2,10,0.999268,No,-0.7361,large
Pure-Transformer-VAE,scGNN,DREX_local_scale_quality,12,0.047929,10,2,0.004639,Yes,0.6111,large
Pure-Transformer-VAE,scGNN,DREX_neighborhood_symmetry,12,-0.135598,0,12,1.0,No,-0.9861,large
Pure-Transformer-VAE,scGNN,LSEX_overall_quality,12,0.011743,8,4,0.234863,No,0.4306,medium
Pure-Transformer-VAE,scGNN,LSEX_two_hop_connectivity,12,-0.006973,6,6,0.765137,No,-0.2361,small
Pure-Transformer-VAE,scGNN,LSEX_radial_concentration,12,0.015364,8,4,0.338623,No,0.3889,medium
Pure-Transformer-VAE,scGNN,LSEX_local_curvature,12,0.030166,9,3,0.046143,Yes,0.4306,medium
Pure-Transformer-VAE,scGNN,LSEX_entropy_stability,12,0.008417,10,2,0.002441,Yes,0.5833,large
Pure-Transformer-VAE,scGNN,SecPerEpoch,0,0.0,0,0,,No,-0.0,negligible
Pure-Transformer-VAE,scGNN,PeakGPU_MB,0,0.0,0,0,,No,-0.0,negligible
Pure-Transformer-VAE,scGNN,NumParams,0,0.0,0,0,,No,-0.0,negligible
Pure-Transformer-VAE,siVAE,NMI,12,0.208311,11,1,0.000488,Yes,0.75,large
Pure-Transformer-VAE,siVAE,ARI,12,0.17453,11,1,0.000488,Yes,0.7083,large
Pure-Transformer-VAE,siVAE,ASW,12,0.029835,6,6,0.259277,No,0.1389,negligible
Pure-Transformer-VAE,siVAE,DAV,12,0.109064,6,6,0.133057,No,0.2917,small
Pure-Transformer-VAE,siVAE,CAL,12,1171.403699,11,1,0.010498,Yes,0.5556,large
Pure-Transformer-VAE,siVAE,COR,12,0.949681,9,3,0.02124,Yes,0.2778,small
Pure-Transformer-VAE,siVAE,DRE_umap_overall_quality,12,-0.00799,4,8,0.765137,No,-0.0694,negligible
Pure-Transformer-VAE,siVAE,DRE_umap_distance_correlation,12,-0.024464,3,9,0.883301,No,-0.2361,small
Pure-Transformer-VAE,siVAE,DRE_umap_Q_local,12,0.011892,7,5,0.366699,No,0.1667,small
Pure-Transformer-VAE,siVAE,DRE_umap_Q_global,12,-0.011397,5,7,0.830322,No,-0.1111,negligible
Pure-Transformer-VAE,siVAE,DRE_tsne_overall_quality,12,0.010656,8,4,0.366699,No,0.1111,negligible
Pure-Transformer-VAE,siVAE,DRE_tsne_distance_correlation,12,0.005146,6,6,0.484863,No,0.0278,negligible
Pure-Transformer-VAE,siVAE,DRE_tsne_Q_local,12,0.014407,9,3,0.234863,No,0.1806,small
Pure-Transformer-VAE,siVAE,DRE_tsne_Q_global,12,0.012414,8,4,0.311035,No,0.1806,small
Pure-Transformer-VAE,siVAE,LSE_overall_quality,12,-0.071206,2,10,0.961426,No,-0.6944,large
Pure-Transformer-VAE,siVAE,LSE_core_quality,12,-0.058222,2,10,0.995361,No,-0.5139,large
Pure-Transformer-VAE,siVAE,LSE_manifold_dimensionality,12,-0.124672,2,10,0.998291,No,-0.7778,large
Pure-Transformer-VAE,siVAE,LSE_spectral_decay_rate,12,-0.01716,4,8,0.809814,No,-0.25,small
Pure-Transformer-VAE,siVAE,LSE_participation_ratio,12,-0.075811,6,6,0.715332,No,0.1528,small
Pure-Transformer-VAE,siVAE,LSE_anisotropy_score,12,0.015247,6,6,0.366699,No,0.0139,negligible
Pure-Transformer-VAE,siVAE,LSE_trajectory_directionality,12,-0.078594,4,8,0.883301,No,-0.3194,small
Pure-Transformer-VAE,siVAE,LSE_noise_resilience,12,-0.111522,2,6,0.875,No,-0.3472,medium
Pure-Transformer-VAE,siVAE,DREX_overall_quality,12,-0.16912,0,12,1.0,No,-0.9583,large
Pure-Transformer-VAE,siVAE,DREX_trustworthiness,12,-0.115136,0,12,1.0,No,-0.9722,large
Pure-Transformer-VAE,siVAE,DREX_continuity,12,-0.170864,0,12,1.0,No,-0.9861,large
Pure-Transformer-VAE,siVAE,DREX_distance_spearman,12,-0.241395,0,12,1.0,No,-0.8611,large
Pure-Transformer-VAE,siVAE,DREX_distance_pearson,12,-0.330873,0,12,1.0,No,-0.9028,large
Pure-Transformer-VAE,siVAE,DREX_local_scale_quality,12,-0.01345,4,8,0.945068,No,-0.3472,medium
Pure-Transformer-VAE,siVAE,DREX_neighborhood_symmetry,12,-0.143,0,12,1.0,No,-0.9722,large
Pure-Transformer-VAE,siVAE,LSEX_overall_quality,12,-0.033114,4,8,0.830322,No,-0.2917,small
Pure-Transformer-VAE,siVAE,LSEX_two_hop_connectivity,12,-0.005302,7,5,0.715332,No,-0.1389,negligible
Pure-Transformer-VAE,siVAE,LSEX_radial_concentration,12,-0.153389,4,8,0.945068,No,-0.4444,medium
Pure-Transformer-VAE,siVAE,LSEX_local_curvature,12,0.028398,8,4,0.064697,No,0.3889,medium
Pure-Transformer-VAE,siVAE,LSEX_entropy_stability,12,-0.002164,2,10,0.991943,No,-0.3472,medium
Pure-Transformer-VAE,siVAE,SecPerEpoch,0,0.0,0,0,,No,-0.0,negligible
Pure-Transformer-VAE,siVAE,PeakGPU_MB,0,0.0,0,0,,No,-0.0,negligible
Pure-Transformer-VAE,siVAE,NumParams,0,0.0,0,0,,No,-0.0,negligible
Pure-Transformer-VAE,scSMD,NMI,12,0.274483,12,0,0.000244,Yes,0.8194,large
Pure-Transformer-VAE,scSMD,ARI,12,0.202606,11,1,0.000732,Yes,0.7778,large
Pure-Transformer-VAE,scSMD,ASW,12,0.011662,5,7,0.604492,No,0.0139,negligible
Pure-Transformer-VAE,scSMD,DAV,12,0.003716,6,6,0.484863,No,0.0833,negligible
Pure-Transformer-VAE,scSMD,CAL,12,929.559876,7,5,0.133057,No,0.4167,medium
Pure-Transformer-VAE,scSMD,COR,12,-0.842253,4,8,0.898193,No,-0.3056,small
Pure-Transformer-VAE,scSMD,DRE_umap_overall_quality,12,-0.022481,7,5,0.765137,No,-0.2361,small
Pure-Transformer-VAE,scSMD,DRE_umap_distance_correlation,12,-0.029216,5,7,0.765137,No,-0.1806,small
Pure-Transformer-VAE,scSMD,DRE_umap_Q_local,12,-0.02148,7,5,0.633301,No,0.0139,negligible
Pure-Transformer-VAE,scSMD,DRE_umap_Q_global,12,-0.016747,6,6,0.830322,No,-0.2778,small
Pure-Transformer-VAE,scSMD,DRE_tsne_overall_quality,12,-0.021548,5,7,0.788086,No,-0.1806,small
Pure-Transformer-VAE,scSMD,DRE_tsne_distance_correlation,12,-0.028218,5,7,0.788086,No,-0.1806,small
Pure-Transformer-VAE,scSMD,DRE_tsne_Q_local,12,-0.02063,5,7,0.830322,No,-0.1111,negligible
Pure-Transformer-VAE,scSMD,DRE_tsne_Q_global,12,-0.015797,5,7,0.788086,No,-0.1944,small
Pure-Transformer-VAE,scSMD,LSE_overall_quality,12,-0.113586,0,12,1.0,No,-0.9861,large
Pure-Transformer-VAE,scSMD,LSE_core_quality,12,-0.070078,1,11,0.996582,No,-0.5694,large
Pure-Transformer-VAE,scSMD,LSE_manifold_dimensionality,12,-0.165571,0,12,1.0,No,-1.0,large
Pure-Transformer-VAE,scSMD,LSE_spectral_decay_rate,12,-0.039398,4,8,0.911865,No,-0.3056,small
Pure-Transformer-VAE,scSMD,LSE_participation_ratio,12,-0.051503,7,5,0.515137,No,0.2083,small
Pure-Transformer-VAE,scSMD,LSE_anisotropy_score,12,0.023841,8,4,0.311035,No,0.1806,small
Pure-Transformer-VAE,scSMD,LSE_trajectory_directionality,12,-0.113127,3,9,0.935303,No,-0.3611,medium
Pure-Transformer-VAE,scSMD,LSE_noise_resilience,12,-0.223861,0,7,1.0,No,-0.5486,large
Pure-Transformer-VAE,scSMD,DREX_overall_quality,12,-0.156711,0,12,1.0,No,-0.9444,large
Pure-Transformer-VAE,scSMD,DREX_trustworthiness,12,-0.118587,0,12,1.0,No,-1.0,large
Pure-Transformer-VAE,scSMD,DREX_continuity,12,-0.173609,0,12,1.0,No,-1.0,large
Pure-Transformer-VAE,scSMD,DREX_distance_spearman,12,-0.24619,0,12,1.0,No,-0.875,large
Pure-Transformer-VAE,scSMD,DREX_distance_pearson,12,-0.256938,1,11,0.999512,No,-0.7361,large
Pure-Transformer-VAE,scSMD,DREX_local_scale_quality,12,0.001159,8,4,0.284668,No,0.1528,small
Pure-Transformer-VAE,scSMD,DREX_neighborhood_symmetry,12,-0.146098,0,12,1.0,No,-1.0,large
Pure-Transformer-VAE,scSMD,LSEX_overall_quality,12,-0.032045,5,7,0.898193,No,-0.4444,medium
Pure-Transformer-VAE,scSMD,LSEX_two_hop_connectivity,12,0.002805,8,4,0.234863,No,0.0417,negligible
Pure-Transformer-VAE,scSMD,LSEX_radial_concentration,12,-0.144607,4,8,0.961426,No,-0.5278,large
Pure-Transformer-VAE,scSMD,LSEX_local_curvature,12,0.01469,4,8,0.515137,No,0.1528,small
Pure-Transformer-VAE,scSMD,LSEX_entropy_stability,12,-0.001069,5,7,0.809814,No,-0.1528,small
Pure-Transformer-VAE,scSMD,SecPerEpoch,0,0.0,0,0,,No,-0.0,negligible
Pure-Transformer-VAE,scSMD,PeakGPU_MB,0,0.0,0,0,,No,-0.0,negligible
Pure-Transformer-VAE,scSMD,NumParams,0,0.0,0,0,,No,-0.0,negligible
Pure-Transformer-VAE,scDiffusion,NMI,12,0.327507,12,0,0.000244,Yes,0.8333,large
Pure-Transformer-VAE,scDiffusion,ARI,12,0.238831,12,0,0.000244,Yes,0.9028,large
Pure-Transformer-VAE,scDiffusion,ASW,12,0.17045,12,0,0.000244,Yes,0.9861,large
Pure-Transformer-VAE,scDiffusion,DAV,12,0.582417,11,1,0.000488,Yes,0.9444,large
Pure-Transformer-VAE,scDiffusion,CAL,12,1934.029293,12,0,0.000244,Yes,1.0,large
Pure-Transformer-VAE,scDiffusion,COR,12,3.861318,12,0,0.000244,Yes,1.0,large
Pure-Transformer-VAE,scDiffusion,DRE_umap_overall_quality,12,0.094997,11,1,0.000488,Yes,0.6667,large
Pure-Transformer-VAE,scDiffusion,DRE_umap_distance_correlation,12,0.080828,9,3,0.01709,Yes,0.4167,medium
Pure-Transformer-VAE,scDiffusion,DRE_umap_Q_local,12,0.153283,11,1,0.000488,Yes,0.875,large
Pure-Transformer-VAE,scDiffusion,DRE_umap_Q_global,12,0.050879,11,1,0.004639,Yes,0.5278,large
Pure-Transformer-VAE,scDiffusion,DRE_tsne_overall_quality,12,0.155548,12,0,0.000244,Yes,0.9167,large
Pure-Transformer-VAE,scDiffusion,DRE_tsne_distance_correlation,12,0.139431,11,1,0.000488,Yes,0.7778,large
Pure-Transformer-VAE,scDiffusion,DRE_tsne_Q_local,12,0.210424,12,0,0.000244,Yes,0.9722,large
Pure-Transformer-VAE,scDiffusion,DRE_tsne_Q_global,12,0.116788,12,0,0.000244,Yes,0.9028,large
Pure-Transformer-VAE,scDiffusion,LSE_overall_quality,12,0.139147,11,1,0.000488,Yes,0.8333,large
Pure-Transformer-VAE,scDiffusion,LSE_core_quality,12,-0.015016,3,9,0.924316,No,-0.2222,small
Pure-Transformer-VAE,scDiffusion,LSE_manifold_dimensionality,12,0.138794,11,1,0.000488,Yes,0.8472,large
Pure-Transformer-VAE,scDiffusion,LSE_spectral_decay_rate,12,0.138056,11,1,0.000732,Yes,0.875,large
Pure-Transformer-VAE,scDiffusion,LSE_participation_ratio,12,-0.212178,0,12,1.0,No,-0.7917,large
Pure-Transformer-VAE,scDiffusion,LSE_anisotropy_score,12,0.124735,8,4,0.046143,Yes,0.3889,medium
Pure-Transformer-VAE,scDiffusion,LSE_trajectory_directionality,12,0.299382,11,1,0.000488,Yes,0.8611,large
Pure-Transformer-VAE,scDiffusion,LSE_noise_resilience,12,0.490493,11,1,0.000488,Yes,0.8611,large
Pure-Transformer-VAE,scDiffusion,DREX_overall_quality,12,-0.110121,1,11,0.999756,No,-0.7778,large
Pure-Transformer-VAE,scDiffusion,DREX_trustworthiness,12,-0.057631,5,7,0.968018,No,-0.5417,large
Pure-Transformer-VAE,scDiffusion,DREX_continuity,12,-0.132724,1,11,0.999756,No,-0.8611,large
Pure-Transformer-VAE,scDiffusion,DREX_distance_spearman,12,-0.135384,4,8,0.98291,No,-0.5278,large
Pure-Transformer-VAE,scDiffusion,DREX_distance_pearson,12,-0.265594,1,11,0.999756,No,-0.8194,large
Pure-Transformer-VAE,scDiffusion,DREX_local_scale_quality,12,0.025781,10,2,0.001221,Yes,0.7917,large
Pure-Transformer-VAE,scDiffusion,DREX_neighborhood_symmetry,12,-0.095177,1,11,0.999512,No,-0.7778,large
Pure-Transformer-VAE,scDiffusion,LSEX_overall_quality,12,0.012371,9,3,0.190186,No,0.4861,large
Pure-Transformer-VAE,scDiffusion,LSEX_two_hop_connectivity,12,-0.059867,0,12,1.0,No,-0.9722,large
Pure-Transformer-VAE,scDiffusion,LSEX_radial_concentration,12,0.033638,9,3,0.211914,No,0.4861,large
Pure-Transformer-VAE,scDiffusion,LSEX_local_curvature,12,0.082363,12,0,0.000244,Yes,1.0,large
Pure-Transformer-VAE,scDiffusion,LSEX_entropy_stability,12,-0.006652,0,12,1.0,No,-1.0,large
Pure-Transformer-VAE,scDiffusion,SecPerEpoch,0,0.0,0,0,,No,-0.0,negligible
Pure-Transformer-VAE,scDiffusion,PeakGPU_MB,0,0.0,0,0,,No,-0.0,negligible
Pure-Transformer-VAE,scDiffusion,NumParams,0,0.0,0,0,,No,-0.0,negligible
Pure-Transformer-VAE,CellBLAST,NMI,12,0.306032,12,0,0.000244,Yes,0.8333,large
Pure-Transformer-VAE,CellBLAST,ARI,12,0.222966,11,1,0.000732,Yes,0.8194,large
Pure-Transformer-VAE,CellBLAST,ASW,12,0.24048,12,0,0.000244,Yes,1.0,large
Pure-Transformer-VAE,CellBLAST,DAV,12,1.037356,12,0,0.000244,Yes,1.0,large
Pure-Transformer-VAE,CellBLAST,CAL,12,1983.703728,12,0,0.000244,Yes,1.0,large
Pure-Transformer-VAE,CellBLAST,COR,12,4.798634,12,0,0.000244,Yes,1.0,large
Pure-Transformer-VAE,CellBLAST,DRE_umap_overall_quality,12,0.260794,12,0,0.000244,Yes,1.0,large
Pure-Transformer-VAE,CellBLAST,DRE_umap_distance_correlation,12,0.32717,12,0,0.000244,Yes,1.0,large
Pure-Transformer-VAE,CellBLAST,DRE_umap_Q_local,12,0.308933,12,0,0.000244,Yes,1.0,large
Pure-Transformer-VAE,CellBLAST,DRE_umap_Q_global,12,0.146279,12,0,0.000244,Yes,1.0,large
Pure-Transformer-VAE,CellBLAST,DRE_tsne_overall_quality,12,0.308813,12,0,0.000244,Yes,1.0,large
Pure-Transformer-VAE,CellBLAST,DRE_tsne_distance_correlation,12,0.341432,12,0,0.000244,Yes,1.0,large
Pure-Transformer-VAE,CellBLAST,DRE_tsne_Q_local,12,0.371381,12,0,0.000244,Yes,1.0,large
Pure-Transformer-VAE,CellBLAST,DRE_tsne_Q_global,12,0.213625,12,0,0.000244,Yes,1.0,large
Pure-Transformer-VAE,CellBLAST,LSE_overall_quality,12,0.172472,12,0,0.000244,Yes,1.0,large
Pure-Transformer-VAE,CellBLAST,LSE_core_quality,12,-0.059266,2,10,0.898193,No,-0.625,large
Pure-Transformer-VAE,CellBLAST,LSE_manifold_dimensionality,12,0.268513,12,0,0.000244,Yes,1.0,large
Pure-Transformer-VAE,CellBLAST,LSE_spectral_decay_rate,12,0.305754,12,0,0.000244,Yes,1.0,large
Pure-Transformer-VAE,CellBLAST,LSE_participation_ratio,12,-0.45456,2,10,0.999268,No,-0.9306,large
Pure-Transformer-VAE,CellBLAST,LSE_anisotropy_score,12,0.356771,10,2,0.006104,Yes,0.7083,large
Pure-Transformer-VAE,CellBLAST,LSE_trajectory_directionality,12,0.509472,12,0,0.000244,Yes,1.0,large
Pure-Transformer-VAE,CellBLAST,LSE_noise_resilience,12,0.698706,12,0,0.000244,Yes,1.0,large
Pure-Transformer-VAE,CellBLAST,DREX_overall_quality,12,0.019566,6,6,0.338623,No,0.0972,negligible
Pure-Transformer-VAE,CellBLAST,DREX_trustworthiness,12,0.049534,9,3,0.02124,Yes,0.4861,large
Pure-Transformer-VAE,CellBLAST,DREX_continuity,12,-0.057475,5,7,0.898193,No,-0.125,negligible
Pure-Transformer-VAE,CellBLAST,DREX_distance_spearman,12,0.112621,7,5,0.054932,No,0.4722,medium
Pure-Transformer-VAE,CellBLAST,DREX_distance_pearson,12,-0.030613,5,7,0.830322,No,-0.1667,small
Pure-Transformer-VAE,CellBLAST,DREX_local_scale_quality,12,0.0473,12,0,0.000244,Yes,1.0,large
Pure-Transformer-VAE,CellBLAST,DREX_neighborhood_symmetry,12,-0.00397,7,5,0.545166,No,0.1111,negligible
Pure-Transformer-VAE,CellBLAST,LSEX_overall_quality,12,0.017996,9,3,0.169678,No,0.5,large
Pure-Transformer-VAE,CellBLAST,LSEX_two_hop_connectivity,12,-0.102702,0,12,1.0,No,-1.0,large
Pure-Transformer-VAE,CellBLAST,LSEX_radial_concentration,12,0.07965,9,3,0.133057,No,0.5,large
Pure-Transformer-VAE,CellBLAST,LSEX_local_curvature,12,0.102688,12,0,0.000244,Yes,1.0,large
Pure-Transformer-VAE,CellBLAST,LSEX_entropy_stability,12,-0.007654,0,12,1.0,No,-1.0,large
Pure-Transformer-VAE,CellBLAST,SecPerEpoch,0,0.0,0,0,,No,-0.0,negligible
Pure-Transformer-VAE,CellBLAST,PeakGPU_MB,0,0.0,0,0,,No,-0.0,negligible
Pure-Transformer-VAE,CellBLAST,NumParams,0,0.0,0,0,,No,-0.0,negligible
Pure-Transformer-VAE,SCALEX,NMI,12,0.327615,12,0,0.000244,Yes,0.8611,large
Pure-Transformer-VAE,SCALEX,ARI,12,0.214197,11,1,0.006104,Yes,0.7778,large
Pure-Transformer-VAE,SCALEX,ASW,12,0.255308,12,0,0.000244,Yes,1.0,large
Pure-Transformer-VAE,SCALEX,DAV,12,1.035683,12,0,0.000244,Yes,1.0,large
Pure-Transformer-VAE,SCALEX,CAL,12,1989.981775,12,0,0.000244,Yes,1.0,large
Pure-Transformer-VAE,SCALEX,COR,12,5.039245,12,0,0.000244,Yes,1.0,large
Pure-Transformer-VAE,SCALEX,DRE_umap_overall_quality,12,0.358419,12,0,0.000244,Yes,1.0,large
Pure-Transformer-VAE,SCALEX,DRE_umap_distance_correlation,12,0.500005,12,0,0.000244,Yes,1.0,large
Pure-Transformer-VAE,SCALEX,DRE_umap_Q_local,12,0.369736,12,0,0.000244,Yes,1.0,large
Pure-Transformer-VAE,SCALEX,DRE_umap_Q_global,12,0.205518,12,0,0.000244,Yes,1.0,large
Pure-Transformer-VAE,SCALEX,DRE_tsne_overall_quality,12,0.35833,12,0,0.000244,Yes,1.0,large
Pure-Transformer-VAE,SCALEX,DRE_tsne_distance_correlation,12,0.404142,12,0,0.000244,Yes,1.0,large
Pure-Transformer-VAE,SCALEX,DRE_tsne_Q_local,12,0.41875,12,0,0.000244,Yes,1.0,large
Pure-Transformer-VAE,SCALEX,DRE_tsne_Q_global,12,0.252097,12,0,0.000244,Yes,1.0,large
Pure-Transformer-VAE,SCALEX,LSE_overall_quality,12,0.182843,12,0,0.000244,Yes,1.0,large
Pure-Transformer-VAE,SCALEX,LSE_core_quality,12,-0.054623,2,10,0.898193,No,-0.6667,large
Pure-Transformer-VAE,SCALEX,LSE_manifold_dimensionality,12,0.369643,12,0,0.000244,Yes,1.0,large
Pure-Transformer-VAE,SCALEX,LSE_spectral_decay_rate,12,0.347585,12,0,0.000244,Yes,1.0,large
Pure-Transformer-VAE,SCALEX,LSE_participation_ratio,12,-0.536767,2,10,0.999268,No,-0.6667,large
Pure-Transformer-VAE,SCALEX,LSE_anisotropy_score,12,0.398953,10,2,0.006104,Yes,0.6667,large
Pure-Transformer-VAE,SCALEX,LSE_trajectory_directionality,12,0.592764,12,0,0.000244,Yes,1.0,large
Pure-Transformer-VAE,SCALEX,LSE_noise_resilience,12,0.721763,12,0,0.000244,Yes,1.0,large
Pure-Transformer-VAE,SCALEX,DREX_overall_quality,12,0.104038,10,2,0.001221,Yes,0.8472,large
Pure-Transformer-VAE,SCALEX,DREX_trustworthiness,12,0.100939,11,1,0.000732,Yes,0.7083,large
Pure-Transformer-VAE,SCALEX,DREX_continuity,12,-0.0183,7,5,0.633301,No,0.1667,small
Pure-Transformer-VAE,SCALEX,DREX_distance_spearman,12,0.28664,12,0,0.000244,Yes,0.9583,large
Pure-Transformer-VAE,SCALEX,DREX_distance_pearson,12,0.16142,10,2,0.004639,Yes,0.6806,large
Pure-Transformer-VAE,SCALEX,DREX_local_scale_quality,12,0.052212,12,0,0.000244,Yes,1.0,large
Pure-Transformer-VAE,SCALEX,DREX_neighborhood_symmetry,12,0.041319,8,4,0.054932,No,0.3056,small
Pure-Transformer-VAE,SCALEX,LSEX_overall_quality,12,0.005957,8,4,0.234863,No,0.4306,medium
Pure-Transformer-VAE,SCALEX,LSEX_two_hop_connectivity,12,-0.103467,0,12,1.0,No,-1.0,large
Pure-Transformer-VAE,SCALEX,LSEX_radial_concentration,12,0.03186,9,3,0.211914,No,0.4444,medium
Pure-Transformer-VAE,SCALEX,LSEX_local_curvature,12,0.103109,12,0,0.000244,Yes,1.0,large
Pure-Transformer-VAE,SCALEX,LSEX_entropy_stability,12,-0.007674,0,12,1.0,No,-1.0,large
Pure-Transformer-VAE,SCALEX,SecPerEpoch,0,0.0,0,0,,No,-0.0,negligible
Pure-Transformer-VAE,SCALEX,PeakGPU_MB,0,0.0,0,0,,No,-0.0,negligible
Pure-Transformer-VAE,SCALEX,NumParams,0,0.0,0,0,,No,-0.0,negligible
Pure-Transformer-VAE,GMVAE,NMI,12,0.333552,12,0,0.000244,Yes,0.8611,large
Pure-Transformer-VAE,GMVAE,ARI,12,0.241238,12,0,0.000244,Yes,0.8889,large
Pure-Transformer-VAE,GMVAE,ASW,12,0.279977,12,0,0.000244,Yes,1.0,large
Pure-Transformer-VAE,GMVAE,DAV,12,1.845565,12,0,0.000244,Yes,1.0,large
Pure-Transformer-VAE,GMVAE,CAL,12,2001.940794,12,0,0.000244,Yes,1.0,large
Pure-Transformer-VAE,GMVAE,COR,12,5.062363,12,0,0.000244,Yes,1.0,large
Pure-Transformer-VAE,GMVAE,DRE_umap_overall_quality,12,0.449988,12,0,0.000244,Yes,1.0,large
Pure-Transformer-VAE,GMVAE,DRE_umap_distance_correlation,12,0.6333,12,0,0.000244,Yes,1.0,large
Pure-Transformer-VAE,GMVAE,DRE_umap_Q_local,12,0.453072,12,0,0.000244,Yes,1.0,large
Pure-Transformer-VAE,GMVAE,DRE_umap_Q_global,12,0.263591,12,0,0.000244,Yes,1.0,large
Pure-Transformer-VAE,GMVAE,DRE_tsne_overall_quality,12,0.446447,12,0,0.000244,Yes,1.0,large
Pure-Transformer-VAE,GMVAE,DRE_tsne_distance_correlation,12,0.553747,12,0,0.000244,Yes,1.0,large
Pure-Transformer-VAE,GMVAE,DRE_tsne_Q_local,12,0.478489,12,0,0.000244,Yes,1.0,large
Pure-Transformer-VAE,GMVAE,DRE_tsne_Q_global,12,0.307104,12,0,0.000244,Yes,1.0,large
Pure-Transformer-VAE,GMVAE,LSE_overall_quality,12,0.201572,12,0,0.000244,Yes,1.0,large
Pure-Transformer-VAE,GMVAE,LSE_core_quality,12,-0.044644,2,10,0.898193,No,-0.6667,large
Pure-Transformer-VAE,GMVAE,LSE_manifold_dimensionality,12,0.451255,12,0,0.000244,Yes,1.0,large
Pure-Transformer-VAE,GMVAE,LSE_spectral_decay_rate,12,0.400538,12,0,0.000244,Yes,1.0,large
Pure-Transformer-VAE,GMVAE,LSE_participation_ratio,12,-0.594889,2,10,0.999268,No,-0.6667,large
Pure-Transformer-VAE,GMVAE,LSE_anisotropy_score,12,0.435478,10,2,0.004639,Yes,0.6667,large
Pure-Transformer-VAE,GMVAE,LSE_trajectory_directionality,12,0.69167,12,0,0.000244,Yes,1.0,large
Pure-Transformer-VAE,GMVAE,LSE_noise_resilience,12,0.751952,12,0,0.000244,Yes,1.0,large
Pure-Transformer-VAE,GMVAE,DREX_overall_quality,12,0.189741,12,0,0.000244,Yes,1.0,large
Pure-Transformer-VAE,GMVAE,DREX_trustworthiness,12,0.167361,12,0,0.000244,Yes,1.0,large
Pure-Transformer-VAE,GMVAE,DREX_continuity,12,0.07022,8,4,0.02124,Yes,0.3333,medium
Pure-Transformer-VAE,GMVAE,DREX_distance_spearman,12,0.420837,12,0,0.000244,Yes,1.0,large
Pure-Transformer-VAE,GMVAE,DREX_distance_pearson,12,0.289144,12,0,0.000244,Yes,0.9861,large
Pure-Transformer-VAE,GMVAE,DREX_local_scale_quality,12,0.072096,12,0,0.000244,Yes,1.0,large
Pure-Transformer-VAE,GMVAE,DREX_neighborhood_symmetry,12,0.11879,11,1,0.000488,Yes,0.8333,large
Pure-Transformer-VAE,GMVAE,LSEX_overall_quality,12,0.032031,9,3,0.064697,No,0.5,large
Pure-Transformer-VAE,GMVAE,LSEX_two_hop_connectivity,12,-0.159874,0,12,1.0,No,-1.0,large
Pure-Transformer-VAE,GMVAE,LSEX_radial_concentration,12,0.172326,9,3,0.01709,Yes,0.5,large
Pure-Transformer-VAE,GMVAE,LSEX_local_curvature,12,0.124113,12,0,0.000244,Yes,1.0,large
Pure-Transformer-VAE,GMVAE,LSEX_entropy_stability,12,-0.008439,0,12,1.0,No,-1.0,large
Pure-Transformer-VAE,GMVAE,SecPerEpoch,0,0.0,0,0,,No,-0.0,negligible
Pure-Transformer-VAE,GMVAE,PeakGPU_MB,0,0.0,0,0,,No,-0.0,negligible
Pure-Transformer-VAE,GMVAE,NumParams,0,0.0,0,0,,No,-0.0,negligible
Pure-Contrastive-VAE,scDHMap,NMI,12,-0.163767,1,11,0.999756,No,-0.8333,large
Pure-Contrastive-VAE,scDHMap,ARI,12,-0.165396,1,11,0.999756,No,-0.7639,large
Pure-Contrastive-VAE,scDHMap,ASW,12,-0.113002,1,11,0.999756,No,-0.9306,large
Pure-Contrastive-VAE,scDHMap,DAV,12,-0.24638,1,11,0.999268,No,-0.9028,large
Pure-Contrastive-VAE,scDHMap,CAL,12,-195.194733,1,11,0.999756,No,-0.875,large
Pure-Contrastive-VAE,scDHMap,COR,12,-0.811227,2,10,0.991943,No,-0.75,large
Pure-Contrastive-VAE,scDHMap,DRE_umap_overall_quality,12,-0.100676,0,12,1.0,No,-0.9306,large
Pure-Contrastive-VAE,scDHMap,DRE_umap_distance_correlation,12,-0.127042,2,10,0.998291,No,-0.75,large
Pure-Contrastive-VAE,scDHMap,DRE_umap_Q_local,12,-0.125875,0,12,1.0,No,-0.9444,large
Pure-Contrastive-VAE,scDHMap,DRE_umap_Q_global,12,-0.049111,3,9,0.997559,No,-0.6806,large
Pure-Contrastive-VAE,scDHMap,DRE_tsne_overall_quality,12,-0.105243,1,11,0.999756,No,-0.8889,large
Pure-Contrastive-VAE,scDHMap,DRE_tsne_distance_correlation,12,-0.122507,2,10,0.999268,No,-0.7917,large
Pure-Contrastive-VAE,scDHMap,DRE_tsne_Q_local,12,-0.140399,1,11,0.999756,No,-0.9306,large
Pure-Contrastive-VAE,scDHMap,DRE_tsne_Q_global,12,-0.052823,1,11,0.999268,No,-0.8194,large
Pure-Contrastive-VAE,scDHMap,LSE_overall_quality,12,-0.070094,4,8,0.968018,No,-0.3611,medium
Pure-Contrastive-VAE,scDHMap,LSE_core_quality,12,-0.01178,10,2,0.116699,No,0.6667,large
Pure-Contrastive-VAE,scDHMap,LSE_manifold_dimensionality,12,-0.208297,0,12,1.0,No,-1.0,large
Pure-Contrastive-VAE,scDHMap,LSE_spectral_decay_rate,12,-0.083871,0,12,1.0,No,-0.9583,large
Pure-Contrastive-VAE,scDHMap,LSE_participation_ratio,12,0.058521,9,3,0.046143,Yes,0.4861,large
Pure-Contrastive-VAE,scDHMap,LSE_anisotropy_score,12,-0.186526,2,10,0.973877,No,-0.6667,large
Pure-Contrastive-VAE,scDHMap,LSE_trajectory_directionality,12,-0.016109,5,7,0.688965,No,-0.0556,negligible
Pure-Contrastive-VAE,scDHMap,LSE_noise_resilience,12,-0.237442,3,9,0.98291,No,-0.5417,large
Pure-Contrastive-VAE,scDHMap,DREX_overall_quality,12,-0.192719,0,12,1.0,No,-1.0,large
Pure-Contrastive-VAE,scDHMap,DREX_trustworthiness,12,-0.14289,0,12,1.0,No,-1.0,large
Pure-Contrastive-VAE,scDHMap,DREX_continuity,12,-0.165397,0,12,1.0,No,-1.0,large
Pure-Contrastive-VAE,scDHMap,DREX_distance_spearman,12,-0.339363,0,12,1.0,No,-1.0,large
Pure-Contrastive-VAE,scDHMap,DREX_distance_pearson,12,-0.331893,0,12,1.0,No,-1.0,large
Pure-Contrastive-VAE,scDHMap,DREX_local_scale_quality,12,-0.022627,0,12,1.0,No,-0.8611,large
Pure-Contrastive-VAE,scDHMap,DREX_neighborhood_symmetry,12,-0.154143,0,12,1.0,No,-1.0,large
Pure-Contrastive-VAE,scDHMap,LSEX_overall_quality,12,0.044151,12,0,0.000244,Yes,0.9861,large
Pure-Contrastive-VAE,scDHMap,LSEX_two_hop_connectivity,12,0.024892,11,1,0.000488,Yes,0.9028,large
Pure-Contrastive-VAE,scDHMap,LSEX_radial_concentration,12,0.165966,12,0,0.000244,Yes,1.0,large
Pure-Contrastive-VAE,scDHMap,LSEX_local_curvature,12,-0.019859,3,9,0.97876,No,-0.4306,medium
Pure-Contrastive-VAE,scDHMap,LSEX_entropy_stability,12,0.005606,11,1,0.000488,Yes,0.8889,large
Pure-Contrastive-VAE,scDHMap,SecPerEpoch,0,0.0,0,0,,No,-0.0,negligible
Pure-Contrastive-VAE,scDHMap,PeakGPU_MB,0,0.0,0,0,,No,-0.0,negligible
Pure-Contrastive-VAE,scDHMap,NumParams,0,0.0,0,0,,No,-0.0,negligible
Pure-Contrastive-VAE,CLEAR,NMI,12,-0.201508,0,12,1.0,No,-0.8472,large
Pure-Contrastive-VAE,CLEAR,ARI,12,-0.201619,1,11,0.999756,No,-0.7639,large
Pure-Contrastive-VAE,CLEAR,ASW,12,0.155921,12,0,0.000244,Yes,1.0,large
Pure-Contrastive-VAE,CLEAR,DAV,12,1.791689,12,0,0.000244,Yes,1.0,large
Pure-Contrastive-VAE,CLEAR,CAL,12,105.241203,12,0,0.000244,Yes,1.0,large
Pure-Contrastive-VAE,CLEAR,COR,12,-9.840389,0,12,1.0,No,-1.0,large
Pure-Contrastive-VAE,CLEAR,DRE_umap_overall_quality,12,0.149892,12,0,0.000244,Yes,1.0,large
Pure-Contrastive-VAE,CLEAR,DRE_umap_distance_correlation,12,0.228096,12,0,0.000244,Yes,0.9722,large
Pure-Contrastive-VAE,CLEAR,DRE_umap_Q_local,12,0.121168,12,0,0.000244,Yes,0.8889,large
Pure-Contrastive-VAE,CLEAR,DRE_umap_Q_global,12,0.100411,12,0,0.000244,Yes,1.0,large
Pure-Contrastive-VAE,CLEAR,DRE_tsne_overall_quality,12,0.14367,12,0,0.000244,Yes,0.9861,large
Pure-Contrastive-VAE,CLEAR,DRE_tsne_distance_correlation,12,0.223995,12,0,0.000244,Yes,1.0,large
Pure-Contrastive-VAE,CLEAR,DRE_tsne_Q_local,12,0.11064,11,1,0.000488,Yes,0.8194,large
Pure-Contrastive-VAE,CLEAR,DRE_tsne_Q_global,12,0.096376,12,0,0.000244,Yes,0.9861,large
Pure-Contrastive-VAE,CLEAR,LSE_overall_quality,12,0.123178,12,0,0.000244,Yes,1.0,large
Pure-Contrastive-VAE,CLEAR,LSE_core_quality,12,0.047607,12,0,0.000244,Yes,1.0,large
Pure-Contrastive-VAE,CLEAR,LSE_manifold_dimensionality,12,0.018213,5,7,0.366699,No,-0.0139,negligible
Pure-Contrastive-VAE,CLEAR,LSE_spectral_decay_rate,12,0.322736,12,0,0.000244,Yes,1.0,large
Pure-Contrastive-VAE,CLEAR,LSE_participation_ratio,12,0.003891,7,5,0.454834,No,0.1528,small
Pure-Contrastive-VAE,CLEAR,LSE_anisotropy_score,12,0.154411,10,2,0.013428,Yes,0.6667,large
Pure-Contrastive-VAE,CLEAR,LSE_trajectory_directionality,12,0.389737,12,0,0.000244,Yes,1.0,large
Pure-Contrastive-VAE,CLEAR,LSE_noise_resilience,12,0.262301,12,0,0.000244,Yes,1.0,large
Pure-Contrastive-VAE,CLEAR,DREX_overall_quality,12,-0.023834,2,10,0.968018,No,-0.4444,medium
Pure-Contrastive-VAE,CLEAR,DREX_trustworthiness,12,-0.066723,0,12,1.0,No,-0.6528,large
Pure-Contrastive-VAE,CLEAR,DREX_continuity,12,-0.105435,0,12,1.0,No,-0.8472,large
Pure-Contrastive-VAE,CLEAR,DREX_distance_spearman,12,0.018193,6,6,0.311035,No,0.2083,small
Pure-Contrastive-VAE,CLEAR,DREX_distance_pearson,12,-0.001148,5,7,0.574951,No,-0.0139,negligible
Pure-Contrastive-VAE,CLEAR,DREX_local_scale_quality,12,0.098191,12,0,0.000244,Yes,1.0,large
Pure-Contrastive-VAE,CLEAR,DREX_neighborhood_symmetry,12,-0.086079,0,12,1.0,No,-0.7639,large
Pure-Contrastive-VAE,CLEAR,LSEX_overall_quality,12,0.075818,12,0,0.000244,Yes,1.0,large
Pure-Contrastive-VAE,CLEAR,LSEX_two_hop_connectivity,12,-0.063408,0,12,1.0,No,-0.9861,large
Pure-Contrastive-VAE,CLEAR,LSEX_radial_concentration,12,0.319813,12,0,0.000244,Yes,1.0,large
Pure-Contrastive-VAE,CLEAR,LSEX_local_curvature,12,0.05144,12,0,0.000244,Yes,1.0,large
Pure-Contrastive-VAE,CLEAR,LSEX_entropy_stability,12,-0.004572,0,12,1.0,No,-0.9444,large
Pure-Contrastive-VAE,CLEAR,SecPerEpoch,0,0.0,0,0,,No,-0.0,negligible
Pure-Contrastive-VAE,CLEAR,PeakGPU_MB,0,0.0,0,0,,No,-0.0,negligible
Pure-Contrastive-VAE,CLEAR,NumParams,0,0.0,0,0,,No,-0.0,negligible
Pure-Contrastive-VAE,scDAC,NMI,12,-0.009632,5,7,0.661377,No,-0.125,negligible
Pure-Contrastive-VAE,scDAC,ARI,12,-0.050614,4,8,0.945068,No,-0.4028,medium
Pure-Contrastive-VAE,scDAC,ASW,12,-0.306353,0,12,1.0,No,-1.0,large
Pure-Contrastive-VAE,scDAC,DAV,12,-0.719087,0,12,1.0,No,-1.0,large
Pure-Contrastive-VAE,scDAC,CAL,12,-31923.953286,0,12,1.0,No,-1.0,large
Pure-Contrastive-VAE,scDAC,COR,12,-4.326777,0,12,1.0,No,-0.9861,large
Pure-Contrastive-VAE,scDAC,DRE_umap_overall_quality,12,-0.105357,0,12,1.0,No,-1.0,large
Pure-Contrastive-VAE,scDAC,DRE_umap_distance_correlation,12,-0.07922,2,10,0.986572,No,-0.4444,medium
Pure-Contrastive-VAE,scDAC,DRE_umap_Q_local,12,-0.176675,0,12,1.0,No,-1.0,large
Pure-Contrastive-VAE,scDAC,DRE_umap_Q_global,12,-0.060176,1,11,0.999756,No,-0.8889,large
Pure-Contrastive-VAE,scDAC,DRE_tsne_overall_quality,12,-0.142686,0,12,1.0,No,-1.0,large
Pure-Contrastive-VAE,scDAC,DRE_tsne_distance_correlation,12,-0.121229,0,12,1.0,No,-0.7639,large
Pure-Contrastive-VAE,scDAC,DRE_tsne_Q_local,12,-0.199535,0,12,1.0,No,-1.0,large
Pure-Contrastive-VAE,scDAC,DRE_tsne_Q_global,12,-0.107294,0,12,1.0,No,-1.0,large
Pure-Contrastive-VAE,scDAC,LSE_overall_quality,12,-0.255904,0,12,1.0,No,-0.9861,large
Pure-Contrastive-VAE,scDAC,LSE_core_quality,12,-0.101114,1,11,0.999756,No,-0.7917,large
Pure-Contrastive-VAE,scDAC,LSE_manifold_dimensionality,12,-0.245516,0,12,1.0,No,-1.0,large
Pure-Contrastive-VAE,scDAC,LSE_spectral_decay_rate,12,-0.068158,1,11,0.998291,No,-0.7917,large
Pure-Contrastive-VAE,scDAC,LSE_participation_ratio,12,-0.224243,3,9,0.97876,No,-0.6389,large
Pure-Contrastive-VAE,scDAC,LSE_anisotropy_score,12,-0.133463,3,9,0.924316,No,-0.5,large
Pure-Contrastive-VAE,scDAC,LSE_trajectory_directionality,12,-0.285083,1,11,0.999756,No,-0.9167,large
Pure-Contrastive-VAE,scDAC,LSE_noise_resilience,12,-0.5988,0,12,1.0,No,-0.9722,large
Pure-Contrastive-VAE,scDAC,DREX_overall_quality,12,-0.105291,1,11,0.999756,No,-0.9306,large
Pure-Contrastive-VAE,scDAC,DREX_trustworthiness,12,-0.138832,0,12,1.0,No,-1.0,large
Pure-Contrastive-VAE,scDAC,DREX_continuity,12,-0.173408,0,12,1.0,No,-1.0,large
Pure-Contrastive-VAE,scDAC,DREX_distance_spearman,12,-0.291187,0,12,1.0,No,-1.0,large
Pure-Contrastive-VAE,scDAC,DREX_distance_pearson,12,0.142299,9,3,0.064697,No,0.4722,medium
Pure-Contrastive-VAE,scDAC,DREX_local_scale_quality,12,-0.014498,2,10,0.995361,No,-0.6528,large
Pure-Contrastive-VAE,scDAC,DREX_neighborhood_symmetry,12,-0.15612,0,12,1.0,No,-1.0,large
Pure-Contrastive-VAE,scDAC,LSEX_overall_quality,12,0.104525,11,1,0.000732,Yes,0.7083,large
Pure-Contrastive-VAE,scDAC,LSEX_two_hop_connectivity,12,0.046453,12,0,0.000244,Yes,1.0,large
Pure-Contrastive-VAE,scDAC,LSEX_radial_concentration,12,0.472475,11,1,0.000732,Yes,0.7083,large
Pure-Contrastive-VAE,scDAC,LSEX_local_curvature,12,-0.109897,0,12,1.0,No,-1.0,large
Pure-Contrastive-VAE,scDAC,LSEX_entropy_stability,12,0.00907,12,0,0.000244,Yes,0.9167,large
Pure-Contrastive-VAE,scDAC,SecPerEpoch,0,0.0,0,0,,No,-0.0,negligible
Pure-Contrastive-VAE,scDAC,PeakGPU_MB,0,0.0,0,0,,No,-0.0,negligible
Pure-Contrastive-VAE,scDAC,NumParams,0,0.0,0,0,,No,-0.0,negligible
Pure-Contrastive-VAE,scDeepCluster,NMI,12,-0.022899,4,8,0.911865,No,-0.2778,small
Pure-Contrastive-VAE,scDeepCluster,ARI,12,-0.032657,4,8,0.98291,No,-0.2639,small
Pure-Contrastive-VAE,scDeepCluster,ASW,12,0.04478,12,0,0.000244,Yes,0.7083,large
Pure-Contrastive-VAE,scDeepCluster,DAV,12,0.274767,12,0,0.000244,Yes,0.9444,large
Pure-Contrastive-VAE,scDeepCluster,CAL,12,7.663059,9,3,0.259277,No,0.2639,small
Pure-Contrastive-VAE,scDeepCluster,COR,12,-0.165891,5,7,0.740723,No,-0.0833,negligible
Pure-Contrastive-VAE,scDeepCluster,DRE_umap_overall_quality,12,-0.043361,2,10,0.998779,No,-0.5139,large
Pure-Contrastive-VAE,scDeepCluster,DRE_umap_distance_correlation,12,-0.123557,0,12,1.0,No,-0.8333,large
Pure-Contrastive-VAE,scDeepCluster,DRE_umap_Q_local,12,0.030838,9,3,0.054932,No,0.3333,medium
Pure-Contrastive-VAE,scDeepCluster,DRE_umap_Q_global,12,-0.037366,1,11,0.999268,No,-0.6111,large
Pure-Contrastive-VAE,scDeepCluster,DRE_tsne_overall_quality,12,-0.040011,2,10,0.991943,No,-0.4722,medium
Pure-Contrastive-VAE,scDeepCluster,DRE_tsne_distance_correlation,12,-0.115615,0,12,1.0,No,-0.8472,large
Pure-Contrastive-VAE,scDeepCluster,DRE_tsne_Q_local,12,0.021282,7,5,0.150635,No,0.1806,small
Pure-Contrastive-VAE,scDeepCluster,DRE_tsne_Q_global,12,-0.025701,4,8,0.961426,No,-0.3056,small
Pure-Contrastive-VAE,scDeepCluster,LSE_overall_quality,12,0.015885,9,3,0.064697,No,0.2778,small
Pure-Contrastive-VAE,scDeepCluster,LSE_core_quality,12,0.024758,10,2,0.026123,Yes,0.4861,large
Pure-Contrastive-VAE,scDeepCluster,LSE_manifold_dimensionality,12,-0.014385,4,8,0.788086,No,-0.0417,negligible
Pure-Contrastive-VAE,scDeepCluster,LSE_spectral_decay_rate,12,0.030881,9,3,0.026123,Yes,0.4167,medium
Pure-Contrastive-VAE,scDeepCluster,LSE_participation_ratio,12,0.079156,10,2,0.01709,Yes,0.4583,medium
Pure-Contrastive-VAE,scDeepCluster,LSE_anisotropy_score,12,-0.003381,5,7,0.633301,No,-0.1528,small
Pure-Contrastive-VAE,scDeepCluster,LSE_trajectory_directionality,12,-0.141107,2,10,0.999268,No,-0.6528,large
Pure-Contrastive-VAE,scDeepCluster,LSE_noise_resilience,12,0.005935,6,6,0.395508,No,-0.0278,negligible
Pure-Contrastive-VAE,scDeepCluster,DREX_overall_quality,12,-0.172177,0,12,1.0,No,-1.0,large
Pure-Contrastive-VAE,scDeepCluster,DREX_trustworthiness,12,-0.100552,0,12,1.0,No,-0.9583,large
Pure-Contrastive-VAE,scDeepCluster,DREX_continuity,12,-0.142982,0,12,1.0,No,-1.0,large
Pure-Contrastive-VAE,scDeepCluster,DREX_distance_spearman,12,-0.335832,0,12,1.0,No,-1.0,large
Pure-Contrastive-VAE,scDeepCluster,DREX_distance_pearson,12,-0.35496,0,12,1.0,No,-1.0,large
Pure-Contrastive-VAE,scDeepCluster,DREX_local_scale_quality,12,0.023031,12,0,0.000244,Yes,0.9861,large
Pure-Contrastive-VAE,scDeepCluster,DREX_neighborhood_symmetry,12,-0.121767,0,12,1.0,No,-0.9861,large
Pure-Contrastive-VAE,scDeepCluster,LSEX_overall_quality,12,0.025691,11,1,0.000732,Yes,0.7639,large
Pure-Contrastive-VAE,scDeepCluster,LSEX_two_hop_connectivity,12,-0.023354,0,12,1.0,No,-0.9306,large
Pure-Contrastive-VAE,scDeepCluster,LSEX_radial_concentration,12,0.110434,11,1,0.000488,Yes,0.8333,large
Pure-Contrastive-VAE,scDeepCluster,LSEX_local_curvature,12,0.017743,11,1,0.000488,Yes,0.7778,large
Pure-Contrastive-VAE,scDeepCluster,LSEX_entropy_stability,12,-0.002059,2,10,0.998779,No,-0.6806,large
Pure-Contrastive-VAE,scDeepCluster,SecPerEpoch,0,0.0,0,0,,No,-0.0,negligible
Pure-Contrastive-VAE,scDeepCluster,PeakGPU_MB,0,0.0,0,0,,No,-0.0,negligible
Pure-Contrastive-VAE,scDeepCluster,NumParams,0,0.0,0,0,,No,-0.0,negligible
Pure-Contrastive-VAE,scGNN,NMI,12,0.074003,9,3,0.004639,Yes,0.5139,large
Pure-Contrastive-VAE,scGNN,ARI,12,0.048599,10,2,0.013428,Yes,0.5,large
Pure-Contrastive-VAE,scGNN,ASW,12,-0.077974,1,11,0.999756,No,-0.8194,large
Pure-Contrastive-VAE,scGNN,DAV,12,-0.133184,2,10,0.993896,No,-0.6111,large
Pure-Contrastive-VAE,scGNN,CAL,12,-65.506241,3,9,0.993896,No,-0.4306,medium
Pure-Contrastive-VAE,scGNN,COR,12,-0.509214,5,7,0.924316,No,-0.3194,small
Pure-Contrastive-VAE,scGNN,DRE_umap_overall_quality,12,-0.049696,4,8,0.968018,No,-0.4028,medium
Pure-Contrastive-VAE,scGNN,DRE_umap_distance_correlation,12,-0.098837,3,9,0.97876,No,-0.5556,large
Pure-Contrastive-VAE,scGNN,DRE_umap_Q_local,12,-0.038404,2,10,0.968018,No,-0.5417,large
Pure-Contrastive-VAE,scGNN,DRE_umap_Q_global,12,-0.011847,6,6,0.715332,No,-0.1528,small
Pure-Contrastive-VAE,scGNN,DRE_tsne_overall_quality,12,-0.06719,1,11,0.996582,No,-0.7639,large
Pure-Contrastive-VAE,scGNN,DRE_tsne_distance_correlation,12,-0.100466,3,9,0.986572,No,-0.5972,large
Pure-Contrastive-VAE,scGNN,DRE_tsne_Q_local,12,-0.07786,1,11,0.999756,No,-0.7778,large
Pure-Contrastive-VAE,scGNN,DRE_tsne_Q_global,12,-0.023245,5,7,0.898193,No,-0.2778,small
Pure-Contrastive-VAE,scGNN,LSE_overall_quality,12,-0.039517,6,6,0.883301,No,-0.0278,negligible
Pure-Contrastive-VAE,scGNN,LSE_core_quality,12,-0.005101,7,5,0.425049,No,0.1667,small
Pure-Contrastive-VAE,scGNN,LSE_manifold_dimensionality,12,-0.041245,5,7,0.911865,No,-0.3056,small
Pure-Contrastive-VAE,scGNN,LSE_spectral_decay_rate,12,-0.035206,5,7,0.849365,No,-0.2917,small
Pure-Contrastive-VAE,scGNN,LSE_participation_ratio,12,-0.048073,3,9,0.961426,No,-0.3889,medium
Pure-Contrastive-VAE,scGNN,LSE_anisotropy_score,12,-0.104118,4,8,0.924316,No,-0.3889,medium
Pure-Contrastive-VAE,scGNN,LSE_trajectory_directionality,12,-0.006876,6,6,0.633301,No,0.0278,negligible
Pure-Contrastive-VAE,scGNN,LSE_noise_resilience,12,-0.118365,5,7,0.809814,No,-0.0556,negligible
Pure-Contrastive-VAE,scGNN,DREX_overall_quality,12,-0.159929,0,12,1.0,No,-0.9861,large
Pure-Contrastive-VAE,scGNN,DREX_trustworthiness,12,-0.128227,0,12,1.0,No,-0.9861,large
Pure-Contrastive-VAE,scGNN,DREX_continuity,12,-0.153808,0,12,1.0,No,-1.0,large
Pure-Contrastive-VAE,scGNN,DREX_distance_spearman,12,-0.310959,0,12,1.0,No,-0.9722,large
Pure-Contrastive-VAE,scGNN,DREX_distance_pearson,12,-0.285016,0,12,1.0,No,-0.9306,large
Pure-Contrastive-VAE,scGNN,DREX_local_scale_quality,12,0.059452,10,2,0.001221,Yes,0.6944,large
Pure-Contrastive-VAE,scGNN,DREX_neighborhood_symmetry,12,-0.141018,0,12,1.0,No,-0.9861,large
Pure-Contrastive-VAE,scGNN,LSEX_overall_quality,12,0.02568,11,1,0.001709,Yes,0.8472,large
Pure-Contrastive-VAE,scGNN,LSEX_two_hop_connectivity,12,0.013107,11,1,0.010498,Yes,0.6667,large
Pure-Contrastive-VAE,scGNN,LSEX_radial_concentration,12,0.093543,11,1,0.002441,Yes,0.7778,large
Pure-Contrastive-VAE,scGNN,LSEX_local_curvature,12,-0.015323,3,9,0.993896,No,-0.6111,large
Pure-Contrastive-VAE,scGNN,LSEX_entropy_stability,12,0.011392,11,1,0.000488,Yes,0.7778,large
Pure-Contrastive-VAE,scGNN,SecPerEpoch,0,0.0,0,0,,No,-0.0,negligible
Pure-Contrastive-VAE,scGNN,PeakGPU_MB,0,0.0,0,0,,No,-0.0,negligible
Pure-Contrastive-VAE,scGNN,NumParams,0,0.0,0,0,,No,-0.0,negligible
Pure-Contrastive-VAE,siVAE,NMI,12,0.148499,11,1,0.001221,Yes,0.75,large
Pure-Contrastive-VAE,siVAE,ARI,12,0.082749,11,1,0.000488,Yes,0.7639,large
Pure-Contrastive-VAE,siVAE,ASW,12,-0.060643,3,9,0.986572,No,-0.5417,large
Pure-Contrastive-VAE,siVAE,DAV,12,-0.154521,3,9,0.97876,No,-0.6111,large
Pure-Contrastive-VAE,siVAE,CAL,12,-722.36658,1,11,0.999512,No,-0.8472,large
Pure-Contrastive-VAE,siVAE,COR,12,-1.745455,2,10,0.989502,No,-0.625,large
Pure-Contrastive-VAE,siVAE,DRE_umap_overall_quality,12,-0.124806,2,10,0.999268,No,-0.9028,large
Pure-Contrastive-VAE,siVAE,DRE_umap_distance_correlation,12,-0.191608,2,10,0.999268,No,-0.9306,large
Pure-Contrastive-VAE,siVAE,DRE_umap_Q_local,12,-0.089964,2,10,0.999268,No,-0.6944,large
Pure-Contrastive-VAE,siVAE,DRE_umap_Q_global,12,-0.092845,1,11,0.999512,No,-0.9306,large
Pure-Contrastive-VAE,siVAE,DRE_tsne_overall_quality,12,-0.127609,0,12,1.0,No,-0.9306,large
Pure-Contrastive-VAE,siVAE,DRE_tsne_distance_correlation,12,-0.185024,0,12,1.0,No,-0.9583,large
Pure-Contrastive-VAE,siVAE,DRE_tsne_Q_local,12,-0.101998,1,11,0.999512,No,-0.75,large
Pure-Contrastive-VAE,siVAE,DRE_tsne_Q_global,12,-0.095805,1,11,0.999512,No,-0.9167,large
Pure-Contrastive-VAE,siVAE,LSE_overall_quality,12,-0.207317,1,11,0.999512,No,-0.8333,large
Pure-Contrastive-VAE,siVAE,LSE_core_quality,12,-0.033021,6,6,0.545166,No,0.2361,small
Pure-Contrastive-VAE,siVAE,LSE_manifold_dimensionality,12,-0.260222,1,11,0.999512,No,-0.8333,large
Pure-Contrastive-VAE,siVAE,LSE_spectral_decay_rate,12,-0.094639,2,10,0.98291,No,-0.7639,large
Pure-Contrastive-VAE,siVAE,LSE_participation_ratio,12,0.113387,9,3,0.133057,No,0.5278,large
Pure-Contrastive-VAE,siVAE,LSE_anisotropy_score,12,-0.10939,4,8,0.953857,No,-0.3889,medium
Pure-Contrastive-VAE,siVAE,LSE_trajectory_directionality,12,-0.381265,1,11,0.999512,No,-0.8333,large
Pure-Contrastive-VAE,siVAE,LSE_noise_resilience,12,-0.602146,1,11,0.999512,No,-0.8194,large
Pure-Contrastive-VAE,siVAE,DREX_overall_quality,12,-0.205711,0,12,1.0,No,-1.0,large
Pure-Contrastive-VAE,siVAE,DREX_trustworthiness,12,-0.131405,0,12,1.0,No,-0.9861,large
Pure-Contrastive-VAE,siVAE,DREX_continuity,12,-0.165435,0,12,1.0,No,-1.0,large
Pure-Contrastive-VAE,siVAE,DREX_distance_spearman,12,-0.404349,0,12,1.0,No,-1.0,large
Pure-Contrastive-VAE,siVAE,DREX_distance_pearson,12,-0.382732,0,12,1.0,No,-1.0,large
Pure-Contrastive-VAE,siVAE,DREX_local_scale_quality,12,-0.001927,6,6,0.661377,No,0.0139,negligible
Pure-Contrastive-VAE,siVAE,DREX_neighborhood_symmetry,12,-0.14842,0,12,1.0,No,-1.0,large
Pure-Contrastive-VAE,siVAE,LSEX_overall_quality,12,-0.019178,3,9,0.968018,No,-0.5,large
Pure-Contrastive-VAE,siVAE,LSEX_two_hop_connectivity,12,0.014778,10,2,0.010498,Yes,0.5556,large
Pure-Contrastive-VAE,siVAE,LSEX_radial_concentration,12,-0.07521,3,9,0.973877,No,-0.5556,large
Pure-Contrastive-VAE,siVAE,LSEX_local_curvature,12,-0.017091,4,8,0.968018,No,-0.4861,large
Pure-Contrastive-VAE,siVAE,LSEX_entropy_stability,12,0.000811,8,4,0.284668,No,0.125,negligible
Pure-Contrastive-VAE,siVAE,SecPerEpoch,0,0.0,0,0,,No,-0.0,negligible
Pure-Contrastive-VAE,siVAE,PeakGPU_MB,0,0.0,0,0,,No,-0.0,negligible
Pure-Contrastive-VAE,siVAE,NumParams,0,0.0,0,0,,No,-0.0,negligible
Pure-Contrastive-VAE,scSMD,NMI,12,0.214671,12,0,0.000244,Yes,0.8194,large
Pure-Contrastive-VAE,scSMD,ARI,12,0.110825,12,0,0.000244,Yes,0.8056,large
Pure-Contrastive-VAE,scSMD,ASW,12,-0.078816,1,11,0.999268,No,-0.7083,large
Pure-Contrastive-VAE,scSMD,DAV,12,-0.25987,1,11,0.998779,No,-0.8194,large
Pure-Contrastive-VAE,scSMD,CAL,12,-964.210403,0,12,1.0,No,-1.0,large
Pure-Contrastive-VAE,scSMD,COR,12,-3.537389,0,12,1.0,No,-1.0,large
Pure-Contrastive-VAE,scSMD,DRE_umap_overall_quality,12,-0.139297,0,12,1.0,No,-1.0,large
Pure-Contrastive-VAE,scSMD,DRE_umap_distance_correlation,12,-0.19636,0,12,1.0,No,-0.9861,large
Pure-Contrastive-VAE,scSMD,DRE_umap_Q_local,12,-0.123337,0,12,1.0,No,-0.9583,large
Pure-Contrastive-VAE,scSMD,DRE_umap_Q_global,12,-0.098194,0,12,1.0,No,-1.0,large
Pure-Contrastive-VAE,scSMD,DRE_tsne_overall_quality,12,-0.159813,0,12,1.0,No,-1.0,large
Pure-Contrastive-VAE,scSMD,DRE_tsne_distance_correlation,12,-0.218388,0,12,1.0,No,-1.0,large
Pure-Contrastive-VAE,scSMD,DRE_tsne_Q_local,12,-0.137035,0,12,1.0,No,-0.9583,large
Pure-Contrastive-VAE,scSMD,DRE_tsne_Q_global,12,-0.124016,0,12,1.0,No,-1.0,large
Pure-Contrastive-VAE,scSMD,LSE_overall_quality,12,-0.249698,0,12,1.0,No,-1.0,large
Pure-Contrastive-VAE,scSMD,LSE_core_quality,12,-0.044877,6,6,0.633301,No,0.125,negligible
Pure-Contrastive-VAE,scSMD,LSE_manifold_dimensionality,12,-0.301122,0,12,1.0,No,-1.0,large
Pure-Contrastive-VAE,scSMD,LSE_spectral_decay_rate,12,-0.116877,1,11,0.999512,No,-0.8889,large
Pure-Contrastive-VAE,scSMD,LSE_participation_ratio,12,0.137695,10,2,0.064697,No,0.6667,large
Pure-Contrastive-VAE,scSMD,LSE_anisotropy_score,12,-0.100796,3,9,0.935303,No,-0.625,large
Pure-Contrastive-VAE,scSMD,LSE_trajectory_directionality,12,-0.415798,0,12,1.0,No,-1.0,large
Pure-Contrastive-VAE,scSMD,LSE_noise_resilience,12,-0.714485,0,12,1.0,No,-1.0,large
Pure-Contrastive-VAE,scSMD,DREX_overall_quality,12,-0.193302,0,12,1.0,No,-1.0,large
Pure-Contrastive-VAE,scSMD,DREX_trustworthiness,12,-0.134856,0,12,1.0,No,-1.0,large
Pure-Contrastive-VAE,scSMD,DREX_continuity,12,-0.16818,0,12,1.0,No,-1.0,large
Pure-Contrastive-VAE,scSMD,DREX_distance_spearman,12,-0.409143,0,12,1.0,No,-1.0,large
Pure-Contrastive-VAE,scSMD,DREX_distance_pearson,12,-0.308797,0,12,1.0,No,-0.875,large
Pure-Contrastive-VAE,scSMD,DREX_local_scale_quality,12,0.012682,9,3,0.003418,Yes,0.6389,large
Pure-Contrastive-VAE,scSMD,DREX_neighborhood_symmetry,12,-0.151518,0,12,1.0,No,-1.0,large
Pure-Contrastive-VAE,scSMD,LSEX_overall_quality,12,-0.018109,2,10,0.945068,No,-0.5556,large
Pure-Contrastive-VAE,scSMD,LSEX_two_hop_connectivity,12,0.022885,11,1,0.000732,Yes,0.8611,large
Pure-Contrastive-VAE,scSMD,LSEX_radial_concentration,12,-0.066429,2,10,0.924316,No,-0.5694,large
Pure-Contrastive-VAE,scSMD,LSEX_local_curvature,12,-0.030798,1,11,0.998779,No,-0.7222,large
Pure-Contrastive-VAE,scSMD,LSEX_entropy_stability,12,0.001906,11,1,0.010498,Yes,0.5,large
Pure-Contrastive-VAE,scSMD,SecPerEpoch,0,0.0,0,0,,No,-0.0,negligible
Pure-Contrastive-VAE,scSMD,PeakGPU_MB,0,0.0,0,0,,No,-0.0,negligible
Pure-Contrastive-VAE,scSMD,NumParams,0,0.0,0,0,,No,-0.0,negligible
Pure-Contrastive-VAE,scDiffusion,NMI,12,0.267695,12,0,0.000244,Yes,0.8472,large
Pure-Contrastive-VAE,scDiffusion,ARI,12,0.14705,12,0,0.000244,Yes,0.9444,large
Pure-Contrastive-VAE,scDiffusion,ASW,12,0.079973,11,1,0.000732,Yes,0.9583,large
Pure-Contrastive-VAE,scDiffusion,DAV,12,0.318831,12,0,0.000244,Yes,0.9861,large
Pure-Contrastive-VAE,scDiffusion,CAL,12,40.259014,10,2,0.003418,Yes,0.6806,large
Pure-Contrastive-VAE,scDiffusion,COR,12,1.166182,12,0,0.000244,Yes,1.0,large
Pure-Contrastive-VAE,scDiffusion,DRE_umap_overall_quality,12,-0.021819,4,8,0.788086,No,-0.2083,small
Pure-Contrastive-VAE,scDiffusion,DRE_umap_distance_correlation,12,-0.086317,3,9,0.968018,No,-0.4861,large
Pure-Contrastive-VAE,scDiffusion,DRE_umap_Q_local,12,0.051426,10,2,0.031982,Yes,0.5417,large
Pure-Contrastive-VAE,scDiffusion,DRE_umap_Q_global,12,-0.030568,4,8,0.935303,No,-0.3889,medium
Pure-Contrastive-VAE,scDiffusion,DRE_tsne_overall_quality,12,0.017283,8,4,0.259277,No,0.25,small
Pure-Contrastive-VAE,scDiffusion,DRE_tsne_distance_correlation,12,-0.050739,4,8,0.911865,No,-0.3333,medium
Pure-Contrastive-VAE,scDiffusion,DRE_tsne_Q_local,12,0.094019,10,2,0.002441,Yes,0.7778,large
Pure-Contrastive-VAE,scDiffusion,DRE_tsne_Q_global,12,0.008568,8,4,0.338623,No,0.2639,small
Pure-Contrastive-VAE,scDiffusion,LSE_overall_quality,12,0.003035,8,4,0.454834,No,0.3056,small
Pure-Contrastive-VAE,scDiffusion,LSE_core_quality,12,0.010186,9,3,0.133057,No,0.4306,medium
Pure-Contrastive-VAE,scDiffusion,LSE_manifold_dimensionality,12,0.003243,7,5,0.395508,No,0.0972,negligible
Pure-Contrastive-VAE,scDiffusion,LSE_spectral_decay_rate,12,0.060577,9,3,0.006104,Yes,0.6389,large
Pure-Contrastive-VAE,scDiffusion,LSE_participation_ratio,12,-0.022979,4,8,0.866943,No,-0.0556,negligible
Pure-Contrastive-VAE,scDiffusion,LSE_anisotropy_score,12,9.8e-05,4,8,0.661377,No,-0.1806,small
Pure-Contrastive-VAE,scDiffusion,LSE_trajectory_directionality,12,-0.003289,7,5,0.454834,No,0.0139,negligible
Pure-Contrastive-VAE,scDiffusion,LSE_noise_resilience,12,-0.000131,7,5,0.484863,No,0.0972,negligible
Pure-Contrastive-VAE,scDiffusion,DREX_overall_quality,12,-0.146713,0,12,1.0,No,-0.9722,large
Pure-Contrastive-VAE,scDiffusion,DREX_trustworthiness,12,-0.0739,2,10,0.999268,No,-0.8056,large
Pure-Contrastive-VAE,scDiffusion,DREX_continuity,12,-0.127294,0,12,1.0,No,-0.9583,large
Pure-Contrastive-VAE,scDiffusion,DREX_distance_spearman,12,-0.298338,0,12,1.0,No,-0.9722,large
Pure-Contrastive-VAE,scDiffusion,DREX_distance_pearson,12,-0.317453,0,12,1.0,No,-0.9722,large
Pure-Contrastive-VAE,scDiffusion,DREX_local_scale_quality,12,0.037305,12,0,0.000244,Yes,1.0,large
Pure-Contrastive-VAE,scDiffusion,DREX_neighborhood_symmetry,12,-0.100597,0,12,1.0,No,-0.9167,large
Pure-Contrastive-VAE,scDiffusion,LSEX_overall_quality,12,0.026307,12,0,0.000244,Yes,0.875,large
Pure-Contrastive-VAE,scDiffusion,LSEX_two_hop_connectivity,12,-0.039787,1,11,0.999756,No,-0.9722,large
Pure-Contrastive-VAE,scDiffusion,LSEX_radial_concentration,12,0.111817,11,1,0.000488,Yes,0.9306,large
Pure-Contrastive-VAE,scDiffusion,LSEX_local_curvature,12,0.036875,12,0,0.000244,Yes,1.0,large
Pure-Contrastive-VAE,scDiffusion,LSEX_entropy_stability,12,-0.003676,0,12,1.0,No,-1.0,large
Pure-Contrastive-VAE,scDiffusion,SecPerEpoch,0,0.0,0,0,,No,-0.0,negligible
Pure-Contrastive-VAE,scDiffusion,PeakGPU_MB,0,0.0,0,0,,No,-0.0,negligible
Pure-Contrastive-VAE,scDiffusion,NumParams,0,0.0,0,0,,No,-0.0,negligible
Pure-Contrastive-VAE,CellBLAST,NMI,12,0.246219,12,0,0.000244,Yes,0.8472,large
Pure-Contrastive-VAE,CellBLAST,ARI,12,0.131185,12,0,0.000244,Yes,0.8889,large
Pure-Contrastive-VAE,CellBLAST,ASW,12,0.150003,12,0,0.000244,Yes,1.0,large
Pure-Contrastive-VAE,CellBLAST,DAV,12,0.77377,12,0,0.000244,Yes,1.0,large
Pure-Contrastive-VAE,CellBLAST,CAL,12,89.933449,12,0,0.000244,Yes,1.0,large
Pure-Contrastive-VAE,CellBLAST,COR,12,2.103498,12,0,0.000244,Yes,1.0,large
Pure-Contrastive-VAE,CellBLAST,DRE_umap_overall_quality,12,0.143978,12,0,0.000244,Yes,1.0,large
Pure-Contrastive-VAE,CellBLAST,DRE_umap_distance_correlation,12,0.160026,12,0,0.000244,Yes,0.9028,large
Pure-Contrastive-VAE,CellBLAST,DRE_umap_Q_local,12,0.207076,12,0,0.000244,Yes,1.0,large
Pure-Contrastive-VAE,CellBLAST,DRE_umap_Q_global,12,0.064832,11,1,0.000488,Yes,0.9306,large
Pure-Contrastive-VAE,CellBLAST,DRE_tsne_overall_quality,12,0.170548,12,0,0.000244,Yes,1.0,large
Pure-Contrastive-VAE,CellBLAST,DRE_tsne_distance_correlation,12,0.151261,11,1,0.000488,Yes,0.9722,large
Pure-Contrastive-VAE,CellBLAST,DRE_tsne_Q_local,12,0.254976,12,0,0.000244,Yes,1.0,large
Pure-Contrastive-VAE,CellBLAST,DRE_tsne_Q_global,12,0.105406,12,0,0.000244,Yes,1.0,large
Pure-Contrastive-VAE,CellBLAST,LSE_overall_quality,12,0.03636,7,5,0.150635,No,0.2222,small
Pure-Contrastive-VAE,CellBLAST,LSE_core_quality,12,-0.034065,2,10,0.898193,No,-0.6389,large
Pure-Contrastive-VAE,CellBLAST,LSE_manifold_dimensionality,12,0.132962,12,0,0.000244,Yes,1.0,large
Pure-Contrastive-VAE,CellBLAST,LSE_spectral_decay_rate,12,0.228275,12,0,0.000244,Yes,1.0,large
Pure-Contrastive-VAE,CellBLAST,LSE_participation_ratio,12,-0.265361,2,10,0.998291,No,-0.7222,large
Pure-Contrastive-VAE,CellBLAST,LSE_anisotropy_score,12,0.232134,10,2,0.02124,Yes,0.6667,large
Pure-Contrastive-VAE,CellBLAST,LSE_trajectory_directionality,12,0.206801,11,1,0.000488,Yes,0.9861,large
Pure-Contrastive-VAE,CellBLAST,LSE_noise_resilience,12,0.208082,12,0,0.000244,Yes,1.0,large
Pure-Contrastive-VAE,CellBLAST,DREX_overall_quality,12,-0.017026,4,8,0.911865,No,-0.2639,small
Pure-Contrastive-VAE,CellBLAST,DREX_trustworthiness,12,0.033265,9,3,0.038574,Yes,0.4028,medium
Pure-Contrastive-VAE,CellBLAST,DREX_continuity,12,-0.052046,3,9,0.993896,No,-0.5556,large
Pure-Contrastive-VAE,CellBLAST,DREX_distance_spearman,12,-0.050333,3,9,0.973877,No,-0.3611,medium
Pure-Contrastive-VAE,CellBLAST,DREX_distance_pearson,12,-0.082473,3,9,0.993896,No,-0.5,large
Pure-Contrastive-VAE,CellBLAST,DREX_local_scale_quality,12,0.058823,12,0,0.000244,Yes,1.0,large
Pure-Contrastive-VAE,CellBLAST,DREX_neighborhood_symmetry,12,-0.00939,5,7,0.715332,No,-0.1806,small
Pure-Contrastive-VAE,CellBLAST,LSEX_overall_quality,12,0.031932,12,0,0.000244,Yes,0.9444,large
Pure-Contrastive-VAE,CellBLAST,LSEX_two_hop_connectivity,12,-0.082621,0,12,1.0,No,-1.0,large
Pure-Contrastive-VAE,CellBLAST,LSEX_radial_concentration,12,0.157829,12,0,0.000244,Yes,0.9861,large
Pure-Contrastive-VAE,CellBLAST,LSEX_local_curvature,12,0.0572,12,0,0.000244,Yes,1.0,large
Pure-Contrastive-VAE,CellBLAST,LSEX_entropy_stability,12,-0.004679,0,12,1.0,No,-1.0,large
Pure-Contrastive-VAE,CellBLAST,SecPerEpoch,0,0.0,0,0,,No,-0.0,negligible
Pure-Contrastive-VAE,CellBLAST,PeakGPU_MB,0,0.0,0,0,,No,-0.0,negligible
Pure-Contrastive-VAE,CellBLAST,NumParams,0,0.0,0,0,,No,-0.0,negligible
Pure-Contrastive-VAE,SCALEX,NMI,12,0.267802,12,0,0.000244,Yes,0.8611,large
Pure-Contrastive-VAE,SCALEX,ARI,12,0.122416,11,1,0.004639,Yes,0.75,large
Pure-Contrastive-VAE,SCALEX,ASW,12,0.164831,12,0,0.000244,Yes,1.0,large
Pure-Contrastive-VAE,SCALEX,DAV,12,0.772098,12,0,0.000244,Yes,1.0,large
Pure-Contrastive-VAE,SCALEX,CAL,12,96.211496,12,0,0.000244,Yes,1.0,large
Pure-Contrastive-VAE,SCALEX,COR,12,2.344108,12,0,0.000244,Yes,1.0,large
Pure-Contrastive-VAE,SCALEX,DRE_umap_overall_quality,12,0.241603,12,0,0.000244,Yes,1.0,large
Pure-Contrastive-VAE,SCALEX,DRE_umap_distance_correlation,12,0.33286,12,0,0.000244,Yes,1.0,large
Pure-Contrastive-VAE,SCALEX,DRE_umap_Q_local,12,0.267879,12,0,0.000244,Yes,1.0,large
Pure-Contrastive-VAE,SCALEX,DRE_umap_Q_global,12,0.124071,12,0,0.000244,Yes,1.0,large
Pure-Contrastive-VAE,SCALEX,DRE_tsne_overall_quality,12,0.220065,12,0,0.000244,Yes,1.0,large
Pure-Contrastive-VAE,SCALEX,DRE_tsne_distance_correlation,12,0.213971,12,0,0.000244,Yes,1.0,large
Pure-Contrastive-VAE,SCALEX,DRE_tsne_Q_local,12,0.302346,12,0,0.000244,Yes,1.0,large
Pure-Contrastive-VAE,SCALEX,DRE_tsne_Q_global,12,0.143878,12,0,0.000244,Yes,1.0,large
Pure-Contrastive-VAE,SCALEX,LSE_overall_quality,12,0.046731,6,6,0.338623,No,0.0556,negligible
Pure-Contrastive-VAE,SCALEX,LSE_core_quality,12,-0.029422,2,10,0.898193,No,-0.6667,large
Pure-Contrastive-VAE,SCALEX,LSE_manifold_dimensionality,12,0.234093,12,0,0.000244,Yes,1.0,large
Pure-Contrastive-VAE,SCALEX,LSE_spectral_decay_rate,12,0.270106,12,0,0.000244,Yes,1.0,large
Pure-Contrastive-VAE,SCALEX,LSE_participation_ratio,12,-0.347569,2,10,0.993896,No,-0.6667,large
Pure-Contrastive-VAE,SCALEX,LSE_anisotropy_score,12,0.274316,10,2,0.02124,Yes,0.6667,large
Pure-Contrastive-VAE,SCALEX,LSE_trajectory_directionality,12,0.290093,12,0,0.000244,Yes,1.0,large
Pure-Contrastive-VAE,SCALEX,LSE_noise_resilience,12,0.231139,12,0,0.000244,Yes,1.0,large
Pure-Contrastive-VAE,SCALEX,DREX_overall_quality,12,0.067447,10,2,0.001221,Yes,0.9028,large
Pure-Contrastive-VAE,SCALEX,DREX_trustworthiness,12,0.08467,11,1,0.000488,Yes,0.8472,large
Pure-Contrastive-VAE,SCALEX,DREX_continuity,12,-0.012871,5,7,0.740723,No,-0.1528,small
Pure-Contrastive-VAE,SCALEX,DREX_distance_spearman,12,0.123686,11,1,0.001709,Yes,0.8056,large
Pure-Contrastive-VAE,SCALEX,DREX_distance_pearson,12,0.109561,11,1,0.001709,Yes,0.7222,large
Pure-Contrastive-VAE,SCALEX,DREX_local_scale_quality,12,0.063735,12,0,0.000244,Yes,1.0,large
Pure-Contrastive-VAE,SCALEX,DREX_neighborhood_symmetry,12,0.0359,10,2,0.010498,Yes,0.5556,large
Pure-Contrastive-VAE,SCALEX,LSEX_overall_quality,12,0.019894,10,2,0.006104,Yes,0.7083,large
Pure-Contrastive-VAE,SCALEX,LSEX_two_hop_connectivity,12,-0.083387,0,12,1.0,No,-1.0,large
Pure-Contrastive-VAE,SCALEX,LSEX_radial_concentration,12,0.110039,11,1,0.001221,Yes,0.8333,large
Pure-Contrastive-VAE,SCALEX,LSEX_local_curvature,12,0.057621,12,0,0.000244,Yes,1.0,large
Pure-Contrastive-VAE,SCALEX,LSEX_entropy_stability,12,-0.004698,0,12,1.0,No,-1.0,large
Pure-Contrastive-VAE,SCALEX,SecPerEpoch,0,0.0,0,0,,No,-0.0,negligible
Pure-Contrastive-VAE,SCALEX,PeakGPU_MB,0,0.0,0,0,,No,-0.0,negligible
Pure-Contrastive-VAE,SCALEX,NumParams,0,0.0,0,0,,No,-0.0,negligible
Pure-Contrastive-VAE,GMVAE,NMI,12,0.273739,12,0,0.000244,Yes,0.875,large
Pure-Contrastive-VAE,GMVAE,ARI,12,0.149457,12,0,0.000244,Yes,0.9306,large
Pure-Contrastive-VAE,GMVAE,ASW,12,0.1895,12,0,0.000244,Yes,1.0,large
Pure-Contrastive-VAE,GMVAE,DAV,12,1.58198,12,0,0.000244,Yes,1.0,large
Pure-Contrastive-VAE,GMVAE,CAL,12,108.170515,12,0,0.000244,Yes,1.0,large
Pure-Contrastive-VAE,GMVAE,COR,12,2.367227,12,0,0.000244,Yes,1.0,large
Pure-Contrastive-VAE,GMVAE,DRE_umap_overall_quality,12,0.333171,12,0,0.000244,Yes,1.0,large
Pure-Contrastive-VAE,GMVAE,DRE_umap_distance_correlation,12,0.466156,12,0,0.000244,Yes,1.0,large
Pure-Contrastive-VAE,GMVAE,DRE_umap_Q_local,12,0.351215,12,0,0.000244,Yes,1.0,large
Pure-Contrastive-VAE,GMVAE,DRE_umap_Q_global,12,0.182144,12,0,0.000244,Yes,1.0,large
Pure-Contrastive-VAE,GMVAE,DRE_tsne_overall_quality,12,0.308182,12,0,0.000244,Yes,1.0,large
Pure-Contrastive-VAE,GMVAE,DRE_tsne_distance_correlation,12,0.363577,12,0,0.000244,Yes,1.0,large
Pure-Contrastive-VAE,GMVAE,DRE_tsne_Q_local,12,0.362084,12,0,0.000244,Yes,1.0,large
Pure-Contrastive-VAE,GMVAE,DRE_tsne_Q_global,12,0.198885,12,0,0.000244,Yes,1.0,large
Pure-Contrastive-VAE,GMVAE,LSE_overall_quality,12,0.065461,8,4,0.064697,No,0.2222,small
Pure-Contrastive-VAE,GMVAE,LSE_core_quality,12,-0.019442,2,10,0.898193,No,-0.6667,large
Pure-Contrastive-VAE,GMVAE,LSE_manifold_dimensionality,12,0.315704,12,0,0.000244,Yes,1.0,large
Pure-Contrastive-VAE,GMVAE,LSE_spectral_decay_rate,12,0.323059,12,0,0.000244,Yes,1.0,large
Pure-Contrastive-VAE,GMVAE,LSE_participation_ratio,12,-0.405691,2,10,0.996582,No,-0.6667,large
Pure-Contrastive-VAE,GMVAE,LSE_anisotropy_score,12,0.310841,10,2,0.01709,Yes,0.6667,large
Pure-Contrastive-VAE,GMVAE,LSE_trajectory_directionality,12,0.388999,12,0,0.000244,Yes,1.0,large
Pure-Contrastive-VAE,GMVAE,LSE_noise_resilience,12,0.261328,12,0,0.000244,Yes,1.0,large
Pure-Contrastive-VAE,GMVAE,DREX_overall_quality,12,0.15315,12,0,0.000244,Yes,1.0,large
Pure-Contrastive-VAE,GMVAE,DREX_trustworthiness,12,0.151092,12,0,0.000244,Yes,1.0,large
Pure-Contrastive-VAE,GMVAE,DREX_continuity,12,0.075649,11,1,0.000732,Yes,0.8333,large
Pure-Contrastive-VAE,GMVAE,DREX_distance_spearman,12,0.257883,12,0,0.000244,Yes,1.0,large
Pure-Contrastive-VAE,GMVAE,DREX_distance_pearson,12,0.237284,12,0,0.000244,Yes,1.0,large
Pure-Contrastive-VAE,GMVAE,DREX_local_scale_quality,12,0.083619,12,0,0.000244,Yes,1.0,large
Pure-Contrastive-VAE,GMVAE,DREX_neighborhood_symmetry,12,0.113371,12,0,0.000244,Yes,0.9861,large
Pure-Contrastive-VAE,GMVAE,LSEX_overall_quality,12,0.045968,12,0,0.000244,Yes,1.0,large
Pure-Contrastive-VAE,GMVAE,LSEX_two_hop_connectivity,12,-0.139793,0,12,1.0,No,-1.0,large
Pure-Contrastive-VAE,GMVAE,LSEX_radial_concentration,12,0.250505,12,0,0.000244,Yes,1.0,large
Pure-Contrastive-VAE,GMVAE,LSEX_local_curvature,12,0.078625,12,0,0.000244,Yes,1.0,large
Pure-Contrastive-VAE,GMVAE,LSEX_entropy_stability,12,-0.005464,0,12,1.0,No,-1.0,large
Pure-Contrastive-VAE,GMVAE,SecPerEpoch,0,0.0,0,0,,No,-0.0,negligible
Pure-Contrastive-VAE,GMVAE,PeakGPU_MB,0,0.0,0,0,,No,-0.0,negligible
Pure-Contrastive-VAE,GMVAE,NumParams,0,0.0,0,0,,No,-0.0,negligible
