Model,DRE_distance_correlation,DRE_Q_local,DRE_Q_global,DRE_K_max,DRE_overall_quality,LSE_manifold_dimensionality,LSE_spectral_decay_rate,LSE_participation_ratio,LSE_anisotropy_score,LSE_trajectory_directionality,LSE_noise_resilience,LSE_core_quality,LSE_overall_quality,DREX_trustworthiness,DREX_continuity,DREX_distance_spearman,DREX_distance_pearson,DREX_local_scale_quality,DREX_neighborhood_symmetry,DREX_overall_quality,LSEX_two_hop_connectivity,LSEX_radial_concentration_quality,LSEX_local_curvature_linearity,LSEX_neighbor_entropy_stability,LSEX_overall_quality,eval_time_sec
Pure-AE,0.656953,0.371064,0.767401,77,0.598473,0.368926,0.409476,0.214272,0.154280,0.203352,0.059192,0.286739,0.216213,0.849095,0.890141,0.654656,0.635204,0.911259,0.869618,0.801662,0.159649,0.571619,0.602205,0.997763,0.582809,0.420000
Pure-Transformer-AE,0.531190,0.349848,0.726452,68,0.535830,0.463901,0.425335,0.312855,0.190444,0.221558,0.072144,0.348134,0.254963,0.838308,0.870082,0.528051,0.502659,0.902091,0.854195,0.749231,0.147167,0.489873,0.603026,0.997262,0.559332,0.390000
Pure-Contrastive-AE,0.553746,0.325955,0.729556,72,0.536419,0.503748,0.473222,0.464970,0.263054,0.315991,0.112997,0.426248,0.330521,0.826281,0.853922,0.550757,0.529306,0.899479,0.840102,0.749975,0.130171,0.629715,0.613838,0.997453,0.592794,0.380000
DPMM-Base,0.527908,0.294725,0.702889,70,0.508507,0.827558,0.755756,0.840508,0.738511,0.774704,1.000000,0.790583,0.827703,0.801377,0.814340,0.524747,0.712215,0.827573,0.807858,0.748018,0.102054,0.893517,0.660298,0.992086,0.661989,0.370000
DPMM-Contrastive,0.147469,0.219859,0.631158,46,0.332829,0.702363,0.536803,0.624971,0.433876,0.354078,0.187237,0.574503,0.430923,0.762639,0.722683,0.141760,0.142120,0.819794,0.742661,0.555276,0.098911,0.790432,0.687448,0.990474,0.641816,0.380000
DPMM-Transformer,0.169350,0.299103,0.670876,68,0.379776,0.773408,0.577926,0.088246,0.486123,0.957758,1.000000,0.481426,0.728040,0.797652,0.834468,0.163787,0.112343,0.859171,0.816060,0.597247,0.118659,0.553309,0.622557,0.996185,0.572677,0.380000
