Model,DRE_distance_correlation,DRE_Q_local,DRE_Q_global,DRE_K_max,DRE_overall_quality,LSE_manifold_dimensionality,LSE_spectral_decay_rate,LSE_participation_ratio,LSE_anisotropy_score,LSE_trajectory_directionality,LSE_noise_resilience,LSE_core_quality,LSE_overall_quality,DREX_trustworthiness,DREX_continuity,DREX_distance_spearman,DREX_distance_pearson,DREX_local_scale_quality,DREX_neighborhood_symmetry,DREX_overall_quality,LSEX_two_hop_connectivity,LSEX_radial_concentration_quality,LSEX_local_curvature_linearity,LSEX_neighbor_entropy_stability,LSEX_overall_quality,eval_time_sec
Pure-VAE,0.569289,0.240353,0.704205,80,0.504616,0.634356,0.560015,0.704572,0.391992,0.524164,0.316205,0.572734,0.506857,0.728208,0.765603,0.566405,0.673655,0.924294,0.746906,0.734178,0.164776,0.875708,0.592890,0.998539,0.657978,0.370000
Pure-Transformer-VAE,0.524638,0.259343,0.712190,86,0.498724,0.749871,0.644653,0.801880,0.487808,0.695780,0.431402,0.671053,0.630541,0.733344,0.769085,0.521455,0.541272,0.911134,0.751214,0.704584,0.155917,0.716509,0.601611,0.998258,0.618074,0.370000
Pure-Contrastive-VAE,0.620342,0.289033,0.744047,101,0.551140,0.671606,0.606540,0.768256,0.434076,0.638563,0.309626,0.620120,0.563554,0.742733,0.789102,0.617799,0.720054,0.920878,0.765918,0.759414,0.158896,0.858119,0.593704,0.998329,0.652262,0.380000
Topic-Base,0.538610,0.226748,0.690423,69,0.485260,0.679739,0.704445,0.677105,0.707912,0.476794,0.275853,0.692300,0.544359,0.731714,0.748219,0.535520,0.640764,0.822057,0.739967,0.703040,0.115991,0.900553,0.640501,0.992629,0.662418,0.370000
Topic-Contrastive,0.619104,0.298122,0.716250,69,0.544492,0.761162,0.808661,0.844098,0.645269,0.837860,1.000000,0.764797,0.833757,0.801108,0.816997,0.616554,0.721190,0.851000,0.809053,0.769317,0.109755,0.795950,0.679075,0.990295,0.643769,0.370000
Topic-Transformer,0.558449,0.272739,0.707698,78,0.512962,0.734484,0.793868,0.797221,0.736988,0.707648,1.000000,0.765640,0.795114,0.766384,0.736124,0.555493,0.648907,0.762147,0.751254,0.703385,0.091764,0.836408,0.727003,0.982223,0.659349,0.380000
